numero,votos_nominais,situacao,nome,nome_urna,sexo,data_nasc,destino_voto,numero_partido
11357,6,Suplente,ELIZANGELA SOUZA DA SILVA,ELIZANGELA SOUZA DA SILVA,F,27/08/1992,Válido,11
11999,338,Eleito,OSVALDO SGULMARO,OSVALDO SGULMARO,M,15/04/1964,Válido,11
11123,301,Suplente,CRISTIANO GRILLO,CRISTIANO GRILLO,M,11/07/1964,Válido,11
11000,288,Suplente,FRANCISCO DE ASSIS JOSÉ DOS SANTOS,ASSIS SANTOS,M,26/05/1968,Válido,11
11111,10,Suplente,AMÉLIA DUARTE BEZERRA,AMÉLIA DUARTE BEZERRA,F,08/07/1956,Válido,11
11555,8,Suplente,LUIZA APARECIDA BONIFACIO,LUIZA BONIFACIO,F,05/09/1970,Válido,11
14777,15,Suplente,MARIA LUCIA GOMES TEIXEIRA,MARIA LÚCIA,F,11/11/1968,Válido,14
14455,62,Suplente,MIGUEL ANTONIO MARTINS CLEN,MIGUEL CLEN,M,31/03/1966,Válido,14
14555,121,Suplente,LUIZ GONZAGA CIBIN,LUIZ CIBIN,M,08/10/1960,Válido,14
14444,61,Suplente,ZALUAR IGREJA ROSA DA SILVA,ZALUAR IGREJA,M,03/11/1975,Válido,14
14456,116,Suplente,MARCOS ANTONIO SOARES DOS SANTOS,NEGUINHO,M,19/11/1972,Válido,14
14300,104,Suplente,ANDRE ALMONFREY ORLANDI,ANDRÉ ORLANDI,M,03/10/1982,Válido,14
14888,8,Suplente,ANTONIETA PETRI DE ALMEIDA,ANTONIETA PETRI,F,07/07/1956,Válido,14
14222,301,Suplente,JOSIMAR PIUMBINI,JOSIMAR PIUMBINI,M,27/09/1989,Válido,14
14400,3,Suplente,JORGE PEDRO FIORIN,JORGE FIORIN,M,05/10/1961,Válido,14
14123,345,Eleito,HUGO LUIZ PICOLI MENEGHEL,HUGO LUIZ,M,03/01/1999,Válido,14
14000,168,Suplente,VALENTIM CARDOSO,VALENTIM CARDOSO,M,05/02/1962,Válido,14
14789,3,Suplente,SARAH ALVES DE OLIVEIRA,SARAH ALVES,F,29/03/1985,Válido,14
14999,46,Suplente,HELENA MARIA FIORIN FAVERO,LENA FIORIN,F,02/08/1952,Válido,14
45369,13,Suplente,DORLEI BRANDY NASCIMENTO,DORLEI,F,22/11/1968,Válido,45
45321,62,Suplente,VALDIRENE BRANDÃO ANDRADE SÓRIO,VALDIRENE BRANDÃO,F,04/01/1968,Válido,45
45100,347,Eleito,SERGIO BIANCHI,SERGIO BIANCHI,M,07/01/1962,Válido,45
45888,4,Suplente,CARLOS ALBERTO FRANÇA,FRANÇA,M,08/10/1970,Válido,45
45436,31,Suplente,PAULO RITA DE SOUZA,PAULINHO MECANICO,M,22/05/1956,Válido,45
45255,76,Suplente,RAYANE TOMAZINI BRESSANELLI,PROFESSORA RAYANE,F,05/09/1984,Válido,45
45333,45,Suplente,DIEYSON GONÇALVES DA ROSA,DYESON  DOS CAVALOS,M,28/06/1988,Válido,45
45789,138,Suplente,JUSCELINO SERAFIN,JUSCELINO SERAFIN,M,12/05/1964,Válido,45
45678,69,Suplente,ADIMAR DE SOUZA MEDINA,MINEIRO,M,30/01/1974,Válido,45
45123,68,Suplente,ORLY PEREIRA,LILI,F,04/12/1961,Válido,45
45777,35,Suplente,GUILHERME CARLOS CETTO VITOR,GUILHERME CETTO,M,19/06/1966,Válido,45
45222,32,Suplente,OSNEIA JOSE ALVES CARDOSO,OSNEIA,F,22/04/1964,Válido,45
45666,17,Suplente,PETRONIO LOUSADA,PETRONIO,M,12/10/1964,Válido,45
45000,286,Suplente,JONAS NUNES SIMÕES,JONAS DO RAIO X,M,30/10/1952,Válido,45
40456,437,Eleito,SERAFINO ANTONIO SIMONI,SERAFINO SIMONI,M,22/05/1962,Válido,40
40000,533,Eleito,NILTON CESAR BELMOK,NILTON BELMOK,M,24/10/1971,Válido,40
40123,100,Suplente,CLEOMIR GOBBI BUBACK,CLEOMIR BUBACK,M,14/04/1950,Válido,40
40333,115,Suplente,JAQUELINE FRANZOTTI DA SILVA,JAQUELINE FRANZOTTI,F,08/06/1968,Válido,40
40222,38,Suplente,ROSANA MARIA CARDOSO TAVARES,ROSANA TAVARES,F,28/09/1978,Válido,40
40147,37,Suplente,ARLETE MARIA MOCELIM NATAL,ARLETE MOCELIN NATAL,F,27/06/1953,Válido,40
40777,184,Suplente,SERGIO DA SILVA BARROS,SERGIO BARROS,M,09/07/1970,Válido,40
40400,296,Suplente,MARCELO CRISTIANO CARDOSO FARIA,CRISTIANO POLICIAL,M,24/12/1977,Válido,40
40666,310,Suplente,DANIEL ORLANDI,DANIEL ORLANDI,M,27/06/1968,Válido,40
40111,479,Eleito,CHARLES GAIGHER,CHARLES GAIGHER,M,02/06/1966,Válido,40
40999,84,Suplente,EMILIA DAS GRAÇAS ALVES PADILHA DOMINGUES,EMILIA PADILHA,F,18/09/1963,Válido,40
40555,8,Suplente,DULCIANE BRUNORO ESTEVES,DULCIANE BRUNORO,F,23/02/1974,Válido,40
40321,239,Suplente,GILSON LUIZ BELLON,GILSON BELLON,M,16/01/1958,Válido,40
40789,382,Eleito,ADILSON JOSE ROVETA,ADILSON ROVETA,M,08/02/1972,Válido,40
51789,36,Suplente,ANTÔNIO VALDIR GOBBI BUBACK,TONINHO BUBACK,M,14/10/1948,Válido,51
51456,7,Suplente,JACINTA LUCIA SCARPARO,CINTIA SCARPARO,F,17/12/1971,Válido,51
51311,530,Eleito,NARCISO DE ABREU GRASSI,NARCIZO GRASSI,M,04/11/1953,Válido,51
51222,6,Suplente,GIANNE SMARSARO,GIANNE COSTUREIRA,F,18/10/1976,Válido,51
51000,58,Suplente,SILVANA RAMOS DA SILVA,SILVANA RAMOS,F,17/01/1971,Válido,51
51333,61,Suplente,RENATO CARDOSO,RENATO CAPOTEIRO,M,26/03/1968,Válido,51
51234,173,Suplente,LUCIANO PINON,LUCIANO PINON,M,21/01/1966,Válido,51
51111,9,Suplente,JAQUELINE GOMES DE ARAUJO,JAQUELINE DO QUINA,F,03/08/1977,Válido,51
10777,9,Suplente,GLAUCIA DOS SANTOS PEREIRA,GLAUCIA PEREIRA,F,11/09/1995,Válido,10
10333,81,Suplente,CLOVIS D'ALMEIDA FILHO,PASTOR CLOVIS,M,07/02/1954,Válido,10
10123,30,Suplente,MARIA DE LURDES BENINCA MACHADO,LURDES MACHADO,F,14/06/1980,Válido,10
10456,186,Suplente,ADHEMAR CESAR BISSOLI,CESAR BISSOLI,M,05/04/1965,Válido,10
10222,63,Suplente,FERNANDO ALVES,FERNANDO ALVES,M,29/07/1981,Válido,10
10190,161,Suplente,ROMILDO DOMINGOS BORTOLUZZI,ROMILDO POLICIAL,M,15/09/1968,Válido,10
10111,145,Suplente,RENATO VETTORACI,RENATO VETTORACI,M,18/09/1959,Válido,10
10555,126,Suplente,OTTAVIO EVANGELISTA GOMES,OTTAVIO GOMES,M,20/03/1987,Válido,10
10100,9,Suplente,MATHIAS FERREIRA JUNIOR,MATHIAS JUNIOR,M,11/01/1981,Válido,10
10010,12,Suplente,DAYARA MARCARINI BIANCHI,DAYARA,F,30/04/2001,Válido,10
10018,22,Suplente,CAMILA BRUSCHI TONON,CAMILA BRUSCHI,F,18/02/1991,Válido,10
10345,193,Eleito,ARMANDO ZANATA INGLE RIBEIRO,ZANATA,M,28/06/1994,Válido,10
10888,47,Suplente,ALCIDEMAR SILVA,CIDI DE OSCAR,M,27/10/1968,Válido,10
10000,110,Suplente,CAMILA CETTO GIORI,CAMILA CETTO,F,24/09/1986,Válido,10
