numero,votos_nominais,situacao,nome,nome_urna,sexo,data_nasc,destino_voto,numero_partido
27777,43,Não eleito,ESTELA PONTES MATOS ABREU,ESTELA ABREU,F,19/07/1973,Válido,27
27190,94,Não eleito,ANGELO PILON NETO,CABO PILON,M,15/09/1963,Válido,27
27090,62,Não eleito,MATHEUS DOS SANTOS ROSA,MATHEUS SANTOS,M,20/09/1995,Válido,27
27900,6,Não eleito,ROBERTA PEREIRA LIRIO,ROBERTA LIRIO,F,16/10/1978,Válido,27
27000,49,Não eleito,JOSÉ CONCEIÇÃO DE MORAES JUNIOR,JÚNIOR MORAES,M,04/08/1975,Válido,27
27888,73,Não eleito,MARCELO DE JESUS,BATORÉ DO TÁXI,M,27/09/1973,Válido,27
27789,20,Não eleito,ANDERSON JESUS LOIOLA,ANDERSON DA AUTOESCOLA,M,19/12/1986,Válido,27
27333,21,Não eleito,VICENTE PAULO PARIS ROSA,VICENTE DO CHURRASQUINHO,M,10/04/1954,Válido,27
15100,35,Não eleito,MANOEL LUIZ SENA REIS,MANOEL SENNA REIS,M,17/09/1960,Válido,15
15135,30,Não eleito,ANEZIO FRANCISCO FIGUEIRÓ,ANEZIO FIGUEIRO,M,25/01/1955,Válido,15
15321,52,Não eleito,ELIANE VENTURA DA SILVA,ELIANE VENTURA,F,08/05/1983,Válido,15
15555,60,Não eleito,FERNANDO TENNIS,FERNANDO TENNIS,M,26/02/1983,Válido,15
15010,194,Não eleito,JOSÉ ANTÔNIO VICTOR DE OLIVEIRA,JOSÉ ANTÔNIO BOMBEIRO,M,19/02/1971,Válido,15
15551,41,Não eleito,CLÁUDIO DE CAMPOS COSTA,CLÁUDIO DE CAMPOS COSTA,M,12/02/1984,Válido,15
15155,19,Não eleito,EDIEL GOMES PINHEIRO,EDIEL,M,29/03/1958,Válido,15
15620,131,Não eleito,ADAIR CORREA,MICHEL,M,22/05/1953,Válido,15
15333,11,Não eleito,DANIELE DA SILVA,DANIELE DA SILVA,F,19/12/1988,Válido,15
15447,34,Não eleito,LUZIA MARGARETE MACHADO,MARGARETE MACHADO,F,27/12/1963,Válido,15
15007,33,Não eleito,ROBERTO FERREIRA POVOA,ROBERTO POVOA,M,18/08/1968,Válido,15
15777,30,Não eleito,CARLOS EDUARDO BARROSO BITTENCOURT,BARROSO DO LAVADOR,M,04/03/1972,Válido,15
15140,3,Não eleito,MARCOS ANTÔNIO BERNARDO CORREA,MARCOS ANTÔNIO BERNARDO CORREA,M,06/11/1982,Válido,15
15300,15,Não eleito,JOÃO ALEXANDRE SOBRINHO,JOÃO ALEXANDRE SOBRINHO,M,24/04/1953,Válido,15
15600,61,Não eleito,BARBARA PIRES AMARAL,BARBARA PIRES,F,07/12/1993,Válido,15
15111,34,Não eleito,PAULO QUINTINO DO SENA,PAULO QUINTINO DO SENA,M,19/10/1973,Válido,15
15650,8,Não eleito,RENATA FIORIO,RENATA,F,31/01/1979,Válido,15
15500,22,Não eleito,JACQUELINE DIAS RODRIGUES,JACQUELINE,F,02/05/1974,Válido,15
15678,60,Não eleito,ADAHIR RAYMUNDO DE OLIVEIRA,ADAIL ,M,15/08/1938,Válido,15
15900,286,Não eleito,JULIO CESAR FERRARE CECOTTI,JULIO FERRARI,M,02/01/1968,Válido,15
15656,35,Não eleito,MARIA CELESTE CIPRIANO NEVES,CELESTE DO BNH,F,01/06/1951,Válido,15
15123,61,Não eleito,MELCHISEDECK DA SILVA RIBEIRO,MELCK RIBEIRO,M,08/08/1969,Válido,15
15789,366,Não eleito,ANTÔNIO HENRIQUE MARTINELLI VIDAL,MARTINELLI,M,13/06/1963,Válido,15
15430,65,Não eleito,GUILHERME DA SILVA MOURA,GUILHERME MOURA,M,23/04/1977,Válido,15
15000,70,Não eleito,CARLOS ALBERTO DA SILVA NASCIMENTO,CARLOS NASCIMENTO CACAU,M,19/10/1965,Válido,15
15880,24,Não eleito,ALVERINA ITELVINA FERREIRA,VERA FERREIRA,F,17/01/1980,Válido,15
11234,39,Suplente,MANOEL MESSIAS PEREIRA,MESSIAS O BAIANO DO CD,M,25/12/1965,Válido,11
11050,31,Suplente,MARCIO BERNARDO DE FREITAS,MARCINHO BORRACHEIRO,M,26/09/1977,Válido,11
11217,41,Suplente,ELENIR DA SILVA ATALAIA,ELENIR ATALAIA BILU,F,17/01/1981,Válido,11
11040,73,Suplente,FELIPE BABISKI BRAGA,CABO BABISKI,M,20/06/1985,Válido,11
11190,109,Suplente,EVANDRO LUIZ GREGGIO,2º SGT EVANDRO GREGGIO,M,16/01/1969,Válido,11
11138,56,Suplente,CLAUDIA HILÁRIO,PROTETORA CLAUDIA HILÁRIO,F,18/07/1979,Válido,11
11456,54,Suplente,JOÃO BAPTISTA MONTEIRO DE SOUZA,JOÃO BIGODE,M,11/04/1957,Válido,11
11111,526,Suplente,JOSÉ HENRIQUE DA SILVA CHAVES,HENRIQUE NEGÃO,M,15/07/1972,Válido,11
11000,729,Suplente,ANTONIO GERALDO DE ALMEIDA COSTA,ANTONIO GERALDO,M,09/05/1965,Válido,11
11567,45,Suplente,ADILSON LINO DA SILVA,ADILSON LINO,M,15/07/1976,Válido,11
11100,83,Suplente,ZULEICA MENEZES SANTOS,BU MENEZES ZULEICA DO POSTINHO,F,08/09/1986,Válido,11
11011,795,Eleito,DIOGO PEREIRA LUBE,PROFESSOR DIOGO LUBE,M,29/10/1978,Válido,11
11345,88,Suplente,ELIAS ESTEVÃO DA COSTA,MARRON CAMELÔ,M,23/07/1976,Válido,11
11500,93,Suplente,ERICA DE SOUZA GOMES,ÉRICA SOUZA,F,16/04/1986,Válido,11
11555,110,Suplente,ADEILSON EDUARDO DA CRUZ,ADEILSON CAMELÔ,M,12/08/1976,Válido,11
11012,33,Suplente,LUCIMAR MOREIRA PIMENTEL SARDINHA,LUCIMAR PIMENTEL,F,12/01/1975,Válido,11
11999,38,Suplente,GERLANE MARA DE JESUS DIAS,GERLANE MARA,F,08/07/1979,Válido,11
11300,32,Suplente,ANTONIO FRANCISCO GOMES,ANTONIO FRANCISCO CHAPISCO,M,29/04/1979,Válido,11
11123,371,Suplente,CLAYDE APARECIDA BELO DA SILVA MARIANO,PROFESSORA CLAYDE BELO,F,03/06/1971,Válido,11
11777,759,Suplente,WALLACE MARVILA FERNANDES,PROFESSOR WALLACE MARVILA,M,15/07/1979,Válido,11
11222,69,Suplente,MAGÉZICA FERREIRA FRAGA,MAGÉSICA DO MAJOR,F,05/01/1994,Válido,11
25999,46,Suplente,CLAYTON DOS SANTOS STULZER,PROFESSOR CLAYTON STULZER,M,20/11/1975,Válido,25
25973,122,Suplente,LETICIA ROZA DOS SANTOS,LETICIA FARIA,F,24/07/1991,Válido,25
25250,25,Suplente,VERONICA MOREIRA PERIN,VERONICA PERIN,F,11/04/1974,Válido,25
25700,196,Suplente,WILLIAM BARBOSA DE LIMA,WILLIAM LIMA,M,15/11/1961,Válido,25
25125,67,Suplente,GERLANE MOREIRA LOPES,GERLANE LOPES CABELEREIRA,F,08/07/1983,Válido,25
25888,113,Suplente,JEAN CARLOS ALMEIDA SIQUEIRA,JEAN SIQUEIRA,M,03/08/1989,Válido,25
25600,858,Suplente,ADAIL EDMUNDO LIMA,DR ADAIL,M,10/06/1938,Válido,25
25699,948,Suplente,LUIS GUIMARAES DE OLIVEIRA,LUISINHO TERERE,M,03/05/1960,Válido,25
25000,657,Suplente,EDSON PINHEIRO AMARAL,EDSON AMARAL,M,24/01/1959,Válido,25
25777,153,Suplente,MARIA DAS GRAÇAS PEREIRA,PROFESSORA GRAÇA,F,19/01/1969,Válido,25
25222,327,Suplente,FILIPE ANDRE DE SA CALABREZ,FILIPE CALABREZ,M,22/02/1991,Válido,25
25300,216,Suplente,VERA LUCIA DO CARMO JORGE RIBEIRO,VERA LUCIA,F,23/07/1975,Válido,25
25023,255,Suplente,LEONARDO MEDEIROS DE ASSIS,LEO MEDEIROS,M,28/02/1974,Válido,25
25444,74,Suplente,SEBASTIAO MOREIRA RAMOS,TIAO DO RX,M,04/10/1959,Válido,25
25123,1147,Eleito,ALEXANDRE VALDO MAITAN,MAITAN,M,02/06/1971,Válido,25
25645,50,Suplente,VANILDA ROSA MASTELA,VANILDA MASTELA,F,21/07/1954,Válido,25
25333,25,Suplente,ADILSON MATHIAS RAMOS,ADILSON RAMOS,M,29/05/1966,Válido,25
25100,212,Suplente,SERGIO CARLOS DE SOUZA,SAPINHO DO FUTEBOL DA VARZEA,M,10/10/1973,Válido,25
25555,721,Não eleito,MARCOS SALLES COELHO,MARCOS COELHO,M,10/04/1963,Anulado sub judice,25
25020,37,Suplente,MAURICIO DE OLIVEIRA RIBEIRO,MAURICIO CACHORRO LOUCO,M,06/12/1964,Válido,25
25025,261,Suplente,EDSON JUNIOR NICODEMOS,EDINHO,M,18/02/1982,Válido,25
25625,1,Suplente,SORAYA BRUNHARA CANUTO DE ANDRADE,SORAYA ANDRADE,F,04/11/1962,Válido,25
12222,45,Suplente,VALQUÍRIA GOMES VARIAL BRISON,VALQUÍRIA NUTRICIONISTA,F,01/03/1992,Válido,12
12112,78,Suplente,WEBERT SILVA,BIM TORNEIRO,M,01/01/1974,Válido,12
12800,296,Suplente,DÁRIO LOPES MARINHO,DÁRIO MARINHO,M,01/06/1972,Válido,12
12300,607,Suplente,VÍTOR AZEVEDO FONSECA DE ANDRADE,VÍTOR AZEVEDO,M,11/12/1982,Válido,12
12400,1016,Eleito,ARILDO TOMAZ BUCKER,ARILDO BOLEBA,M,16/04/1972,Válido,12
12012,53,Suplente,SIDINEIDA DE PAULA BRETAS DOS SANTOS,SIDINHA DO ZUMBI,F,02/05/1975,Válido,12
12077,164,Suplente,PAULA RAMOS DE ALMEIDA,PAULA RAMOS DE ALMEIDA,F,15/03/1982,Válido,12
12123,1208,Eleito,LEONARDO PINHEIRO DUTRA,LÉO CABEÇA,M,19/02/1992,Válido,12
12333,304,Não eleito,LEONARDO PACHECO PONTES,PROFESSOR LÉO,M,05/01/1974,Anulado sub judice,12
12700,289,Suplente,FABIANO FERREIRA SOARES,FABIANO,M,09/03/1978,Válido,12
12444,138,Suplente,VALÉRIO DE SOUZA AZEREDO,VALÉRIO CORRENTE,M,24/01/1979,Válido,12
12002,25,Suplente,VALCEDIR GOMES,JACU,M,22/01/1969,Válido,12
12456,42,Suplente,ANA ELI DE PAULA VIEIRA,ANA ELI ,F,08/02/1969,Válido,12
12000,269,Suplente,ELOY TORRES RIBEIRO,ELOY TORRES,M,30/06/1983,Válido,12
12111,251,Suplente,JULIÃO DE SOUZA VELASCO,JULIÃO,M,04/01/1966,Válido,12
12200,537,Suplente,JOSUÉ GARCIA,JOSUÉ GARCIA,M,07/11/1986,Válido,12
12555,406,Suplente,GENIVALDO DALMÁZIO,GENIVALDO,M,30/03/1982,Válido,12
12121,206,Suplente,REGINALDO VEIGA GOMES,DINHO,M,12/03/1968,Válido,12
12345,435,Suplente,CLAUDIA MILEIPE FESTA LEMOS,CLAUDIA LEMOS,F,27/08/1965,Válido,12
12888,17,Suplente,MARILEIA DE CASTRO LAURINDO,MARILEIA MARI,F,05/04/1974,Válido,12
12777,302,Suplente,SÉRGIO SANTOS DE ALMEIDA,SERJÃO,M,17/09/1963,Válido,12
12091,63,Suplente,ADRIANA DE AZEVEDO RODRIGUES,ADRIANA AZEVEDO,F,13/05/1974,Válido,12
12900,788,Suplente,PHILIPPE BRITTO ANGELO,PHILIPPE MELÃO,M,03/05/1991,Válido,12
90090,51,Não eleito,RENATO JOSÉ MARQUES DA SILVA ALMEIDA,ZÉ PÃO,M,09/09/1963,Válido,90
90184,92,Não eleito,RENATO LUIS DOS SANTOS,RENATO ESCAPAMENTOS,M,11/08/1954,Válido,90
90123,58,Não eleito,JOSÉ AUGUSTO BARROS GUIMARÃES,JOSÉ AUGUSTO,M,22/09/1952,Válido,90
90400,31,Não eleito,SÔNIA MARIA SABINO BIGHI,SÔNIA BIGHI,F,16/03/1952,Válido,90
90947,5,Não eleito,GEANA EVANGELISTA GUEDES QUEIROZ,GEANA GUEDES,F,31/10/1979,Válido,90
90333,78,Não eleito,ANDRÉIA LAURA GALHARTE DA SILVA,ANDRÉIA GALHARTE,F,24/09/1976,Válido,90
90100,533,Não eleito,MAYCON LINO DE ALMEIDA FIGUEIREDO,PROFESSOR MAYCON LINO,M,01/12/1988,Válido,90
90188,129,Não eleito,IVANILDO DA SILVA ALMEIDA,TIO MONTANHA,M,17/01/1975,Válido,90
90007,35,Não eleito,RENATA MILHOLO CARREIRO AVELLAR,RENATA CARREIRO,F,24/12/1974,Válido,90
90600,0,Não eleito,JOYCE DE LIMA MENDES GLÓRIA,JOYCE,F,04/10/1993,Válido,90
90000,235,Não eleito,ROMULO BRAZ BARBOSA,ROMINHO,M,17/06/1984,Válido,90
90357,77,Não eleito,SEBASTIÃO COSTA PAULISTA,TIÃO CARTOMANTE,M,30/03/1968,Válido,90
90513,2,Não eleito,ROBSON SILVA FERREIRA,ROBIM CABEÇA,M,11/05/1968,Válido,90
90002,93,Não eleito,ADERALDO DE FREITAS MOREIRA,QUEJEIRO,M,20/08/1973,Válido,90
90900,54,Não eleito,JORGE CONDE MENDONÇA,JORGE MENDONÇA,M,19/10/1958,Válido,90
22121,100,Suplente,ROSEMERE CRÍVEL ANTUNES,ROSE CRÍVEL,F,11/04/1966,Válido,22
22200,214,Suplente,JULIANA AGOSTINI OLIVEIRA VOLPINI,DRA JULIANA AGOSTINI,F,27/01/1979,Válido,22
22122,29,Suplente,AMANDA LYRA ZAGOTTO,MANDINHA ZAGOTTO,F,07/12/1982,Válido,22
22450,403,Suplente,ADRIANO LOUZADA FERREIRA,ADRIANO LOUZADA,M,10/06/1978,Válido,22
22234,306,Suplente,SILVANA PEREIRA BENTO,SILVANA POIAN,F,28/01/1981,Válido,22
22017,214,Suplente,RODRIGO DE OLIVEIRA PINHEIRO,RODRIGO OLIVEIRA,M,13/02/1978,Válido,22
22999,32,Suplente,FELIPPE GONÇALVES DAVID DA SILVA,FELIPPE DAVID,M,14/04/1988,Válido,22
22321,55,Suplente,JANAÍNA MACHADO RUELA,JANAINA MACHADO,F,19/12/1989,Válido,22
22555,334,Suplente,JORGE THOZANE FELIPE,JORGE DA FARMÁCIA,M,22/07/1967,Válido,22
22123,202,Suplente,MARCELO DOS SANTOS ALMEIDA,MARCELO CHOCOLATE,M,13/02/1976,Válido,22
22456,36,Suplente,RITA DE CASSIA DE SOUZA GOMES,RITA DO ESTRELA,F,13/09/1978,Válido,22
22019,6,Suplente,ALINE SOUZA,ALINE SOUZA,F,19/12/1993,Válido,22
22022,119,Suplente,ELTON RODRIGUES DOS SANTOS,ELTON RODRIGUES,M,16/07/1964,Válido,22
22110,96,Suplente,SEBASTIÃO SOARES VIEIRA FILHO,SEBASTIÃO CAROLLA,M,30/11/1959,Válido,22
22777,57,Suplente,ANTÔNIO JOSÉ ZAMPIROLI,TONINHO ZAMPIROLI SULCAMAR,M,10/11/1949,Válido,22
22100,2519,Eleito,JOSÉ CARLOS CORRÊA CARDOSO JÚNIOR,JUNINHO CORRÊA,M,06/11/1996,Válido,22
22233,13,Suplente,ÁUREA MARIA AMARAL TEIXEIRA,ÁUREA MARIA AMARAL,F,04/10/1955,Válido,22
22333,2079,Eleito,LEONARDO CLEITON CAMARGO,LÉO CAMARGO,M,08/12/1990,Válido,22
22133,50,Suplente,LIGIA CAETANO,LIGIA CAETANO,F,03/07/1965,Válido,22
22111,659,Eleito,MARCELO FÁVERO DE OLIVEIRA,MARCELINHO FÁVERO,M,12/07/1982,Válido,22
22345,399,Suplente,JULIO SOUZA DAS NEVES JUNIOR,JULIO DO STRONDA'S,M,08/05/1987,Válido,22
22500,420,Suplente,RAINÉRIO PRUCOLI FALSONI,RAINÉRIO FALSONI,M,19/08/1986,Válido,22
22222,643,Suplente,AMÓS MARTINS MARCELINO,AMÓS MARCELINO,M,28/01/1979,Válido,22
22444,48,Suplente,FRANCISCO GODOES SOBRINHO,FRANCISCO,M,23/08/1955,Válido,22
22000,198,Suplente,FABRICIO CARVALHO LOPES,FABRÍCIO TATÚ,M,26/05/1979,Válido,22
22007,259,Suplente,JACKSON TAYLOR NUNES,INSPETOR JACKSON TAYLOR,M,22/05/1965,Válido,22
22300,524,Suplente,JACY NOÉ,JACY NOÉ,M,19/09/1949,Válido,22
22600,72,Suplente,AIRES ANTONIO CHEQUETTO,PR AIRES CHEQUETTO,M,23/08/1965,Válido,22
22344,109,Suplente,VANDERSON DOBROVOLSKI SERAFIM,VANDINHO DOBROVOLSKI,M,18/04/1981,Válido,22
28222,15,Não eleito,PAULO FERNANDO DA SILVA MULIN,PAULO MOULIN,M,24/08/1990,Válido,28
28190,7,Não eleito,MARCIA MACEDO MORAIS AVANCI,MARCIA MACEDO,F,26/03/1973,Válido,28
28111,50,Não eleito,PAULO SERGIO DE OLIVEIRA,PAULINHO TERMINAL,M,22/01/1974,Válido,28
28444,11,Não eleito,AURENI CARDOSO DE MORAES,AURENI,F,20/01/1963,Válido,28
28000,31,Não eleito,VINICIUS RIZO SCHIAVO,VINICIUS RIZO SCHIAVO,M,29/01/1986,Válido,28
28177,17,Não eleito,SONIA MARIA DE AGUIAR,SONIA AGUIAR,F,25/10/1960,Válido,28
28256,7,Não eleito,LUCILIA CANDIDA DE SOUZA,LUCILIA SOUZA,F,06/09/1970,Válido,28
28333,11,Não eleito,BALTAZAR DO CARMO,BALTAZAR,M,17/12/1958,Válido,28
28123,65,Não eleito,RAFAEL GONCALVES DE MORAES,RAFAEL MORAES,M,18/03/1991,Válido,28
55001,13,Suplente,BRUNA LEANDRO ALVES DA SILVA CALLEGARI,BRUNA CALLEGARI,F,16/01/1979,Válido,55
55336,17,Suplente,MARIA DAS GRAÇAS GALVÃO BRANDÃO,GRAÇA GALVÃO,F,03/09/1963,Válido,55
55800,81,Suplente,ALESSANDRA CARDOSO SATHLER,ALESSANDRA SATHLER,F,12/12/1972,Válido,55
55655,543,Suplente,SAMUEL PEREIRA BARBOZA,SAMUEL MUCA,M,31/05/1982,Válido,55
55678,33,Suplente,JACQUELINE NEVES,JACQUELINE NEVES,F,28/02/1980,Válido,55
55100,118,Suplente,ENNES DE SOUZA GONÇALVES,ENNES GONÇALVES,M,21/02/1966,Válido,55
55888,173,Suplente,ORMANDO JOÃO STEFANATO FILHO,ORMANDO STEFANATO,M,20/02/1971,Válido,55
55167,195,Suplente,CLAUDIO CESAR ALVES DA SILVA,CLAUDIO RUSSO,M,18/01/1967,Válido,55
55417,53,Suplente,LUIS ANTONIO VENTURA RIBEIRO,LUIS ANTONIO VENTURA TOM,M,05/09/1966,Válido,55
55222,187,Suplente,ALEXANDRE CHARLES DOS SANTOS,ALEXANDRE CHARLES,M,11/08/1975,Válido,55
55555,125,Suplente,LUIZ ROGERIO RAMOS CASAES,ROGERIO CASAES,M,21/07/1966,Válido,55
55055,70,Suplente,EVANDRO DE OLIVEIRA,EVANDRO DE OLIVEIRA,M,16/03/1976,Válido,55
55323,211,Suplente,ELIAS JUNIOR CAMPOS,ELIAS CAMPOS,M,04/05/1984,Válido,55
55927,104,Suplente,WANDERLEI DO AMARAL,SARGENTO AMARAL,M,30/07/1967,Válido,55
55999,89,Suplente,LUCIANO MARTINS VIANA,LUCIANO MARTINS,M,06/04/1987,Válido,55
55777,252,Suplente,ELISABETE SALES SANTOS,ENFERMEIRA BETE,F,23/09/1969,Válido,55
55333,259,Suplente,MOISES ROSSETO,MOISES ROSSETO,M,23/08/1967,Válido,55
55123,332,Suplente,RACHEL SANTANA TORRES POLONI,RACHEL SANTANA,F,11/11/1972,Válido,55
55550,81,Suplente,MARIA APARECIDA PEREIRA DA SILVA,CIDA AGENTE DE ENDEMIAS,F,23/10/1977,Válido,55
55111,1001,Eleito,SANDRO DELLABELLA FERREIRA,SANDRO IRMÃO,M,29/09/1969,Válido,55
55969,59,Suplente,VALDECI VASCONCELLOS,VALDECIR VASCONCELLOS,M,15/07/1963,Válido,55
55600,152,Suplente,JOÃO BATISTA LOPES BANDEIRA,JOÃO BANDEIRA,M,27/04/1960,Válido,55
55444,737,Suplente,EDIMAR AUGUSTO RABELLO,EDIMAR RABELLO,M,29/05/1956,Válido,55
20444,20,Não eleito,ANTONIO MONTEIRO DA SILVA FILHO,TONINHO MONTEIRO DENTADURA,M,02/04/1954,Válido,20
20000,573,Não eleito,ADRIANO ROCHA BAIENSE,ADRIANO MESTRE,M,19/07/1982,Válido,20
20013,44,Não eleito,COSME LUIZ FELISBERTO,COSME LUIZ,M,27/09/1969,Válido,20
20555,126,Não eleito,MÁRCIA VALÉRIA DE ABREU LOBO ARAÚJO,MÁRCIA LOBO,F,26/08/1963,Válido,20
20100,30,Não eleito,FERNANDO MARQUES MAINETTE,FERNANDO MAINETTE,M,03/09/1983,Válido,20
20520,71,Não eleito,HELOISA CELIA VENTURA DE SOUZA,CÉLIA DO CRÊ,F,20/06/1948,Válido,20
20601,324,Não eleito,ANTONIO RIZZO MOREIRA DOS SANTOS,RIZZO,M,24/01/1954,Válido,20
20620,20,Não eleito,ROGÉRIO DA SILVA MOREIRA,PASTOR ROGÉRIO MOREIRA,M,22/04/1969,Válido,20
20123,447,Não eleito,LEONARDO CAMPANA VIANA,LEONARDO VIANA,M,31/08/1976,Válido,20
20674,155,Não eleito,GERUZA RAINHA CARDOZO,GERUZA RAINHA,F,21/03/1966,Válido,20
20220,74,Não eleito,EMERSON VIEIRA,EMERSON VIEIRA,M,10/08/1973,Válido,20
20777,141,Não eleito,MARILENE GUIDO DE ASSIS CORTEZINI FERNANDES,MARILENE GUIDO,F,25/07/1971,Válido,20
20420,69,Não eleito,PAULO CEZAR DA CRUZ,PAULO CEZAR,M,27/10/1975,Válido,20
20345,0,Não eleito,ROSA MARIA DA SILVA PIMENTA,ROSA MARIA,F,25/11/1955,Válido,20
20020,28,Não eleito,EDVALDO JOSÉ DE SOUZA JUNIOR,EDDYE BAIANO,M,13/01/1967,Válido,20
20222,140,Não eleito,LUCIANA FERNANDES DA SILVA LIMA,LUCIANA FERNANDES,F,20/11/1969,Válido,20
20190,311,Não eleito,MARCO ANTONIO PEREIRA JACINTHO,MARCO JACINTHO,M,02/12/1968,Válido,20
20999,232,Não eleito,RAFAEL DIAS RAMOS,DR RAFAEL,M,05/07/1990,Válido,20
20120,146,Não eleito,ARILSON VENTURA,ARILSON VENTURA,M,02/07/1971,Válido,20
20678,57,Não eleito,LUCIMAR MENEGUELLI,LUCIMAR MENEGUELLI,F,26/08/1965,Válido,20
50100,139,Não eleito,RAFAEL SALTORI,RAFAEL SALTORI,M,25/02/1998,Válido,50
50123,75,Não eleito,CLAUDIA CRISTINA FÉLIX DOS SANTOS,CRISTINA FÉLIX,F,03/04/1977,Válido,50
14222,39,Não eleito,MARIA DOS ANJOS SANTOS COSTA,CHIQUETOSA,F,15/02/1971,Válido,14
14264,49,Não eleito,PAULO JORGE CAMILO,PAULO CAMILO,M,26/07/1964,Válido,14
14200,17,Não eleito,SANDRA MARIA MARRIEL DA SILVA,SANDRA MARRIEL,F,22/08/1973,Válido,14
14552,21,Não eleito,GERALDO LUIZ MAGANHA,NEM MAGANHA,M,24/11/1971,Válido,14
14555,79,Não eleito,REGINALDO CÂNDIDO DE SOUZA,SOUZA ELETRECISTA,M,05/05/1967,Válido,14
14800,75,Não eleito,JOSÉ GUILHERME BARBOSA DE ABREU,GUILHERME MUAY THAY,M,11/02/1981,Válido,14
14300,22,Não eleito,JOSE RICARDO SILVA,RICARDO BALEIA,M,28/11/1972,Válido,14
14111,53,Não eleito,TARCÍSIO RIBEIRO SANTOS,TARCÍSIO RIBEIRO,M,03/02/1976,Válido,14
14140,4,Não eleito,FABIANA DE SOUSA COELHO,FABIANA,F,18/08/1984,Válido,14
14789,356,Não eleito,FÁBIO ANDRADE DE MELO,FÁBIO MELO,M,24/09/1969,Válido,14
14190,50,Não eleito,NIVALDO ALVES DA SILVA,SARGENTO NIVALDO,M,23/05/1961,Válido,14
14700,1,Não eleito,GERLANE GUILHERME SALDANHA,GERLANE,F,22/08/1993,Válido,14
14123,540,Não eleito,MARCOS ANTONIO FERREIRA RODRIGUES,MAQUINHO DO VALÃO,M,25/11/1968,Válido,14
14686,14,Não eleito,LUCIA HELENA BAPTISTA PEREIRA,LÚCIA,F,11/07/1968,Válido,14
14631,45,Não eleito,FRANCISCO DE PAULA,CHICO SAÚDE,M,26/09/1947,Válido,14
14655,7,Não eleito,MARIA ELIZETE MION QUINTINO,MARIA ELIZETE,F,10/01/1962,Válido,14
14400,58,Não eleito,CREUSEDYR VICTOR CARDOSO,CREUZA DA DENGUE,F,13/01/1960,Válido,14
14000,178,Não eleito,SERGIO DE SOUZA PEREIRA,SERGINHO DO CARONE,M,12/05/1969,Válido,14
14333,106,Não eleito,GERALDO PINHEIRO BASTOS,PINHEIRO,M,12/03/1968,Válido,14
14999,205,Não eleito,ANDRÉ DO NASCIMENTO BRAGA,ANDRÉ,M,17/10/1986,Válido,14
14323,31,Não eleito,ANTÔNIO CARLOS MARTINS MONTEIRO,ANTÔNIO MONTEIRO,M,17/02/1972,Válido,14
14444,396,Não eleito,JOELCI FRANCÊZ,MICA DO VALÃO,M,27/08/1964,Válido,14
14777,395,Não eleito,DENIVAL DOS REIS FERREIRA,VAL,M,06/01/1967,Válido,14
14234,0,Não eleito,CLÁUDIA FERREIRA MACHADO,CLÁUDIA,F,31/07/1975,Válido,14
14500,452,Não eleito,WAMBA DE JESUS AFONSO,WAMBA,M,09/05/1985,Válido,14
43400,43,Suplente,MARIA ANTONIA FREITAS ULTRAMAR,MARIA ANTONIA ULTRAMAR,F,14/08/1956,Válido,43
43444,86,Suplente,AURY DE SOUZA,CARIOCA DA ILHA,M,30/03/1954,Válido,43
43210,47,Suplente,RITA LUZIE FIGUEIREDO SILVA ARDISSON,RITA LUZIE,F,01/01/1955,Válido,43
43160,24,Suplente,ROSANGELA APARECIDA DE SOUZA,SOS ROSA ,F,16/03/1979,Válido,43
43665,13,Suplente,BEATRIZ FERNANDES MACIEL CHADES,BIA CHADES,F,05/08/1978,Válido,43
43610,396,Suplente,JOSIAS PEREIRA DE CASTRO,JOSIAS DO IBC,M,10/12/1957,Válido,43
43150,65,Não eleito,SÔNIA MARIA RIZZO,SÔNIA RIZZO,F,14/12/1960,Anulado sub judice,43
43234,205,Suplente,PAULO CEZAR FERREIRA DA SILVA,PAULINHO DA FARMÁCIA,M,05/07/1972,Válido,43
43644,1048,Suplente,ALEXANDRE BASTOS RODRIGUES,ALEXANDRE BASTOS,M,19/01/1967,Válido,43
43233,25,Suplente,GABRIELA GALVÃO MARINS,GABRIELA MARINS,F,30/06/1987,Válido,43
43456,337,Suplente,HIGNER MANSUR,HIGNER MANSUR,M,27/02/1948,Válido,43
43777,443,Não eleito,JONATHAN WILLIAM MOREIRA CORREA,PROFESSOR JONATHAN,M,09/09/1980,Anulado sub judice,43
43699,844,Suplente,CARLOS RENATO LINO,RATINHO,M,12/10/1965,Válido,43
43123,169,Suplente,JOAQUIM SOARES MANTUAN,JOAQUIM MANTUAN,M,01/04/1961,Válido,43
43111,258,Suplente,LEANDRO CARDOZO MARQUES,LEANDRO CARDOZO,M,05/05/1981,Válido,43
43888,125,Suplente,RAPHAEL DO NASCIMENTO BASONI,RAPHAEL BASONI,M,19/03/1983,Válido,43
43555,1317,Eleito,BRAS ZAGOTTO,BRAS É BOM,M,02/12/1958,Válido,43
43666,86,Suplente,LUIZ JOSÉ CAITANO,ZICO,M,28/02/1958,Válido,43
43640,1028,Suplente,EDISON VALENTIM FASSARELLA,FASSARELLA,M,14/02/1959,Válido,43
43300,139,Suplente,JOSÉ DA CONCEIÇÃO,CHINA DA PADARIA,M,28/12/1965,Válido,43
43043,979,Suplente,ROMARIO CORREA MIRANDA,ROMARIO ALTO UNIÃO,M,21/03/1967,Válido,43
43334,44,Suplente,JURANDYR PINHEIRO FILHO,MESTRE RUSSÃO,M,31/08/1965,Válido,43
43222,417,Suplente,WILSON  DILLEM DOS SANTOS,WILSON DILLEM,M,07/04/1950,Válido,43
43333,67,Suplente,ALDO ZEFERINO BENTO,ALDO BENTO,M,03/07/1968,Válido,43
43999,13,Suplente,GHISLAINE BAYERL OACKES,GHISLAINE BAYERL,F,17/03/1992,Válido,43
43430,81,Suplente,CELIA MARIA BARRETO DA SILVA,CELIA DA BANDEIRA,F,11/05/1965,Válido,43
43025,113,Suplente,RONALDO ELIAS DE ANDRADE,MAYCON RONALDO,M,15/07/1967,Válido,43
43000,1431,Eleito,ELY ESCARPINI,ELY ESCARPINI,M,15/11/1960,Válido,43
43203,27,Suplente,INGRID MIRANDA SCHAYDER,ANINHA DO CORAMARA,F,04/07/1990,Válido,43
45222,444,Suplente,SILVANA DA SILVA PONTES,SILVANA PONTES,F,29/01/1981,Válido,45
45333,183,Suplente,MAGNUS DA SILVA COSTA,MAGNUS COSTA,M,01/03/1985,Válido,45
45135,208,Suplente,PEDRO PAULO DA SILVIEIRA,PEDRO DA FARMÁRCIA,M,17/12/1969,Válido,45
45158,29,Suplente,VANACI ANTONIO SABINO,VANACI SABINO,F,11/02/1972,Válido,45
45006,9,Suplente,JACKELINE SILVA DIAS,JACKELINE DIAS,F,20/04/1977,Válido,45
45600,92,Suplente,GEDSON LUIZ MALANQUINI,GEDINHO MALANQUINI,M,22/09/1977,Válido,45
45367,171,Suplente,HERCULES GOMES FERREIRA,CANTOR HÉRCULES GOMES,M,31/05/1979,Válido,45
45111,166,Suplente,ELVANIA ABREU GONCALVES,ELVANIA ABREU,F,29/05/1968,Válido,45
45677,750,Suplente,DARIO SILVIERA FILHO,DARINHO DA SAÚDE,M,29/12/1969,Válido,45
45888,91,Suplente,JULIANA MAIA BRAVO KLOTZ,JULIANA BRAVO,F,28/09/1986,Válido,45
45456,128,Suplente,EDGARD MENDES BAIAO,EDGARD BAIÃO,M,18/12/1958,Válido,45
45238,86,Suplente,MARIA CANDIDA DA SILVA VIEIRA,MISSIONÁRIA CANDIDA,F,14/02/1955,Válido,45
45007,538,Suplente,LUCIANO SOUZA CORTEZ,LUCIANO CORTEZ,M,07/09/1962,Válido,45
45999,99,Suplente,REGINA CELIA CIRIACO LIMA,REGINA PROJETO HARPA,F,26/08/1959,Válido,45
45780,16,Suplente,FLAVIO ALVES VIEIRA,FLÁVIO VIEIRA,M,28/02/1978,Válido,45
45555,183,Suplente,SAGIANO DE SOUZA SANTANA,SAGIANO SOUZA,M,04/03/1972,Válido,45
45315,62,Suplente,MATEUS FARIAS GOMES,MATEUS FARIAS,M,03/08/1973,Válido,45
45666,10,Suplente,SHEILA RIBEIRO SANTOS,PROFESSORA SHEILA RIBEIRO,F,07/05/1967,Válido,45
45777,973,Eleito,ADRIANO PEREIRA VEREDIANO,MESTRE GELINHO,M,25/11/1971,Válido,45
45321,7,Suplente,FERNANDO SARTORIO VIEIRA,FERNANDO SARTÓRIO,M,13/07/1986,Válido,45
45123,757,Suplente,EDNALVA MARIN AVANCI,EDNALVA MARIN,F,12/12/1987,Válido,45
45678,793,Eleito,EVANDRO MIRANDA,VANDINHO DA PADARIA,M,03/07/1975,Válido,45
45500,63,Suplente,RONILSON CARLOS MATOS DE MORAIS,RONILSON CARLOS,M,19/04/1977,Válido,45
45621,106,Suplente,CLEZIO ALVES DE OLIVEIRA,CLEZIO DO GESSO,M,05/12/1947,Válido,45
45000,255,Suplente,CARLOS ALBERTO RIBEIRO DE CASTRO,TIÇÃO DA BARBEARIA,M,07/07/1966,Válido,45
45345,691,Suplente,JOSE RENATO COLOMBINE,RENATO COLOMBINE,M,01/07/1966,Válido,45
45246,112,Suplente,CLAUDIONOR BATISTA DE OLIVEIRA FILHO,CLAUDINHO,M,07/09/1973,Válido,45
45603,192,Suplente,VALDINEY FERREIRA CARVALHO,PASTOR FERREIRA CARVALHO,M,29/10/1968,Válido,45
33044,98,Não eleito,REGINA TRAVAGLIA,REGINA TRAVAGLIA,F,23/07/1963,Válido,33
33003,127,Não eleito,ILTON CONSTANTINO SOUZA MARTINS,ILTINHO MARTINS,M,02/10/1979,Válido,33
33133,33,Não eleito,LINDONOR PACHECO BOSCAGLIA,PROFESSORA DORA BOSCAGLIA,F,16/02/1958,Válido,33
33321,58,Não eleito,OBADIAS ALVES BRISON,BRISON,M,12/12/1965,Válido,33
33330,72,Não eleito,SOLIMAR SANTANA MACHADO GONÇALVES,SOLIMAR SANTANA,M,26/07/1975,Válido,33
33123,61,Não eleito,RERICSON MARTINS ROCHA,RERICSON MARTINS,M,14/03/1988,Válido,33
33020,91,Não eleito,FRANCISLEY MARTINS PEREIRA,LELEI,M,05/02/1979,Válido,33
33197,3,Não eleito,JHENNIFER DA SILVA LOROSA BOLZAN,JHENNIFER BOLZAN,F,10/05/1996,Válido,33
33333,109,Não eleito,FRANCIELE TAMAIO MOREIRA,FRAN TAMAIO,F,10/01/1983,Válido,33
33456,261,Não eleito,RODOLPHO CARVALHO VEREDIANO,RODOLPHO VEREDIANO,M,28/02/1985,Válido,33
33033,135,Não eleito,JOSÉ HENRIQUE DE OLIVEIRA,HENRIQUE,M,21/11/1973,Válido,33
33444,68,Não eleito,ALEX PEREIRA DA SILVA,ALEX SILVA,M,21/09/1985,Válido,33
33000,852,Não eleito,LEANDRO VIEIRA DAS NEVES,LEANDRO VIEIRA,M,28/06/1983,Válido,33
40111,1194,Eleito,PAULO SERGIO DE ALMEIDA,PAULINHO CARECA,M,06/10/1966,Válido,40
40567,193,Suplente,ADRIANA COLOMBIANO LOUZADA MOREIRA,ADRIANA COLOMBIANO,F,18/07/1971,Válido,40
40000,789,Suplente,LARISSA PATRÃO MACHADO VALORY HELENO,DRA LARISSA PATRÃO,F,24/10/1977,Válido,40
40001,123,Suplente,EDMILSON DA SILVA MOULIN,EDMILSON MOULIN,M,02/01/1960,Válido,40
40999,412,Suplente,LUCIANO DA PIEDADE,PIEDADE,M,02/01/1975,Válido,40
40100,356,Suplente,JUAREZ BARBOSA,JUAREZ DO CHURRASQUINHO,M,01/11/1972,Válido,40
40123,39,Suplente,GILBERTO COLETI SANTOS,GILBERTO COLETI,M,25/09/1981,Válido,40
40321,46,Suplente,WILLIAM SOUZA VILELA,VILELA,M,27/12/1966,Válido,40
40140,97,Suplente,EURÍDES LUIZ AMARO,EURÍDES AMARO,F,08/07/1962,Válido,40
40234,1345,Eleito,ALEXANDRE ANDREZA MACEDO,ALEXANDRE DE ITAÓCA,M,05/11/1972,Válido,40
40555,1108,Eleito,PAULO GROLA,PAULO GROLA,M,05/04/1953,Válido,40
40456,612,Suplente,MAYCON ALMEIDA COSTA,MAYCON ALMEIDA ,M,31/10/1984,Válido,40
40300,345,Suplente,NOEMI NANTES BORGES,NOEMI BORGES,F,20/06/1980,Válido,40
40190,28,Suplente,ELIAS MEDEIROS DOS SANTOS,ELIAS MEDEIROS,M,19/12/1974,Válido,40
40222,609,Suplente,PEDRO PECCINI NETO,PEDRO PECCINI,M,06/04/1962,Válido,40
40090,92,Suplente,ANGELO MARCELO SANTOS DOMINGUES,ANGELO SANTOS,M,28/09/1974,Válido,40
40777,913,Suplente,ROSELANE DE ARAÚJO LIMA BARREIRA,ROSELANE ARAÚJO,F,17/05/1971,Válido,40
40040,308,Suplente,PATRÍCIA D'AGOSTINI CORREA,PATRÍCIA D'AGOSTINI,F,09/03/1983,Válido,40
40700,58,Suplente,CLEIDE DA SILVA REZINENTE JOSÉ,CLEIDE SILVA,F,02/02/1981,Válido,40
40600,414,Suplente,THIAGO DAS NEVES CAMILETTE,THIAGO NEVES,M,05/07/1994,Válido,40
40333,1105,Suplente,ÉLIO CARLOS SILVA DE MIRANDA,CARLINHOS MIRANDA,M,29/09/1978,Válido,40
13009,40,Não eleito,JOAO HENRIQUE DA CRUZ BOAVENTURA,HENRIQUE BOAVENTURA,M,01/03/1974,Válido,13
13030,40,Não eleito,ELIMAR MATTIELO,ELIMARIO MATTIELO,M,30/12/1957,Válido,13
13100,38,Não eleito,ROBERTO CARVALHO DA ROCHA,KIKO,M,26/12/1986,Válido,13
13777,50,Não eleito,EDUARDO DA COSTA PAIVA,OFICIAL DE JUSTIÇA PAIVA,M,30/01/1968,Válido,13
13456,250,Não eleito,JEAN CARLOS MILHORATO,JEAN MILHORATO,M,18/12/1976,Válido,13
13025,17,Não eleito,MARY LANE DA COSTA DE OLIVEIRA,MARY LANE,F,19/12/1974,Válido,13
13888,34,Não eleito,CARLOS ANTONIO MENDES LACERDA,CARLOS LACERDA,M,20/08/1962,Válido,13
13333,421,Não eleito,FELIPE SOUZA LIMA GASPAR,FELIPE GASPAR,M,29/06/1997,Válido,13
13500,26,Não eleito,ROSANGELA LUGAO RAFAEL,ROSANGELA LUGAO,F,16/07/1959,Válido,13
13789,114,Não eleito,JORGE REIS CAETANO,JORGE REIS,M,03/07/1969,Válido,13
13300,23,Não eleito,LUCIDEIA BAHIENSE VIEIRA,LUCIDEIA,F,10/07/1966,Válido,13
13000,121,Não eleito,ALESSANDRO SOARES,ALESSANDRO SANGUE BOM,M,12/09/1977,Válido,13
13140,191,Não eleito,EDMAR BARBOSA PENA,EDMAR PENA,M,30/10/1980,Válido,13
13313,346,Não eleito,ELIZANGELA DE MIRANDA ALTOE,ELIZANGELA ALTOE,F,10/11/1974,Válido,13
13776,3,Não eleito,LUCIANE DIAS DE SOUZA,LUCIANE DIAS,F,06/07/1977,Válido,13
13134,46,Não eleito,GILCINEA ROCHA PASSOS DA SILVA,NEIA PASSOS,F,25/10/1961,Válido,13
13133,39,Não eleito,VANDA VOLPATO,VANDA VOLPATO,F,21/11/1965,Válido,13
13113,12,Não eleito,GILMAR EMILIANO DA SILVA,GILMAR EMILIANO,M,12/06/1966,Válido,13
13013,90,Não eleito,ADILSON OLIVEIRA TORRES,ADILSON TORRES,M,10/08/1962,Válido,13
13123,535,Não eleito,AGNALDO DOS SANTOS REIS,AGNALDO SASSA,M,16/01/1978,Válido,13
10028,493,Suplente,MOISÉS MORAES VITAL,MOISÉS VITAL,M,28/05/1988,Válido,10
10444,29,Suplente,JUSSARA NASCIMENTO DE BRITO,SARINHA FILHA DA DONA GLÓRIA,F,21/01/1976,Válido,10
10000,1807,Eleito,SILVIO COELHO NETO,SILVINHO COELHO,M,03/09/1966,Válido,10
10321,39,Suplente,ANA RITA VICENTE PIMENTEL,RITA DO BALÉ,F,20/12/1972,Válido,10
10345,31,Suplente,EDNA SOARES,EDNA INST DE ARTESANATO,F,23/12/1953,Válido,10
10665,36,Suplente,JOSÉ AILTON DE CASTRO TARGA,ITIM TARGA,M,27/03/1954,Válido,10
10555,56,Suplente,MARCOS ANTÔNIO PIMENTA,MARCOS PIMENTA,M,30/05/1969,Válido,10
10050,34,Suplente,GILBERTO CAETANO DOS SANTOS,SEGURANÇA GILBERTO,M,16/10/1970,Válido,10
10333,142,Suplente,DENILSON DE SOUZA SCHERRER,PB DENILSON,M,13/08/1971,Válido,10
10123,998,Suplente,OSMAR FRANCISCO,CHUPETA,M,16/02/1967,Válido,10
10800,58,Suplente,IRLAN BARBOZA,PÃO VELHO,M,10/02/1975,Válido,10
10222,288,Suplente,FLÁVIO MALHEIRO SIMÔES,FLÁVIO DO AÇOUGUE,M,25/06/1973,Válido,10
10777,329,Suplente,ANA PAULA GENAIO ALVES ESCARPINI,ANA PAULA GENAIO,F,31/03/1983,Válido,10
10900,710,Suplente,ALEXON SOARES CIPRIANO,ALEXON CIPRIANO,M,06/09/1977,Válido,10
10888,16,Suplente,SEBASTIANA DAS DORES SERAFIM TASSINARI,SEBASTIANA DOS UNIFORMES,F,08/10/1952,Válido,10
10456,490,Suplente,RODRIGO PEREIRA COSTA,RODRIGO ENFERMEIRO,M,02/01/1976,Válido,10
19123,2096,Eleito,ALLAN ALBERT LOURENÇO FERREIRA,ALLAN FERREIRA,M,22/01/1974,Válido,19
19456,561,Suplente,VALDIMAR LUPE LYRA,VALDIMAR LYRA,M,28/02/1977,Válido,19
19036,126,Suplente,LUCINEIA DOS SANTOS HEMERLY,LUCINHA DA SAÚDE,F,25/10/1966,Válido,19
19103,288,Suplente,GILBERTO GARCIA DE OLIVEIRA,GILBERTO GARCIA,M,26/04/1971,Válido,19
19678,86,Suplente,HUDISON THIAGO DA SILVA,HUDISON THIAGO,M,24/11/1982,Válido,19
19222,174,Suplente,MARIA APARECIDA SANT'ANNA BERNARDO,APARECIDA SANT'ANNA,F,09/10/1966,Válido,19
19700,357,Suplente,JAQUESSON BOREL DE PAULO,JAQUESSON BOREL,M,25/08/1980,Válido,19
19200,893,Eleito,DELANDI PEREIRA MACEDO,PASTOR DELANDI,M,23/05/1969,Válido,19
19107,765,Suplente,RAMON SILVEIRA,RAMON SILVEIRA,M,01/04/1980,Válido,19
19600,106,Suplente,JOÃO AGRIPINO BASTOS GOMES,JOÃO AGRIPINO,M,19/07/1961,Válido,19
19789,20,Suplente,JOCEIR DE MOURA RODRIGUES,JOCEIR MOURA,M,29/10/1978,Válido,19
19786,45,Suplente,NEILSON BARBOZA DOS SANTOS,PROFESSOR NEILSON,M,27/05/1964,Válido,19
19333,59,Suplente,DENEMARA AUXILIADORA OLIVEIRA MARIANO,DENEMARA MOSQUITO DA DENGUE,F,06/06/1970,Válido,19
19500,70,Suplente,ADEBIR DE FREITAS OLIVEIRA,ADEBIR DA PIZZA,M,20/12/1971,Válido,19
19800,873,Suplente,RODRIGO SANDI,RODRIGO SANDI,M,02/07/1979,Válido,19
19777,131,Suplente,DENISE MARÇAL KOPPE,DENISE KOPPE,F,03/05/1966,Válido,19
19000,195,Suplente,ADILSON COSTA CONTI,ADILSON CONTI,M,05/07/1961,Válido,19
19555,448,Suplente,MARTA REJANE PROFETA MOREIRA,MARTA PROFETA,F,06/02/1951,Válido,19
19747,47,Suplente,LUCIA HELENA CARIAS DE PAULA,LUCIA CARIAS,F,15/11/1950,Válido,19
19999,161,Suplente,JOSÉ ROGÉRIO ROZAES,PROFESSOR ROZAES,M,04/01/1964,Válido,19
19019,195,Suplente,TATIANA OLIVEIRA SANT ANA,TATIANA SANT ANA,F,20/08/1982,Válido,19
51023,66,Suplente,IONE GARCIA,IONE GARCIA,F,14/03/1974,Válido,51
51007,80,Suplente,LUIZ CARLOS ANDRADE DA SILVA,SUBTENENTE ANDRADE,M,10/08/1968,Válido,51
51765,230,Suplente,DIONÉSIO BRUNELI,BRUNELI,M,08/11/1972,Válido,51
51151,31,Suplente,ALEXANDER DE ALBUQUERQUE SILVA,ALEXANDER PATRIOTA,M,05/03/1974,Válido,51
51021,73,Suplente,MASILDA RIBEIRO CAXEIRO PEDROZA,PASTORA MASILDA PEDROZA,F,21/01/1971,Válido,51
51001,66,Suplente,FLÁVIA APARECIDA CUNHA DO NASCIMENTO,FLÁVIA NASCIMENTO,F,11/10/1974,Válido,51
51195,85,Suplente,MAURO JOSÉ BAZILIO,TIO MAURO DA CRECHE,M,31/10/1965,Válido,51
51150,99,Suplente,MARIA JOSÉ JURIATTO SANTOS,MARIA JURIATTO,F,08/08/1965,Válido,51
51193,52,Suplente,LEONARD FERNANDO PEREIRA SILVA,LÉO PATRIOTA,M,30/12/1987,Válido,51
51096,2,Suplente,ISMAEL ELOI DE BRITO,ISMAEL ELOI FOTÓGRAFO,M,12/01/1957,Válido,51
51661,2,Suplente,ZULEICA SILVA RIBEIRO,ZULEICA ZUZU,F,03/12/1962,Válido,51
51190,1347,Eleito,SEBASTIÃO ARY CORREA,ARY CORRÊA,M,25/04/1960,Válido,51
51123,44,Suplente,PAULO CESAR DA COSTA,SARGENTO PAULO BOMBEIRO,M,03/10/1963,Válido,51
51234,382,Suplente,RONALDO GONÇALVES DA COSTA,RONALDO DO TAXI,M,10/09/1965,Válido,51
51662,32,Suplente,ELIANE ALVES PINHEIRO,ELIANE PINHEIRO,F,20/09/1986,Válido,51
51124,201,Suplente,JAIRON DE JESUS PATRICIO,JAIRON SOCORRISTA,M,25/12/1977,Válido,51
51300,301,Suplente,REGINALDO LUIS PEREIRA,REGINALDO PEREIRA,M,26/11/1974,Válido,51
51556,116,Suplente,FABRICIO SANTIAGO ALVES FELIPE,FABRICIO FELIPE,M,29/03/1980,Válido,51
51555,96,Suplente,JOSIMAR GREGIO MARTINS,JOSIMAR MARTINS,M,07/11/1960,Válido,51
51111,453,Suplente,CARLOS TELLES RUI AMORIM,CABO TELLES,M,28/06/1983,Válido,51
51660,4,Suplente,SIMONE FERNANDES DA SILVA FABIANI,SIMONE FABIANI,F,17/04/1973,Válido,51
51012,47,Suplente,ANTONIO SANTO CLEMASCO,CLEMASCO DA PISCINA,M,20/04/1957,Válido,51
51003,5,Suplente,CLAUDIA MERENCIANO DA SILVA FREIRE,CLAUDIA FREIRE,F,12/10/1970,Válido,51
51002,0,Suplente,MARIA APARECIDA QUINELATO,APARECIDA QUINELATO,F,26/04/1974,Válido,51
51230,162,Suplente,RENATO ALVES FERREIRA,RENATINHO,M,10/09/1980,Válido,51
51194,115,Suplente,SEBASTIÃO JOSÉ SILVA,SARGENTO SILVA,M,28/10/1965,Válido,51
