numero,votos_nominais,situacao,nome,nome_urna,sexo,data_nasc,destino_voto,numero_partido
12000,961,Não eleito,PATRICK DA SILVA OLIVEIRA,PATRICK OLIVEIRA,M,11/07/1985,Válido,12
12369,22,Não eleito,FLAVIA CRISTINA AZEVEDO ONOFRE,FLAVIA CRISTINA,F,18/08/1977,Válido,12
12120,260,Não eleito,ALESSANDRA PINTO PINHEIRO,ALESSANDRA PINHEIRO,F,16/10/1979,Válido,12
12222,144,Não eleito,GERALDO PEREIRA DE SOUZA,PASTOR GERALDO,M,18/05/1956,Válido,12
12913,162,Não eleito,MARCELO ALVES DA CONCEICAO,MARCELINHO,M,23/07/1967,Válido,12
12700,1878,Não eleito,HELIOSANDRO MATTOS SILVA,PROFESSOR HELIOSANDRO,M,02/06/1966,Válido,12
12630,28,Não eleito,GENECI JOSE GONÇALVES DA COSTA,GENECI GONÇALVES,M,07/12/1957,Válido,12
12500,97,Não eleito,CAROLINE DA SILVA NEVES,CAROLINE SILVA,F,18/12/1979,Válido,12
12888,213,Não eleito,ROGERIO PEDRINI,ROGÉRIO TUPY,M,16/04/1953,Válido,12
12333,218,Não eleito,MARCOS ANTONIO DO ESPIRITO SANTO,MARQUINHO DA MORADIA,M,22/02/1953,Válido,12
12121,67,Não eleito,MURILLO WANLU NUNES RIBEIRO,MURILLO RIBEIRO,M,19/06/1987,Válido,12
12345,488,Não eleito,ALVARITO MENDES FILHO,ALVARITO MENDES,M,20/01/1958,Válido,12
12223,62,Não eleito,JOANA DARC RODRIGUES DE OLIVEIRA,JOANA DARC,F,14/01/1981,Válido,12
12444,234,Não eleito,CEZAR LAURENCE DE BARROS,PROFESSOR CEZAR BARROS,M,24/06/1976,Válido,12
12111,1413,Não eleito,NILMA MARIA GUEZ DA SILVA,TIA NILMA,F,02/07/1964,Válido,12
12999,168,Não eleito,FELIX GOMES JUNIOR,FELIX GOMES,M,17/11/1990,Válido,12
12100,2,Não eleito,ONZART DIONIZIO CANDIDO,ZAZÁ CÂNDIDO,M,31/01/1980,Válido,12
12777,93,Não eleito,JOSE SEBASTIAO SILVA,TIÃO DO PORTO,M,20/01/1961,Válido,12
12555,179,Não eleito,EDSON BARBOZA CORDEIRO,EDSON CORDEIRO,M,02/08/1970,Válido,12
12400,30,Não eleito,MARIA DE FATIMA RODRIGUES CHAVES OLIVEIRA,MARIA DE FATIMA,F,06/03/1960,Válido,12
12123,135,Não eleito,MARCOS VINICIUS VASCONCELOS LIMA,VINICIUS LIMA,M,24/01/1984,Válido,12
65777,54,Não eleito,RENILTON PEREIRA DA SILVA,RENILTON DO PEIXE,M,21/02/1959,Válido,65
65065,83,Não eleito,GRACINDA LORENZONI,GRACINDA LORENZONI,F,12/01/1977,Válido,65
65999,36,Não eleito,JOYCI LOZER LICHTENHELD,JOYCI LOZER,F,12/12/1989,Válido,65
65616,504,Não eleito,VALDINEI MARQUES PIMENTA,GORDINHO AMIGO DE VERDADE,M,31/01/1982,Válido,65
65555,44,Não eleito,JOSE CARLOS FERREIRA DA SILVA JUNIOR,JUNIOR R5,M,22/02/1981,Válido,65
65000,58,Não eleito,ADEMICIO CORRADI,PROFESSOR CORRADI,M,05/12/1960,Válido,65
65333,40,Não eleito,JOÃO MANOEL ROSA FERREIRA,JÕAOZINHO DA TOCA,M,28/06/1972,Válido,65
65123,146,Não eleito,JOSE PEDRO LOUREIRO,DOCCA LOUREIRO,M,26/02/1963,Válido,65
65444,134,Não eleito,ROGERIO FABIO SUAVE,ROGERIO SUAVE,M,02/09/1965,Válido,65
65678,625,Não eleito,JOSE BERTO BATISTA DE SOUSA,BETO BORRACHEIRO,M,12/07/1975,Válido,65
65654,60,Não eleito,ROSENI DA PENHA MIRANDA,ROSE,F,11/01/1975,Válido,65
65100,23,Não eleito,LUANNA DO NASCIMENTO CUSTODIO,LUANNA CUSTODIO,F,30/12/1983,Válido,65
14600,283,Suplente,MARLOS JOSE BORGES,MARLOS BORGES,M,27/11/1978,Válido,14
14300,296,Suplente,MARCELO BENEDITO DA SILVA,MARCELO TUTUCA,M,02/04/1970,Válido,14
14567,188,Suplente,JOSIMAR LEITE BARCELLOS,JO CADEIRANTE,M,05/06/1989,Válido,14
14789,130,Suplente,LUIZ PAULO BARBOSA,LUIZ PAULO,M,25/01/1988,Válido,14
14027,0,Suplente,DENI MAURA DE ALMEIDA PINA,MAURA,F,23/11/1978,Válido,14
14500,2618,Eleito,JOEL RANGEL PINTO JUNIOR,JOEL RANGEL,M,14/06/1976,Válido,14
14444,125,Não eleito,BENEDITO PORTO PESTANA,BENE PESTANA,M,02/01/1952,Anulado,14
14400,42,Suplente,LUCIANA DOS SANTOS RANGEL,LUCIANA,F,13/04/1971,Válido,14
14700,89,Suplente,MOACYR TADEU NOGUEIRA BERSOT,TADEU BERSOT,M,25/11/1962,Válido,14
14777,442,Suplente,ROBERTO DE BARROS BEZERRA,DR BEZERRA,M,21/05/1963,Válido,14
14123,787,Suplente,CLAUDIO MAYCON MEIRELES CALMON,MAYCON JOGADOR,M,27/11/1984,Válido,14
14800,119,Suplente,ALEX VILLA FLOR,ALEX ELETRICISTA,M,21/01/1974,Válido,14
14222,705,Suplente,SANDRA CAMPOS FERREIRA,SANDRA CAMPOS,F,17/01/1968,Válido,14
14366,1,Suplente,GENI KNAAK DE ANDRADE,DONA GENI,F,04/05/1953,Válido,14
14432,25,Suplente,LUCIANA BORGES NETO,LUCIANA BORGES,F,25/03/1979,Válido,14
14900,53,Suplente,DAMIAO PEREIRA,DAMIAO DO PAPELAO,M,08/09/1954,Válido,14
14038,159,Suplente,NARCIZO JOSE ENTRINGER,NARCISO,M,05/07/1957,Válido,14
14388,239,Suplente,LEANDRO DE JESUS,LEANDRO XURI,M,05/03/1986,Válido,14
14111,538,Suplente,ALVARO LUIZ FERREIRA,ALVINHO,M,09/02/1961,Válido,14
14333,3,Suplente,SERENILA BOSCHETTI,SERÊ DA ILHA,F,20/03/1955,Válido,14
14200,45,Suplente,CLEUZA ERLACH GONCALVES,ERLACH,F,11/06/1966,Válido,14
14080,792,Suplente,JOVANIO SCHULZ,JEOVANE SCHULZ,M,11/07/1973,Válido,14
14014,89,Suplente,FRANCISCO DE MORAIS,FRANCISCO DE MORAIS,M,06/11/1955,Válido,14
14321,4,Suplente,SONIA MARA SILVA DA SILVA PEREIRA,SONIA,F,16/08/1974,Válido,14
14000,551,Suplente,PAULO LEANDRO MARQUES,PAULO MARQUES,M,29/06/1958,Válido,14
36036,1250,Suplente,GERALDO AFONSO SERAFIM,GERALDINHO,M,21/05/1967,Válido,36
36321,124,Suplente,ELIZANGELA SILVA TEIXEIRA,ENFERMEIRA ELIZANGELA,F,28/01/1977,Válido,36
36090,364,Suplente,JOSÉ MARIA DE RAMOS,ZÉ MARIA,M,28/03/1964,Válido,36
36023,51,Suplente,MARIA SERRATE BARCELOS DA SILVA,MARIA SERRATE,F,06/10/1965,Válido,36
36300,1197,Suplente,ANDERSON DE OLIVEIRA ALMEIDA,ANDINHO,M,22/01/1966,Válido,36
36123,611,Suplente,LUIZ CARLOS DE FREITAS,LUIZ FREITAS,M,10/04/1968,Válido,36
36181,744,Suplente,ADROALDO LOPES RODRIGUES,DELEGADO ADROALDO LOPES,M,31/08/1962,Válido,36
36200,92,Suplente,VIVIANE COUTINHO,PROFESSORA VIVIANE COUTINHO,F,02/02/1977,Válido,36
36024,316,Suplente,MARCOS ANTONIO DE OLIVEIRA ALOCHIO,MARKETY,F,12/05/1983,Válido,36
36234,412,Suplente,ASTINO CANDIDO DIAS,ASTINO,M,19/02/1947,Válido,36
36038,862,Suplente,AFONSO BELENDA NETTO,SARGENTO BELENDA,M,17/07/1969,Válido,36
36999,395,Suplente,CAROLINY SILVA OLIVEIRA,CAROL OLIVEIRA,F,10/10/1993,Válido,36
36222,480,Suplente,GILSON VIEIRA LOPES JUNIOR,JUNIOR DO ESPETÃO,M,24/04/1983,Válido,36
36027,331,Suplente,ALAN DOS SANTOS VIEIRA,ALAN VIEIRA,M,27/01/1986,Válido,36
36333,2160,Eleito,LEO VICTOR DAMASCENA SALLES,LEO PINDOBA,M,20/06/1989,Válido,36
36456,183,Suplente,NILMA BATISTA DIAS,NILMA DIAS,F,02/10/1962,Válido,36
36800,1830,Eleito,FLÁVIO DE SOUZA PIRES,FLAVIO PIRES,M,20/12/1985,Válido,36
36789,982,Suplente,PATRICK PUPPIN,PATRICK PUPPIM,M,02/09/1979,Válido,36
36987,26,Suplente,MARA RUBIA DE ALMEIDA GOGGE,MARA RUBIA GOGGE,F,19/03/1984,Válido,36
36013,38,Suplente,ANTONIO ALVES FILHO,ANTONIO TAXISTA,M,31/03/1972,Válido,36
36100,364,Suplente,EDSON WANDER MARQUIORE,EDSON MINEIRO,M,08/02/1970,Válido,36
36777,862,Suplente,SAN CLEVER NUNES COUTINHO,SAN CLEVER,M,14/09/1981,Válido,36
36000,626,Suplente,ANA CAROLYNA CALDEIRA MOURA,CAROL CALDEIRA,F,25/05/1977,Válido,36
36007,408,Suplente,ANTONIO ALVES PEREIRA,ANTONIO CEARA,M,18/03/1957,Válido,36
36444,412,Suplente,FABIO STORCH,FABINHO POMAR,M,28/04/1980,Válido,36
50350,435,Não eleito,JOSÉ AILTO VARGAS DA ROSA,PROFESSOR AILTO VARGAS,M,03/04/1963,Válido,50
50123,773,Não eleito,LEANDRA MENDES DA SILVA BARRETO,LEANDRA MENDES DA SILVA PIFFER,F,16/02/1987,Válido,50
43100,71,Suplente,ROSELY MARIA SANTOS PISSINATTI,ROSELY PISSINATI,F,02/09/1966,Válido,43
43200,312,Suplente,MARCOS MARTINS DE SOUZA,MARQUINHO DO PADARIA,M,18/09/1980,Válido,43
43222,33,Suplente,EUNICE MARIA GUSMÃO BOLOGNA,EUNICE GUSMÃO,F,09/11/1949,Válido,43
43444,910,Suplente,ADILSON CARLOS GODINHO,GODINHO DO GAS,M,30/08/1980,Válido,43
43600,335,Suplente,ERASMO VIEIRA DOS SANTOS,ERASMO TIBU,M,12/09/1966,Válido,43
43888,523,Suplente,ELIESER FERREIRA,ELIESER FERREIRA,M,07/08/1969,Válido,43
43000,1172,Suplente,BELARMINO NUNES FILHO,BELO,M,12/11/1969,Válido,43
43300,516,Suplente,PAULO ASAFE DOS SANTOS,PAULO ASAFE,M,31/07/1970,Válido,43
43700,918,Suplente,JOÃO PAULO MODENEZE RODRIGUES,JOÃO PAULO MODENEZE,M,09/07/1990,Válido,43
43555,21,Suplente,RONNY JOSÉ CARVALHO LOPES,RONNY LOPES,M,19/03/1968,Válido,43
43123,115,Suplente,PAULO SERGIO ROCHA,PAULO ROCHA,M,29/05/1978,Válido,43
43333,1282,Eleito,D'ORLEANS TRINDADE VAZ,D'ORLEANS SAGAIS,M,19/12/1984,Válido,43
43900,64,Suplente,ADILSON RIBEIRO COSTA,BATATA,M,29/10/1964,Válido,43
43040,33,Suplente,GLEICY DOS SANTOS DA VITÓRIA,GY SANTOS VITÓRIA,F,02/05/1979,Válido,43
43111,31,Suplente,ROSILENE DA PIEDADE GUEDES LOIOLA,ROSE GUEDES,F,13/09/1967,Válido,43
43999,18,Suplente,ELIAS MIGUEL VENCESLAU DA SILVA,ELIAS MIGUEL,M,16/11/1981,Válido,43
43043,451,Suplente,MARIANGELA FERNANDES TEIXEIRA,PITI TEIXEIRA,F,19/08/1955,Válido,43
43432,38,Suplente,ANA CRISTINA SANTOS TAVARES,ANA CRISTINA,F,07/06/1971,Válido,43
43500,45,Suplente,VANILDO SIMÕES,XORORÓ DO CARVÃO,M,08/07/1957,Válido,43
43777,931,Suplente,JOSÉ CARLOS AGNANO,ZEZINHO TAXISTA,M,27/02/1962,Válido,43
40153,926,Suplente,ELISÂNGELA FRAGA DE OLIVEIRA DA SILVA,ELISÂNGELA DA GUARDA,F,07/02/1979,Válido,40
40300,158,Suplente,RITA GABRIELA DA SILVA,RITA GABRIELA,F,15/06/1953,Válido,40
40404,314,Suplente,FABÍOLA VASCONCELLOS PATTA SAMPAIO,PROFESSORA FABÍOLA SAMPAIO,F,04/11/1969,Válido,40
40007,440,Suplente,MARCELO DE AZEVEDO COUTINHO,PROFESSOR MARCELO,M,07/09/1969,Válido,40
40321,197,Suplente,LILIA RÚBIA LARANJA,ENFERMEIRA LILIA LARANJA,F,25/07/1977,Válido,40
40040,412,Suplente,VALDIR DOS SANTOS RAMOS,VALDIR RAMOS,M,04/11/1975,Válido,40
40100,803,Suplente,LUIZ GUSTAVO POTKUL DE OLIVEIRA,LUIZ GUSTAVO,M,07/10/1990,Válido,40
40400,413,Suplente,JONAS RENATO ROSA CABRAL,JONAS CABRAL,M,15/11/1960,Válido,40
40221,71,Suplente,REGINA MARIA DA CONCEIÇÃO,REGINA MARIA,F,01/10/1959,Válido,40
40004,193,Suplente,ACHILLES LEANDRO VICENTE SOARES,ACHILLES SOARES,M,14/04/1985,Válido,40
40444,320,Suplente,LEONISIO MARTIM BARATELLA,BARATELLA,M,23/12/1964,Válido,40
40777,172,Suplente,LEILA CRISTINA HONÓRIO BAYER PINA,LEILA BAYER,F,27/09/1969,Válido,40
40999,81,Suplente,LUIZ PIO FAGUNDES,DOM FAGUNDES,M,11/07/1966,Válido,40
40234,226,Suplente,ANA MARIA DOS SANTOS ALECRIM,ANA ALECRIM,F,21/10/1969,Válido,40
40512,162,Suplente,VALDECY PEREIRA PENHA,VALDECY DAS PANELAS,M,26/02/1962,Válido,40
40456,208,Suplente,ODALZO DA SILVA,ODALZO DA SILVA,M,09/07/1963,Válido,40
40700,77,Suplente,SEBASTIÃO AFONSO MARTINS NETO,AFONSO DO ALECRIM,M,02/08/1960,Válido,40
40200,149,Suplente,HAVENS DAMASCENO,PROFESSOR HAVENS,M,11/06/1976,Válido,40
40600,58,Suplente,EUGÊNIO SOUZA DOS SANTOS CARVALHO,EUGÊNIO CARVALHO,M,06/03/1987,Válido,40
40111,72,Suplente,HARLEY HENRIQUE DUARTE PEREIRA,PROFESSOR HARLEY HENRIQUE,M,18/08/1982,Válido,40
40005,164,Suplente,JOÃO MOREIRA DUTRA FILHO,JOÃO DUTRA,M,31/05/1977,Válido,40
40000,286,Suplente,DANIEL FERREIRA DE SOUZA,DANIEL PIO,M,18/03/1993,Válido,40
40222,1508,Suplente,JOÃO ARTEN,JOÃO ARTEM,M,21/06/1954,Válido,40
40333,1018,Suplente,ADRIANO TEIXEIRA DA SILVA,BRUNO VITALINO,M,20/06/1977,Válido,40
40190,347,Suplente,DENYS SANTOS MASCARENHAS,DENYS,M,11/12/1965,Válido,40
40123,2935,Eleito,PATRÍCIA CRIZANTO DA SILVA,PATRÍCIA CRIZANTO,F,23/04/1983,Válido,40
18777,17,Não eleito,THAISA PRAZERES GARCIA BERQUO,THAISA GARCIA,F,25/06/1984,Válido,18
18123,195,Não eleito,CLEZIO JADEJISCHI RIBEIRO,CLEZIO CADEIRANTE,M,03/07/1976,Válido,18
18222,227,Não eleito,ALBERTO STEIN NETO,ALBERTO STEIN,M,05/12/1964,Válido,18
18180,497,Não eleito,BRENDA LAU PEREIRA,BRENDA LAU,F,25/03/1999,Válido,18
18246,54,Não eleito,NAILTON LIMA VIEIRA,NAILTON DA SAUDE,M,24/06/1977,Válido,18
18355,23,Não eleito,RENATO ALVES DA SILVA,RENATO ATIVISTA,M,03/11/1967,Válido,18
18000,1169,Não eleito,GIOVANI ROSSONI,PROFESSOR ROSSONI,M,16/09/1968,Válido,18
18456,122,Não eleito,CLAUDIOMIRO DE OLIVEIRA DA SILVA,CLAUDIO DO CLORO,M,03/07/1972,Válido,18
18555,198,Não eleito,WILSON SILVA,WILSON ROGERIO,M,10/05/1971,Válido,18
18181,284,Não eleito,CAROLINA FREIRE PITOL,COLETIVA CAROLINA PITOL,F,09/11/1983,Válido,18
18888,555,Não eleito,ANDRÉ LUIZ ZUCCHETTO DE ABREU,ANDRE ABREU,M,19/05/1992,Válido,18
18007,22,Não eleito,NILO SERGIO FERREIRA DE BRITO,NILO DO BARGANHA,M,21/06/1962,Válido,18
18133,16,Não eleito,SANDRA HELENA SANTOS ANDRADE,SANDRA BAIANA,F,14/06/1968,Válido,18
18111,307,Não eleito,FABIANO FERNANDES PEREIRA,FABIANO PEREIRA,M,21/05/1975,Válido,18
18789,74,Não eleito,KEILA SOUZA LUCAS,KEILA SOUZA,F,26/02/1964,Válido,18
10722,65,Suplente,SONIRLEI DOS SANTOS BARBOSA,MICHELE SANTOS,F,10/09/1977,Válido,10
10789,393,Suplente,SÉRGIO TRISTÃO CORTELETTI,DR SÉRGIO CORTELETTI,M,10/01/1974,Válido,10
10222,377,Suplente,AILTON ARAÚJO PEIXOTO,AÍLTON PEIXOTO,M,04/01/1979,Válido,10
10061,105,Suplente,SÉRGIO RORIZ MOREIRA,SÉRGIO RORIZ,M,28/11/1976,Válido,10
10777,28,Suplente,MARCELA OLIVEIRA CELANTE LOPES,MARCELA CELANTE,F,13/07/1981,Válido,10
10123,1507,Eleito,DEVANIR FERREIRA,DEVANIR FERREIRA,M,09/08/1978,Válido,10
10059,48,Suplente,ROBERTSON JOSÉ BARCELOS CARVALHO,ROBERTSON BETINHO DA FEIRA,M,25/09/1961,Válido,10
10200,1338,Suplente,BRUNO AMARAL ROCHA,BRUNO ROCHA,M,10/05/1985,Válido,10
10800,136,Suplente,CÉLIA CARCKENO GOMES,CÉLIA CARCKENO,F,23/05/1966,Válido,10
10133,1470,Suplente,ANTONIO SÉRGIO BATISTA,SERGINHO DO SALÃO,M,17/08/1965,Válido,10
10900,272,Suplente,ELCIONE BATISTA DIAS,ELCIONE DA CLÍNICA DR ORNELLAS,F,12/02/1961,Válido,10
10573,14,Suplente,RONALDO DE PAULA,TIO RONALDO,M,15/08/1956,Válido,10
10888,47,Suplente,ROSA HELENA WINTER ESPOLADOR,ROSA ESPOLADOR,F,16/02/1952,Válido,10
10300,140,Suplente,VALMIR PASSON,VALMIR PASSON DO GÁS,M,24/06/1969,Válido,10
10333,1278,Suplente,IVAN RODRIGUES ARPINI,IVAN ARPINI,M,10/10/1983,Válido,10
10000,1005,Suplente,GILSETE DOS SANTOS LOPES,GILSETE LOPES SIMPLESMENTE GIL,F,03/05/1967,Válido,10
10111,482,Suplente,MÁRIO ROGÉRIO BONOMO SANTA CLARA,MARIO SANTA CLARA,M,27/10/1976,Válido,10
10100,409,Suplente,LEONARDO DA COSTA SOUZA,LÉO COSTA,M,04/01/1978,Válido,10
10444,152,Suplente,EDUARDO VILLAR DE ARAÚJO,DUDU,M,19/07/1964,Válido,10
10007,74,Suplente,ANA CLÁUDIA VIEIRA NEVES ROSA,ANA CLAUDIA ROSA,F,01/06/1971,Válido,10
10131,93,Suplente,EVA BARONE AURICH,EVA BARONE AURICH,F,13/10/1967,Válido,10
10666,68,Suplente,ELIS CARDOSO DA FÉ,ELIS CARDOSO DA FÉ,M,29/10/1956,Válido,10
10500,832,Suplente,HIGINO OLIVEIRA FILHO,HIGINO OLIVEIRA,M,08/07/1959,Válido,10
10555,327,Suplente,ARNALDO BORBOREMA DA SILVA,SARGENTO ARNALDO,M,12/06/1963,Válido,10
10020,112,Suplente,EDSON MARTINS DE FIGUEIREDO,NEGO VÉI,M,15/12/1965,Válido,10
10700,416,Suplente,HUGO WEYN,DR HUGO WEYN,M,04/11/1977,Válido,10
77077,131,Não eleito,NILTON JOSE DE OLIVEIRA,NILTINHO,M,30/07/1968,Válido,77
77789,3,Não eleito,PENHA MARIA PIN BELLUMAT,PENHA PIN BELLUMAT,F,11/10/1959,Válido,77
77779,379,Não eleito,PETRUS LOPES VEROL SOUSA,PETRUS LOPES,M,09/07/1979,Válido,77
77121,150,Não eleito,LEANDRO RIBEIRO,LEANDRO PIU,M,14/06/1964,Válido,77
77007,117,Não eleito,SANDOVAL GONÇALVES DOS SANTOS,SANDOVAL,M,31/12/1966,Válido,77
77224,69,Não eleito,JORGE LUIZ NIELSEN DE SOUZA,JORGINHO DANÇARINO,M,06/01/1962,Válido,77
77733,49,Não eleito,ALAIR ALVES GUIMARAES,ALAIR DE SANTA RITA,M,29/07/1973,Válido,77
77250,14,Não eleito,JHENNYFER KETLEM OLIVEIRA CAMPOS,JHENNYFER,F,09/04/1994,Válido,77
77000,132,Não eleito,VICENTE RODRIGUES DA SILVA JÚNIOR,VICENTE JUNIOR,M,19/04/1969,Válido,77
77101,67,Não eleito,JOSINEY RIOS GENIZELLI,JOSY GENIZELLI,F,25/04/1962,Válido,77
77200,134,Não eleito,MARCOS GAUDÊNCIO CARDOSO,MARCOS GAUDÊNCIO O MÁGICO,M,20/05/1980,Válido,77
77100,596,Não eleito,PAULO SERGIO BASTARRICA SOARES,PAULO PALHAÇO,M,27/12/1968,Válido,77
77123,262,Não eleito,ELI RODRIGUES PIMENTEL,LILI,M,26/07/1967,Válido,77
77369,283,Não eleito,RENATA CORDEIRO FASSARELLA,RENATA FASSARELLA,F,02/11/1966,Válido,77
77555,272,Não eleito,ROBSON LUIZ MARTINS BARBOSA,CEL ROBSON,M,21/03/1960,Válido,77
77898,4,Não eleito,JOSIANE CELINA ALVES,CELINA FERNANDES,F,25/05/1987,Válido,77
77999,125,Não eleito,ANTONIO LINO MAMEDES,ANTONIO DO ROSÁRIO,M,14/11/1964,Válido,77
77937,32,Não eleito,RAYMUNDO TEIXEIRA FILHO,PROFESSOR RAYMUNDO,M,07/02/1960,Válido,77
77507,1146,Não eleito,JULIO CEZAR RIBEIRO,JULIO MOTORISTA,M,29/07/1969,Válido,77
77027,626,Não eleito,ELICELMO RODRIGUES,MAESTRO ELICELMO,M,21/12/1968,Válido,77
77739,155,Não eleito,MARIA DAS GRAÇAS SÁ,GRACINHA DO MOQUECA,F,28/03/1971,Válido,77
77321,438,Não eleito,JOÃO CARLOS SODRÉ MACHADO,BALERO,M,23/10/1963,Válido,77
77333,22,Não eleito,JULIA KETLYN CANDEIA DOS SANTOS,JULIA KETLYN,F,16/03/2000,Válido,77
77777,187,Não eleito,ARTUR ROSA,ARTUR ROSA,M,29/10/1951,Válido,77
77877,184,Não eleito,ROSANGELA RAMOS DE OLIVEIRA SOUZA REIS,ROSANGELLA SOUZA,F,23/03/1976,Válido,77
19321,57,Suplente,SANDRA MARA GONÇALVES BICUDO,SANDRA MARA,F,27/02/1970,Válido,19
19181,282,Suplente,WILSON ALMEIDA VILA NOVA,WILSON SERRALHEIRO,M,26/11/1979,Válido,19
19444,3255,Eleito,ANADELSO PEREIRA,ANADELSO PEREIRA,M,08/02/1965,Válido,19
19333,307,Suplente,NEIMAR SENRA CARVALHO,NEIMAR DA OFICINA,M,18/03/1972,Válido,19
19005,412,Suplente,BENEDITO PEREIRA,BINO,M,21/12/1961,Válido,19
19248,173,Suplente,CACILDA MADUREIRA VIDAL WALGER,PROFESSORA CACILDA,F,22/09/1965,Válido,19
19099,140,Suplente,LILIA DE SOUZA BARROS DE OLIVEIRA,LILIA BARROS,F,05/07/1964,Válido,19
19009,118,Suplente,WEMERSON ROSA TORRES,PROFESSOR WEMERSON,M,06/03/1978,Válido,19
19615,55,Suplente,SORAYA DO NASCIMENTO LIMA VIANA,SORAYA LIMA,F,06/07/1964,Válido,19
19123,784,Suplente,SABRINA SILVA SANTOS LEONEL,SABRINA LEONEL,F,30/10/1986,Válido,19
19456,232,Suplente,DJALMA LEMOS DO NASCIMENTO NETO,DJALMA LEMOS,M,21/06/1985,Válido,19
19000,3529,Eleito,BRUNO RODRIGUES LORENZUTTI,BRUNO LORENZUTTI,M,07/06/1981,Válido,19
19222,337,Suplente,ESTEVÃO SEPULCHRO GUIMARÃES,SARGENTO ESTEVÃO DAS COMUNIDAD,M,23/05/1969,Válido,19
19192,529,Suplente,FABIO CASTRO AMARAL,FABIO AMARAL DA AMBULANCIA,M,19/10/1972,Válido,19
19700,547,Suplente,GEORGE RITCHIE RIBEIRO NEVES,RITCHIE RIBEIRO,M,19/12/1979,Válido,19
19600,235,Suplente,VALTER SIQUEIRA,VALTER  SIQUEIRA,M,28/07/1980,Válido,19
19777,496,Suplente,NICOLAS DO ESPIRITO SANTO TRANCHO,PROFESSOR NICOLAS TRANCHO,M,06/10/1989,Válido,19
19190,401,Suplente,EMILIO HORTLEB MOREIRA COIMBRA,EMILIO HORTLEB,M,13/03/1968,Válido,19
19199,174,Suplente,ALECSANDER SANTOS DA SILVA,ALEX SHERIFF,M,26/05/1975,Válido,19
19555,560,Suplente,ANTONIO CARLOS DA SILVA,NECO SILVA,M,09/06/1962,Válido,19
19999,222,Suplente,PATRICIA BENTO PRATTI,PATRICIA PRATTI,F,11/03/1980,Válido,19
19111,271,Suplente,ALMIR DA SILVA VERLY,ALMIR CONSTRUTOR,M,18/10/1965,Válido,19
19107,237,Suplente,GISELE DE CAIO SILVA,GISELE DI CAIO,F,27/07/1965,Válido,19
19888,471,Suplente,JOAO RICARDO ALVES CAMPOS,KACA CAMPOS,M,26/11/1977,Válido,19
11234,107,Suplente,SIMONE DOS SANTOS HERINGER FREEMAN,SIMONE HERINGER,F,16/03/1971,Válido,11
11022,512,Suplente,LUZIA DA SILVA MARTINS DOS REIS,LUZIA MARTINS,F,21/03/1969,Válido,11
11192,1137,Suplente,ALCEBIADES DA SILVA CHALHUB,BIDINHO CHALHUB,M,27/07/1963,Válido,11
11222,753,Suplente,MYRTHES DALLA MOREIRA MENDES,MYRTHES MOREIRA,F,02/02/1978,Válido,11
11555,122,Suplente,JOAQUIM INOCENCIO DA SILVA,KIM MOTORISTA,M,30/06/1968,Válido,11
11008,651,Suplente,GEOVANI SILVA,GEOVANI SILVA,M,06/04/1964,Válido,11
11120,670,Suplente,DENIVALDO FALCÃO FERREIRA,DENI LIDERANÇA,M,13/05/1966,Válido,11
11123,1095,Suplente,EDILSON ALVES BIBIANO,EDILSON PINDUCA,M,29/03/1951,Válido,11
11193,979,Suplente,ANTONIO GONÇALVES SIQUEIRA,PM CHICO SIQUEIRA,M,13/01/1961,Válido,11
11567,1018,Suplente,AGUINALDO JAVARINI JUNIOR,JUNIOR JAVARINI,M,25/05/1972,Válido,11
11456,30,Suplente,ELIZETE DOS SANTOS BAPTISTA,ELIZETE,F,02/12/1963,Válido,11
11058,39,Suplente,ANGELA OLIVEIRA FRAGA,ANGELA OLIVEIRA FRAGA,F,07/09/1958,Válido,11
11111,143,Suplente,ELZA CANDIDO FAIAN,ELZA CANDIDO FAIAN,F,28/09/1960,Válido,11
11978,427,Suplente,WELINGTON COSTA BRAGA,DR WELINGTON BRAGA,M,10/03/1966,Válido,11
11045,869,Suplente,MARCOS PAULO NUNES GOMES,MARQUINHOS NUNES,M,04/05/1974,Válido,11
11121,61,Suplente,MARIA DA GLORIA MELLO DA COSTA,GLORINHA DO AÇAÍ,F,13/08/1958,Válido,11
11100,72,Suplente,GISSELLI DEMONIER POSSATTO,PROFESSORA GISSELLI,F,01/02/1971,Válido,11
11333,461,Suplente,WILSON CORREIA DOS REIS,WILSON REIS,M,04/02/1980,Válido,11
11038,206,Suplente,JOSE WILLIAN RODRIGUES XAVIER,JOSE WILLIAN,M,18/01/1987,Válido,11
11777,230,Suplente,LUIZ CARLOS MARTINS,LUIZÃO DO ATAIDE,M,21/11/1962,Válido,11
11800,44,Suplente,DORALICE FERREIRA DE ALMEIDA,ENFERMEIRA DORALICE,F,16/05/1959,Válido,11
11500,474,Suplente,DAVID KUSTER DA SILVA,DAVID KUSTER,M,03/05/1977,Válido,11
11200,913,Suplente,ERILDO AUGUSTO DA SILVA,ERILDO DO SALÃO,M,09/07/1972,Válido,11
11011,1973,Eleito,RENZO RAMALHO MENDES,RENZO MENDES,M,17/04/1991,Válido,11
11017,46,Suplente,NORMA HELENA CONTARATO,NORMA CONTARATO,F,12/09/1961,Válido,11
11000,1303,Suplente,FABIO BARCELLOS,FABIO BARCELLOS,M,04/05/1976,Válido,11
15112,59,Não eleito,LUIZ CARLOS DE SOUZA,LUIZ CARLOS DA SAUDE,M,23/05/1973,Válido,15
15100,703,Não eleito,BRUNNO LUIZ TEIXEIRA COSTA,BRUNNO COSTA,M,26/12/1986,Válido,15
15123,284,Não eleito,NILZETE NUNES MENEGUELLI,NILZETE MENEGUELLI,F,21/05/1954,Válido,15
25333,3502,Suplente,IVAN CARLINI,IVAN CARLINI,M,14/05/1960,Válido,25
25600,2099,Suplente,MARCOS ANTONIO RODRIGUES,MARCOS RODRIGUES,M,12/08/1952,Válido,25
25200,61,Suplente,DAIANA BRONZE DOS SANTOS,DAIANA BAIANA,F,19/10/1986,Válido,25
25025,170,Suplente,NAYDION SUGIZAKI DRUMOND,NAYDION DRUMOND,M,28/01/2000,Válido,25
25500,37,Suplente,HERBERT DE LIMA SOUZA,HBS HERBERT,M,02/09/1977,Válido,25
25700,100,Suplente,ADRIANA MARIA DO SANTÍSSIMO,ADRIANA SANTÍSSIMO,F,20/12/1977,Válido,25
25225,60,Suplente,UÉDMA DE JESUS SOARES,BIA DO SALÃO,F,21/10/1973,Válido,25
25123,181,Suplente,ALGUSTAVO RODRIGUES SCHUNK,PROFESSOR ALGUSTAVO,M,19/05/1959,Válido,25
25800,9,Suplente,NATALIA DE SOUZA,NATALIA  SOUZA,F,25/12/1982,Válido,25
25100,42,Suplente,HERVAL SANTOS CARLOS,PROFESSOR HERVAL TATU,M,27/05/1979,Válido,25
25444,290,Suplente,MICAELA AUDREY SIMMER,MICAELA SIMMER,F,11/12/1999,Válido,25
25010,504,Suplente,ALMERINO NASCIMENTO,PELÉ,M,16/10/1959,Válido,25
25222,474,Suplente,VALTER RITO ROCON,VALTER ROCON,M,01/10/1953,Válido,25
25190,60,Suplente,LUZIMAR MACEDO DELGADO,LUZIMAR,F,12/06/1960,Válido,25
25000,1008,Suplente,PATRIK ANGELIS AGUIAR SOUZA FERREIRA,PATRIK AGUIAR,M,02/05/1973,Válido,25
25007,122,Suplente,NAHUN JECONIAS RODRIGUES PEREIRA,JACÓ DAS MISSES,M,21/08/1952,Válido,25
25555,474,Suplente,DEMILSON MACHADO,DEMILSON MACHADO,M,26/11/1959,Válido,25
25900,45,Suplente,MARTA RODRIGUES DOS SANTOS,MISSIONÁRIA MARTA RODRIGUES,F,23/06/1970,Válido,25
25005,35,Suplente,FLORISMARA PENHA DOS SANTOS SILVA,FLOR FLORISMARA SANTOS,F,04/09/1975,Válido,25
25777,3763,Eleito,ROGÉRIO CARDOSO SILVEIRA,ROGÉRIO CARDOSO,M,15/07/1972,Válido,25
25155,7,Suplente,GLEISIANE FRANCISCA DE PAULA,ANNE,F,07/02/1990,Válido,25
25121,102,Suplente,ANTÔNIO RAFAEL FILHO,RAFAEL,M,27/07/1948,Válido,25
23333,65,Não eleito,ALESSANDRA ZANONI,ALESSANDRA ,F,03/12/1973,Válido,23
23222,506,Não eleito,CARLOS AUGUSTO CHAMOUN DO CARMO,PERITO CHAMOUN,M,29/12/1970,Válido,23
23456,101,Não eleito,DANIEL MARTINS DE SOUZA,DANIEL DO CAMINHÃO,M,07/12/1962,Válido,23
27181,356,Suplente,JOSE BUTZKE SCHREIBER,ZEZINHO,M,19/03/1973,Válido,27
27777,566,Suplente,CARLOS ROBERTO DOS SANTOS RIBEIRO,ROBERTINHO DA MUG,M,18/05/1952,Válido,27
27027,45,Suplente,MARIA LUCIA DOS SANTOS MARIANO,LUCIA SANTOS,F,02/10/1961,Válido,27
27444,1633,Eleito,DEVACIR RABELLO DA SILVA,DEVACIR RABELLO,M,12/10/1976,Válido,27
27300,37,Suplente,EDSON SANTOS DE ABREU,PROFESSOR EDSON ABREU,M,30/03/1981,Válido,27
27360,952,Suplente,ANDERSON PINTO SANTOS,GORDINHO DO BODYBOARDING,M,13/03/1970,Válido,27
27999,815,Suplente,PAULO CESAR DO CARMO,SENSEI PAULO,M,18/11/1955,Válido,27
27007,488,Suplente,LUCIO MARCIO FERREIRA REAL,LUCIO DA SKY,M,23/08/1978,Válido,27
27700,62,Suplente,ARNALDO JESUS VIEIRA,ARNALDO GÁS,M,07/11/1964,Válido,27
27800,677,Suplente,JESLIEL DE SOUZA GOMES,JESLIEL  GOMES,M,02/04/1991,Válido,27
27001,185,Suplente,LEDA MARCIA SANTOS DE ANDRADE,PROFESSORA LEDA MARCIA,F,08/02/1970,Válido,27
27080,6,Suplente,ELAINE MENDONÇA DA SILVA LAURES,ELAINE,F,03/05/1971,Válido,27
27500,930,Suplente,SANDRO GUIO FRANZOTTI,SANDRO FRANZOTTI,M,28/07/1971,Válido,27
27123,586,Suplente,SANDRO MARINS RAUTA,SANDRO RAUTA,M,29/10/1971,Válido,27
27100,78,Suplente,TONIA MOMBRINI CLOSS,TONIA CLOSS,F,13/06/1965,Válido,27
27077,3,Suplente,WANESSA DE LIMA MARCELINO MARTINS DA SILVA,WANESSA LIMA,F,24/06/1977,Válido,27
27643,9,Suplente,AMANDA DA PAZ AZEVEDO,AMANDA AZEVEDO,F,26/06/1995,Válido,27
27222,8,Suplente,ANA CLAUDIA MOURA DOS SANTOS RIBEIRO,ANA CLAUDIA,F,31/05/1987,Válido,27
27555,246,Suplente,ISMAEL DE JESUS SILVA,ISMAEL DE JESUS SILVA,M,09/06/1977,Válido,27
27200,161,Suplente,NOILZA DA PENHA PAGIO GIRELLI,NOILZA PAGIO,F,03/07/1967,Válido,27
27192,126,Suplente,JEFERSON JOSÉ NUNES LORENÇO,SARGENTO JEFERSON NUNES,M,06/04/1969,Válido,27
27888,458,Suplente,JOAO VALERIO,JOAO VALERIO,M,18/05/1974,Válido,27
27900,186,Suplente,JOSÉ CARLOS PINHEIRO,PARAFUSO,M,18/02/1966,Válido,27
27456,289,Suplente,WOLMAR JOSE MEDICI JUNIOR,WOLMAR MEDICI,M,17/05/1963,Válido,27
27000,685,Suplente,VALDENILSON LIMA DOS SANTOS,NENEM LIMA,M,05/10/1977,Válido,27
27333,130,Suplente,GEREMIAS DE JESUS,GEREMIAS ,M,08/08/1969,Válido,27
70123,247,Não eleito,MAURO CESAR VITALINO,MAURO CRUZ,M,05/12/1977,Válido,70
70000,180,Não eleito,JOSE ALVES DE SOUZA,ZÉ DO CANIL,M,03/01/1947,Válido,70
70070,1,Não eleito,DANIELLE RODRIGUES CRUZ DE PAULA,DANIELLE CRUZ,F,02/04/1983,Válido,70
70333,231,Não eleito,MARCOS ANTONIO RANGEL REIS,FALCÃO,M,11/01/1971,Válido,70
70100,46,Não eleito,REJANE PEREIRA CALDANA,REJANE CALDANA,F,05/03/1964,Válido,70
70190,480,Não eleito,VICTOR GATTO NOGUEIRA DA SILVA,PM VICTOR GATTO,M,02/07/1990,Válido,70
70999,1,Não eleito,JANETH MARIA RESENDE VILLELA,DRª JANETH,F,25/12/1952,Válido,70
70222,120,Não eleito,WELLINGTON BATISTA NASCIMENTO PEREIRA,WELLINGTON NASCIMENTO,M,21/08/1976,Válido,70
70007,546,Não eleito,MARCIO FRANKLYN RODRIGUES,MÁCIO DO SALÃO,M,20/12/1986,Válido,70
70515,75,Não eleito,TAMIRES ROSANA DE SOUZA,TAMIRES LIMA,F,21/06/1987,Válido,70
45900,72,Suplente,SYGRID ESTHER BORGES SILVA GARCIA,SYGRID CORRETORA,F,01/09/1976,Válido,45
45455,88,Suplente,ELIANE RODRIGUES RIBEIRO,ELIANE RIBEIRO,F,27/07/1975,Válido,45
45600,312,Suplente,FRANCISCO MANOEL DA CRUZ MAURO,KIKO MAURO,M,29/12/1974,Válido,45
45333,177,Suplente,ANA NERI APRIGIO LEBAL,ANA NERI APRIGIO ZANA,F,06/04/1955,Válido,45
45045,213,Suplente,MOIZES QUINTINO DOS SANTOS,MOIZÉS QUINTINO,M,30/10/1953,Válido,45
45020,385,Suplente,JUCIMARA SANTOS DE OLIVEIRA,NEL SANTOS,F,22/08/1973,Válido,45
45000,2148,Eleito,OSVALDO MATURANO,OSVALDO MATURANO,M,13/09/1972,Válido,45
45100,2057,Eleito,WELBER LUIZ DE SOUZA,WELBER DA SEGURANÇA,M,18/07/1977,Válido,45
45369,333,Suplente,ELSO LUIZ NIEIRO,DUDA DA BARRA,M,25/02/1959,Válido,45
45145,332,Suplente,JOSÉ FRANCISCO VELOSO,FRANCISCO VELOSO,M,08/08/1947,Válido,45
45500,450,Suplente,ARLENE REIS DUTRA,ARLENE DUTRA,F,08/09/1970,Válido,45
45777,298,Suplente,JEAN CALIXTO DIAS ROQUE,JEAN CALIXTO,M,11/10/1979,Válido,45
45122,495,Suplente,DIJONEI MARTINS LIMA,DIJONEI DA SAÚDE,F,19/08/1971,Válido,45
45800,227,Suplente,EMILIO ALVES FERRAZ,EMILIO DO KAIAK,M,11/04/1970,Válido,45
45123,1522,Suplente,ALEXSANDRO RIGUETE RECEPUTE,ALEX RECEPUTE,M,17/01/1975,Válido,45
45999,1759,Suplente,ANA PAULA DUARTE CARDOSO,ANA PAULA,F,25/02/1976,Válido,45
45104,158,Suplente,ROMILSON MARIA DA CUNHA,ROMILSON BAIXINHO HORRÍVEL,M,29/04/1962,Válido,45
45444,1055,Suplente,JOSÉ FERREIRA RIBEIRO,ZÉ FERREIRA DA MATERNIDADE,M,03/11/1968,Válido,45
45626,120,Suplente,MARCIO DA SILVEIRA,MARCIO SILVEIRA,M,05/08/1972,Válido,45
45678,354,Suplente,ALBERTO LEITE DA SILVA JUNIOR,MAMUTE,M,06/05/1958,Válido,45
45700,1176,Suplente,RICARDO PIRES RIBEIRO,RICARDO PIRES,M,01/04/1962,Válido,45
45200,623,Suplente,ELIANE DE OLIVEIRA GAMA SIMÕES,ELIANE SIMÕES,F,07/02/1983,Válido,45
45162,339,Suplente,ALEXANDRE DUTRA SALGADO,ALEXANDRE SALGADO,M,09/10/1966,Válido,45
45555,1793,Suplente,SANDRA MEDEIROS FREITAS GUZZO,SANDRA FREITAS,F,22/06/1966,Válido,45
45321,715,Suplente,LEONARDO PEREIRA GUARÇONI DUARTE,LÉO GUARÇONI,M,06/06/1967,Válido,45
45789,889,Suplente,FERNANDO LOUREIRO DOS SANTOS,FERNANDINHO LOUREIRO,M,18/07/1968,Válido,45
13300,16,Não eleito,THIAGO MAGNO SILVA DE ALMEIDA,THIAGO MAGNO,M,26/06/1988,Anulado,13
13333,830,Não eleito,INES SIMON FERREIRA,INES SIMON,F,01/04/1966,Válido,13
13690,753,Não eleito,FABRICIO DE SANTANA,FABRICIO SANTANA,M,09/04/1979,Válido,13
13800,113,Não eleito,AMBROSIO RIVA JUNIOR,AMBROSIO RIVA JUNIOR BROBRO,M,14/06/1986,Válido,13
13123,198,Não eleito,GERSON FERREIRA DA CONCEICAO,GERSON LANO,M,02/11/1961,Válido,13
13100,114,Não eleito,FATIMA DALEPRANE LYRA,FATINHA DO CAMPO,F,24/04/1968,Válido,13
13013,188,Não eleito,EDMUNDO FRANCISCO DIAS,EDMUNDO DIAS,M,20/11/1970,Válido,13
13500,292,Não eleito,MARIA TERESA FRIZERA,TERESA FRIZERA,F,28/03/1956,Válido,13
13456,140,Não eleito,JOAO BATISTA PIRES DE OLIVEIRA,JOAO PIRES,M,10/06/1964,Válido,13
13910,355,Não eleito,ELISANGELA MONTEMOR COUTINHO,ELISANGELA MONTEMOR,F,08/06/1977,Válido,13
13777,310,Não eleito,JOAO CARLOS DA SILVA PAULINO FILHO,CARLAO DA ADJACENCIA,M,05/07/1978,Anulado,13
13580,841,Não eleito,IZANILDO SABINO,IZANILDO SABINO,M,20/09/1973,Válido,13
13363,133,Não eleito,TANIA DA SILVA,TANIA DA SILVA,F,08/11/1955,Válido,13
13133,167,Não eleito,MAGNO PIRES DA SILVA,MAGNO PIRES,M,03/07/1953,Válido,13
51100,874,Suplente,DARCIO JOSÉ CARDOSO,DARCIO CARDOSO,M,29/11/1967,Válido,51
51777,116,Suplente,ALESSANDRA MARIA ROZA,PASTORA ALESSANDRA,F,29/11/1975,Válido,51
51999,14,Suplente,VALDAINE FRANCELINO DO NASCIMENTO,VAL,F,30/08/1984,Válido,51
51513,845,Suplente,OTAVIO COSTA NETO,NETO DA GUARDA,M,10/04/1995,Válido,51
51800,275,Suplente,ADMILSON SANTANA DE SOUZA,ADMILSON SANTANA,M,28/11/1982,Válido,51
51512,127,Suplente,JOSIANA ALVES NUNES FRANÇA,JOSIANA FRANÇA,F,10/10/1973,Válido,51
51123,1752,Suplente,GEORGE PEREIRA ALVES,GEORGE,M,29/01/1984,Válido,51
51700,940,Suplente,FELIPE TRABACH DA VITORIA,FELIPE TRABACH,M,02/03/1984,Válido,51
51500,276,Suplente,WALDINEY MACHADO BARBOSA,NEY DA PROVISÃO,M,16/08/1970,Válido,51
51444,13,Suplente,DANIANA DE SOUZA MARTINS,DANY,F,06/02/1986,Válido,51
51222,1090,Suplente,AURELIO ROBSON FONSECA DA SILVA,ROBINHO PM,M,14/08/1967,Válido,51
51001,167,Suplente,FRANCO GERALDO OLIVEIRA DE MARTIN,FRANCO DA PRAINHA,M,28/09/1962,Válido,51
51333,655,Suplente,JOÃO GERALDO COELHO,JOAOZIN CABELEIREIRO,M,17/09/1967,Válido,51
51000,1328,Suplente,FABRICIO ALVES DA SILVA ARAUJO,FABRICIO TRACVEL,M,06/10/1977,Válido,51
51888,99,Suplente,MARIA APARECIDA DE JESUS,CIDA DIARISTA,F,15/06/1968,Válido,51
51300,265,Suplente,PEDRO ROBERTO PEREIRA DOS SANTOS,PEDRINHO DA PADARIA,M,29/09/1982,Válido,51
51900,140,Suplente,ALEX SANDRO MELO MAGNAGO,ALEX MAGNAGO,M,26/11/1973,Válido,51
51555,205,Suplente,CELI DE SOUZA ALMEIDA,CELI CONTADORA,F,10/12/1948,Válido,51
51515,76,Suplente,HELENA KLIPPEL DE OLIVEIRA,HELENA KLIPPEL,F,01/09/1955,Válido,51
51051,650,Não eleito,JULIO CESAR DEBOSSAN,JULIO VERMELHÃO,M,11/08/1961,Anulado,51
51302,114,Suplente,DEJAIR DA SILVA OLIVEIRA,DEJAIR DE MARMORARIA,M,31/12/1970,Válido,51
51789,21,Suplente,EDILAINE PONTES PIMENTEL,EDILAINE,F,25/06/1964,Válido,51
51111,1810,Eleito,FABIO NOGUEIRA TELLES,FABIO DO VALE,M,08/05/1976,Válido,51
51122,11,Suplente,GEORGES VOURODIMOS,VOURODIMOS PATRIOTA,M,26/11/1965,Válido,51
51190,1228,Suplente,SANDRO DA SILVA BERNARDES,SARGENTO BERNARDES,M,19/04/1973,Válido,51
30003,149,Não eleito,ANA LÍGIA FREIRE FARINELLI,ANA LÍGIA FARINELLI,F,12/07/1987,Válido,30
30333,503,Não eleito,VANIR CARVALHO PEROZINI,VANIR,F,21/07/1964,Válido,30
30100,294,Não eleito,FELIPE DE ANDRADE NASCIMENTO,PROF FELIPE,M,11/07/1995,Válido,30
30000,780,Não eleito,GABRIEL ELIAS DE OLIVEIRA RUY,GABRIEL RUY,M,06/11/1983,Válido,30
30300,434,Não eleito,MAURO SERGIO SOUSA ANGELO,MAURO ANGELO,M,11/02/1981,Válido,30
30123,1323,Não eleito,JÂNIO JACINTO ARAÚJO,JÂNIO ARAUJO,M,03/07/1962,Válido,30
20123,1391,Suplente,ROBSON FIRME BARROS,ROBSON FIRME,M,05/07/1964,Válido,20
20222,388,Suplente,DANIEL BERNARDES DA SILVA,DANIEL BERNARDES,M,19/08/1962,Válido,20
20200,1863,Suplente,ARLETE DA SILVA SANTIAGO,DONA ARLETE,F,03/10/1947,Válido,20
20555,1293,Suplente,WANDERSON PIRES,WANDERSON PIRES,M,13/08/1976,Válido,20
20000,174,Suplente,FARLIO DE SOUZA FELIX,FARLIO FELIX,M,21/06/1987,Válido,20
20333,2096,Eleito,JONIMAR SANTOS OLIVEIRA,JONIMAR,M,14/09/1960,Válido,20
20677,179,Suplente,ADEMAR DA SILVA GOMES,ADEMAR DO QUEIJO,M,03/12/1959,Válido,20
20010,339,Suplente,EDMAR TEIXEIRA NOGUEIRA,DIMAS DA ELETRODIMAS,M,14/06/1964,Válido,20
20777,114,Suplente,ANA LUCIA TRABA RANGEL,ANA TRABA,F,19/10/1961,Válido,20
20074,73,Suplente,JAILSON PEREIRA GOMES,PASTOR JAILSON GOMES,M,23/07/1974,Válido,20
20789,35,Suplente,OSMAR DE JESUS MATOS,OSMAR MATOS,M,27/04/1954,Válido,20
20001,3,Suplente,ELIANE CASTELLO FRANCO,XUXA,F,22/05/1960,Válido,20
20100,101,Suplente,RONAN BRAGA RODRIGUES,RONAN BRAGA,M,16/11/1987,Válido,20
20237,147,Suplente,ELIOMAR DA SILVA SIMOA,ELIOMAR SIMOA,M,15/08/1967,Válido,20
20505,102,Suplente,WAGNER DIAS DE OLIVEIRA,WAGUINHO CADEIRANTE,M,29/10/1970,Válido,20
20456,226,Suplente,NEUCIMAR FERNANDES GRAMACHO,NEUCI DA SAUDE,F,16/08/1969,Válido,20
20444,331,Suplente,LOURIVAL DE PAULA DIAS,LOURIVAL DIAS GENTE DA GENTE,M,14/10/1976,Válido,20
20141,33,Suplente,LUCIMÁRIA LOPES PEREIRA,PEPEU,F,24/08/1981,Válido,20
20020,719,Suplente,SAMUEL VICENTE BARCELOS NUNES,SAMUEL NUNES,M,01/05/1965,Válido,20
20111,133,Suplente,SANDRA DE SOUZA BUENO,SANDRA BUENO,F,02/03/1970,Válido,20
55400,308,Suplente,MELKEZEDEQUE VIEIRA MENDES,MELKEZEDEQUE ,M,24/02/1971,Válido,55
55100,803,Suplente,DOUGLAS PINHEIRO AZEVEDO DE SOUZA ANDRADE,DOUGLAS PINHEIRO,M,09/04/1988,Válido,55
55012,688,Suplente,ADEILSON DE SOUZA SANTOS,ADEILSON HORTISUPER,M,18/02/1973,Válido,55
55300,9,Suplente,AMANDA GOMES DE JESUS,AMANDA DE JESUS,F,30/03/1996,Válido,55
55181,80,Suplente,WANDERSON GUIMARÃES,DR. WANDERSON GUIMARÃES ,M,10/09/1987,Válido,55
55171,22,Suplente,ROBERTO DUARTE SILVA,SALESIANO,M,29/03/1961,Válido,55
55777,160,Suplente,MARIA DE LOURDES DE SOUZA VARGAS,DRA.LOURDES,F,07/10/1967,Válido,55
55000,146,Suplente,KATIA MARTINS CORRÊA,PROFESSORA KATIA,F,05/10/1967,Válido,55
55700,119,Suplente,ALDICÉA POBEL MARÇAL,CÉIA POUBEL,F,22/10/1973,Válido,55
55555,520,Suplente,GUSTAVO MINERVINO SOUZA FERREIRA,GUSTAVO MINERVINO,M,01/12/1987,Válido,55
55036,1103,Suplente,JOSE HOMERO DAMASCENA,ZE DO RENASCER,M,26/09/1951,Válido,55
55111,138,Suplente,JOSÉ ADRIANO SILVA DOS SANTOS,MOTORISTA ADRIANO,M,06/12/1978,Válido,55
55500,92,Suplente,GABRIEL FRAGA DE OLIVEIRA,GABRIEL FRAGA,M,16/10/1978,Válido,55
55021,136,Suplente,RAPHAEL CUNHA RODRIGUES,RAPHA QG21,M,28/12/1989,Válido,55
55222,1354,Eleito,JOÃO BATISTA BARBOZA,TITA,M,17/06/1966,Válido,55
55444,844,Suplente,ALESSA LARA CASSARO CARNEIRO,ALESSA CASSARO,F,29/12/1998,Válido,55
55010,200,Suplente,VITOR MURILO BARBOSA DA SILVA,VITOR MURILO,M,21/04/1980,Válido,55
55678,987,Suplente,VITOR OTONI DAMASCENO,VITOR OTONI,M,14/09/1992,Válido,55
55999,6,Suplente,MARIA DA PENHA DO CARMO,MARIA DO CARMO,F,10/09/1977,Válido,55
55190,43,Suplente,MYLENA FREITAS FERRARI,MYLENA FERRARI,F,19/07/1997,Válido,55
55882,4,Suplente,CLOVES RODRIGUES FILHO,CLOVINHO ,M,31/07/1966,Válido,55
55123,268,Suplente,EDSON ALBERTINO,ALBERTINO,M,31/08/1970,Válido,55
17800,456,Suplente,FABIO FONTES BARCELOS,SARGENTO FABIO FONTES,M,13/04/1975,Válido,17
17012,324,Suplente,DORIVAL ROZINDO MARCULANO,DORIVAL MARCULANO GELÉIA,M,17/09/1968,Válido,17
17017,164,Suplente,WAGNER PEREIRA BATISTA DIAS,WAGNER DIAS,M,07/01/1985,Válido,17
17000,159,Suplente,RAFAEL SILVEIRA MOTA,RAFAEL DA FARMACIA,M,22/06/1995,Válido,17
17007,5,Suplente,SABRINA SCHMID,SABRINA SCHMID,F,31/03/1983,Válido,17
17777,1602,Eleito,ROMULO HENRIQUE LACERDA,ROMULO LACERDA,M,07/07/1965,Válido,17
17789,292,Suplente,ROBERTO DE FREITAS RANGEL,BETO DO GESSO,M,27/01/1981,Válido,17
17455,67,Suplente,MARLENE LOPES DOS SANTOS,SARGENTO MARLENE,F,05/01/1972,Válido,17
17900,1592,Suplente,WALDOMIRO MONTEBELLER,MIRIM MONTEBELLER,M,01/08/1966,Válido,17
17111,140,Suplente,SHEILA CRISTINA OLIVEIRA CARDOSO DE ANGELI,SARGENTO SHEILA DE ANGELIS,F,13/02/1972,Válido,17
17190,71,Suplente,NILTA CAMPISTA DA SILVA,SARGENTO NILTA CAMPISTA,F,12/10/1968,Válido,17
17776,404,Suplente,MARCELO ALVES SOARES,TIO MARCELO,M,07/01/1981,Válido,17
17101,16,Suplente,MARLI CAMILO ALVARENGA,MARLI DA ACADEMIA,F,22/01/1971,Válido,17
17123,555,Suplente,ALEXSANDER SORRENTINO DUTRA,LEKINHO DE SANTA INES,M,26/12/1985,Válido,17
17999,515,Suplente,VALDECY EFFGEN DE SALES,VALDECY DA FARMÁCIA,M,21/12/1976,Válido,17
17050,25,Suplente,DENILSON DOS SANTOS,DENILSON O ANJO DOS IDOSOS,M,20/06/1968,Válido,17
17222,673,Suplente,JORDAN CASTELLO PEREIRA,JORDAN CASTELLO,M,04/08/1992,Válido,17
17500,26,Suplente,ANDRESSA NEVES SOUZA,ANDRESSA SOUZA,F,23/09/1986,Válido,17
17890,66,Suplente,ANTONIO CARLOS BASSANI,DR ANTONIO CARLOS BASSANI,M,23/07/1946,Válido,17
17020,248,Suplente,RILTON GONÇALVES DE CARVALHO,TIO RILTON,M,12/12/1967,Válido,17
17350,22,Suplente,MARIA TANEA PARDIM DE SOUZA OLIVEIRA,MARY PARDIM,F,08/01/1977,Válido,17
17555,356,Suplente,AILTON CARVALHO DE ABREU,AILTON BAIANO DE BARRAMARES,M,06/03/1980,Válido,17
17181,252,Suplente,MARCELO ALVES,MARCELO BRASILEIRO,M,16/11/1967,Válido,17
17180,70,Suplente,JOSE CARLOS PEREIRA,CARLOS DA PROVIDÊNCIA,M,09/03/1985,Válido,17
17026,52,Suplente,CRISTIANE LOVATE CORREA,CRIS LOVATE,F,26/12/1995,Válido,17
17700,204,Suplente,VAINER RICARDO LEAL,SARGENTO VAINER,M,19/10/1968,Válido,17
90700,62,Não eleito,MARA RÚBIA MATTOS DA SILVA PINTO,MARA RÚBIA MATTOS,F,18/06/1980,Válido,90
90500,74,Não eleito,ANDREIA DIAS SCHWARTZ,ANDREIA SCHWARTZ,F,02/03/1975,Válido,90
90222,229,Não eleito,FABIANO DOS SANTOS ARAÚJO,FABIANO ARAUJO,M,09/11/1978,Válido,90
90100,72,Não eleito,PAULO DIMAS CARVALHO ALVES,PAULO DIMAS,M,21/01/1966,Válido,90
90000,365,Não eleito,JOSÉ FIRMINO GOMES,GOMES DO SALÃO,M,10/12/1969,Válido,90
90999,53,Não eleito,EDILSON DA SILVA LOPES,EDILSON IRMÃO EDILSON,M,06/07/1951,Válido,90
90123,1284,Não eleito,MARCOS VALERIO BAPTISTA DE SOUZA,MARCOS SOUZA MARQUINHOS,M,01/11/1978,Válido,90
90600,71,Não eleito,ERINEA NASCIMENTO CORREA VALADARES,ERINEIA,F,30/05/1986,Válido,90
90117,119,Não eleito,RAULINO DOS SANTOS BARBOSA,RAULINO BARBOSA,M,21/02/1967,Válido,90
90001,3,Não eleito,PRISCILA BARROS DO NASCIMENTO,PRISCILA BARROS,F,31/01/1991,Válido,90
90124,167,Não eleito,AFRANIO RODRIGUES FERREIRA,FRANK GURI,M,03/03/1969,Válido,90
90212,245,Não eleito,JACKSON CORREIA MADURO,PR JACKSON MADURO,M,20/08/1985,Válido,90
90250,32,Não eleito,RUBEM ELESBAO FILHO,RUBEM CHARMOZINHO,M,16/08/1970,Válido,90
90900,115,Não eleito,IDELFONSO SANTOS DA VITORIA,IDELFONSO DA VITORIA,M,29/10/1970,Válido,90
90456,56,Não eleito,LARISSA DE CASTRO LOUREIRO,LARISSA DE CASTRO,F,25/06/1999,Válido,90
90888,60,Não eleito,CELSO IZIODORO DE SOUZA, CELSO SOUZA,M,18/10/1970,Válido,90
90111,50,Não eleito,LUCIA PEREIRA DA SILVA,LUCIA PEREIRA,F,15/12/1963,Válido,90
90777,414,Não eleito,PAULO OLIVEIRA BISPO,PAULO BISPO,M,14/05/1976,Válido,90
90800,27,Não eleito,ELSON DUARTE SILVEIRA,ELSINHO,M,08/05/1960,Válido,90
90090,9,Não eleito,ISTAEL CARLOS NERY DA SILVA,ISTAEL NERY,F,10/02/1963,Válido,90
90171,72,Não eleito,JOSÉ MARCELO DE PAULA,JOSÉ MARCELO,M,16/01/1963,Válido,90
