numero,votos_nominais,situacao,nome,nome_urna,sexo,data_nasc,destino_voto,numero_partido
12555,235,Não eleito,RONALDO SILVA,RONALDO DO BOXE,M,20/02/1974,Válido,12
12624,35,Não eleito,FRANCISCO ALMEIDA FERREIRA,FRANCISCO ALMEIDA,M,10/12/1975,Válido,12
12121,85,Não eleito,FRANCISCO EDMILSON DE ALBUQUERQUE,EDMILSON,M,07/01/1964,Válido,12
12250,22,Não eleito,IVANIR JOSE BESSA DA SILVA,IVANIR,F,19/01/1957,Válido,12
12000,22,Não eleito,JOSE ORLANDO MOTA E SILVA,ORLANDO MOTA,M,29/11/1966,Válido,12
12111,3,Não eleito,CELIA REGINA AGUIAR DE SOUZA,CÉLIA,F,29/12/1968,Válido,12
12345,124,Não eleito,FRANCISCO BRIZOLA ALBUQUERQUE,BRIZOLA,M,06/03/1962,Válido,12
12123,219,Não eleito,CLEODON MARQUES DE FARIAS JUNIOR,CLEODON,M,27/06/1979,Válido,12
12131,36,Não eleito,JOSE DE RIBAMAR DUTRA DA SILVA,BODÃO,M,05/07/1955,Válido,12
12012,64,Não eleito,KLEBER MEDEIROS DE SOUZA,KLEBER,M,11/06/1973,Válido,12
12456,47,Não eleito,ADRIANA MARIA DE SOUZA,ADRIANA,F,07/08/1974,Válido,12
11011,1020,Eleito,GILDEAN DOS SANTOS SOUSA,GILDEAN GARI,M,23/11/1991,Válido,11
11789,276,Suplente,ANTONIO JOBSON ALVES DA SILVA,JOBSON ALVES,M,30/01/1978,Válido,11
11900,9,Suplente,DORACY LEILA RIBEIRO DA SILVA,LEILA BICICLETA,F,05/11/1972,Válido,11
11233,12,Suplente,RAPHAEL SANTOS MEDRADA,RAFAEL MEDRADA,M,24/06/1993,Válido,11
11777,56,Suplente,ELIANA VIANA DA SILVA,ELIANA VIANNA,F,12/01/1976,Válido,11
11321,55,Suplente,MAX ANTÔNIO REIS COSTA,MAX REIS,M,10/08/1984,Válido,11
11456,564,Suplente,NILO CAETANO PINHO CAVALCANTE,NILO CAETANO,M,14/01/1966,Válido,11
11555,173,Suplente,LORENA CRISTINA DOURADO DE SOUZA,PROF LORENA DOURADO,F,24/03/1973,Válido,11
11111,356,Suplente,CARLOS FRANK VIEIRA LIMA JUNIOR,FRANK JUNIOR,M,19/11/1981,Válido,11
11311,33,Suplente,NATHÁLIA DE ANDRADE CARMO,NATHÁLIA DE ANDRADE,F,25/12/1996,Válido,11
11222,327,Suplente,GLEZIANE DÉBORA PONTE GAUTHIER,DÉBORA PONTE,F,09/03/1981,Válido,11
11200,18,Suplente,TAIRA DA COSTA ALMEIDA SOUZA,THAY COSTA,F,04/06/1985,Válido,11
11700,326,Suplente,EDINALDO SILVA SOUSA,NALDO DO CRUVIANA,M,07/05/1983,Válido,11
11007,10,Suplente,ANDRE CORREA DOS SANTOS,ANDRE VILASI,M,17/05/1989,Válido,11
11123,704,Suplente,ELIZABETH SILVA DE ALMEIDA,BETH ALMEIDA,F,05/04/1973,Válido,11
11234,195,Suplente,LUIZ ALBUQUERQUE LOUREIRO,LUIZ DA APOSENTADORIA,M,28/07/1964,Válido,11
11800,180,Suplente,LUNAR KAREN MAGALHAES GOMES,LUNAR MAGALHAES,F,17/07/1978,Válido,11
11500,268,Suplente,CLEODIMAR DE SOUZA FONTOURA,CLÉO DO NOVA VIDA,M,18/08/1983,Válido,11
11999,1013,Suplente,WELLINGTON RABELO LOPES,WELLINGTON LOPES,M,01/03/1990,Válido,11
11611,163,Suplente,JOSÉ CARLOS DE SOUSA JUNIOR,JUNINHO INSUFILM,M,03/05/1965,Válido,11
11226,3,Suplente,RENATA DE CARVALHO BELCHIOR,RENATA CARVALHO,F,05/10/1990,Válido,11
11333,68,Suplente,ADRIÃO NASCIMENTO DE SOUZA,PASTOR ADRIÃO NASCIMENTO,M,03/11/1970,Válido,11
11888,150,Suplente,VALDECI DE FÁTIMA ANTONINI REOLON,VAL DO SALÃO,F,11/02/1973,Válido,11
11000,242,Suplente,LINDOMAR DA SILVA,ENFERMEIRO E PROF LINDOMAR,M,20/10/1976,Válido,11
28006,195,Suplente,KARLA DA SILVA COELHO,KARLOTA DA FEIJOADA,F,25/09/1982,Válido,28
28288,30,Suplente,VICTÓRIA AYRES ROCHA DOS SANTOS,VIVI ROCHA,F,01/07/2001,Válido,28
28156,67,Suplente,NEILA MARIA DE LIMA FRAZÃO,NEILA FRAZÃO,F,25/05/1962,Válido,28
28017,91,Suplente,ELSON BOAVENTURA TERTULINO,ELSON TERTULINO,M,13/11/1970,Válido,28
28028,1625,Eleito,ALINE MARIA DE MENEZES REZENDE CHAGAS,ALINE REZENDE,F,09/11/1979,Válido,28
28420,36,Suplente,ANDRYEL MORAIS MENDES,ANDRYEL MORAIS MENDES,M,01/07/1991,Válido,28
28456,30,Suplente,VANIA LUCIA PEREIRA SILVA DOS REIS,VANIA LUCIA,F,06/07/1975,Válido,28
28228,50,Suplente,VANESSA FRANCIELLY OLIVEIRA DOS SANTOS,VANESSA FRANCIELLY,F,07/12/1992,Válido,28
28000,809,Suplente,OSIEL ANDRADE DE ALCANTARA,OSIEL ANDRADE,M,18/05/1975,Válido,28
28888,27,Suplente,PATRICIA CONCEIÇÃO DE OLIVEIRA,PATRICIA PAIXÃO,F,25/09/1991,Válido,28
28029,66,Suplente,ELISANGELA DE ARAUJO SANTOS,ELISANGELA ARAUJO,F,04/08/1972,Válido,28
28999,77,Suplente,JOÃO CARLOS DOS SANTOS,CEL JOÃO CARLOS,M,09/11/1965,Válido,28
28777,39,Suplente,HAYDEE LUCAS PARREIRA,HAYDEE PARREIRA,F,10/05/1965,Válido,28
28123,298,Suplente,VALDECI MARTINS DOS SANTOS,MAJ MARTINS SANTOS VAL,M,15/07/1966,Válido,28
28002,86,Suplente,GLEISSON MORAIS DA SILVA,GLEISSON MORAIS,M,09/10/1979,Válido,28
28282,157,Suplente,EVALDO FERNANDES BEZERRA,BAMBAM PIRIGUETEIRO,M,01/11/1971,Válido,28
28128,231,Suplente,LUIS FURTADO COSTA,FURTADO,M,23/07/1984,Válido,28
28024,49,Suplente,DIOMAR POLICARPO DE AMARAL,BAIXINHO DO GRÊMIO,M,18/03/1956,Válido,28
28121,42,Suplente,ANDRE LUCAS DA CONCEIÇÃO,ANDRE QUEIXÃO,M,02/06/1992,Válido,28
28111,953,Suplente,DERISVALDO SOUSA DOS SANTOS,DERISVALDO,M,16/12/1968,Válido,28
28026,25,Suplente,FRANCISCA VASCONCELOS MOREIRA,NEIDE VASCONCELOS,F,26/09/1966,Válido,28
28333,539,Suplente,ELTON SOUZA DOS REIS,ELTON REIS,M,08/06/1982,Válido,28
28223,24,Suplente,ABIMAEL NAIVA DA SILVA,ABIMAEL NAIVA DA SILVA,M,21/03/1976,Válido,28
28007,544,Suplente,DORCILIO ERIK CICERO DE SOUZA,PROFESSOR ERIK,M,19/09/1976,Válido,28
28411,90,Suplente,WALDEMIR MACHADO DE AMORIM,NEGÃO FORTE SOM,M,14/01/1983,Válido,28
28444,63,Suplente,VILAUMA DE SOUZA LEITE MARTINS,VILAUMA MARTINS,F,23/01/1978,Válido,28
28280,82,Suplente,VÂNIA MARISA ARAUJO PINHEIRO,VANIA DO LOUREIRO,F,31/08/1973,Válido,28
28193,63,Suplente,NIVALDO CICERO BONFIM,NIVALDO DO BELA VISTA,M,14/02/1977,Válido,28
28851,104,Suplente,ROBERTA GLORIA SOUZA DE ARAUJO,ROBERTA GLÓRIA,F,13/07/1987,Válido,28
28001,36,Suplente,MICHELLE KAREN LUCIANA LOBO,MICHELLE LOBO,F,08/05/1979,Válido,28
28008,371,Suplente,ANDRE CHAGAS CORREA,ANDRE CHAGAS,M,07/04/1977,Válido,28
28234,65,Suplente,GILVAN LOPES BENIGNO,GIL LOPES,M,14/05/1980,Válido,28
28321,60,Suplente,ANTONIO PEREIRA MATOS,MARRETA,M,04/09/1962,Válido,28
28100,460,Suplente,ROSLEY ANDRADE FRANÇA,ROSLEY FRANÇA,M,08/02/1987,Válido,28
28222,63,Suplente,JONATHAN CHARLY SARMENTO BATISTA SALDANHA,JONATHAN DA SAÚDE,M,26/04/1989,Válido,28
20999,143,Suplente,RAMOM DA SILVA DO NASCIMENTO,RAMOM SILVA,M,18/03/2000,Válido,20
20777,401,Suplente,EDIVALDO VICTOR DE LIMA,EDIVALDO LIMA,M,11/04/1967,Válido,20
20900,21,Suplente,MARILENE SILVA DOS SANTOS,MARA MARQUES,F,01/10/1987,Válido,20
20120,52,Suplente,SOLANGE FERREIRA DE SOUSA,SOLANGE FERREIRA,F,18/10/1974,Válido,20
20111,231,Suplente,FRANCIJAMY GOMES MENEZES,JAMES GOMES,M,25/01/1980,Válido,20
20888,71,Suplente,LINDOMAR ALVES ALENCAR,LINDOMAR ALENCAR,M,22/05/1974,Válido,20
20121,19,Suplente,GILVAN DOS SANTOS,GILVAN SANTOS,M,01/11/1986,Válido,20
20000,90,Suplente,GILENO PEREIRA NOGUEIRA,GILENO PEREIRA,M,14/10/1979,Válido,20
20123,247,Suplente,JANDERSON JUNHO DOS REIS BARBOSA,JANDERSON BARBOSA,M,13/06/1974,Válido,20
20220,47,Suplente,REGINALDO GOMES DOS SANTOS,REGIS MACELINHO,M,24/08/1980,Válido,20
20500,48,Suplente,NÁLIA ALVES DE OLIVEIRA,NÁLIA ALVES,F,16/02/1992,Válido,20
20800,236,Suplente,MARIA JOSÉ SOBRAL DA SILVA ALMEIDA,ENFERMEIRA MARIA JOSÉ,F,23/10/1972,Válido,20
20156,970,Eleito,ERONILSON BISPO FEITOSA,NILSON BISPO,M,28/02/1972,Válido,20
20600,74,Suplente,ISMAEL DOS SANTOS MONTEIRO,ISMAEL SANTOS,M,12/06/1995,Válido,20
20202,127,Suplente,CLARICE CUSTÓDIO DE SOUSA,PSICOLÓGA CLARICE,F,27/06/1973,Válido,20
20222,86,Suplente,ISRAEL VIEIRA DA COSTA,PASTOR ISRAEL,M,22/04/1975,Válido,20
20100,31,Suplente,OZIEL STRADIVARIOS DOS SANTOS XAVIER,OZIEL SANTOS,M,10/12/1985,Válido,20
20333,464,Suplente,ELITON TRAJANO ARAÚJO,ELITON ARAÚJO,M,22/06/1985,Válido,20
20456,50,Suplente,KETLEN BRENDA RODRIGUES DE ABREU,KETLEN BRENDA,F,26/04/1995,Válido,20
20300,953,Suplente,EDUARDO JORGE SILVA ROCHA,PASTOR JORGE,M,17/10/1961,Válido,20
22140,207,Suplente,MARIO JANDER CAMPOS OLIVEIRA,MARIO PROTETICO,M,10/02/1973,Válido,22
22400,82,Suplente,FRANCILENE DE SOUZA QUEIRÓS,FRAN QUEIRÓS,F,05/08/1993,Válido,22
22444,442,Suplente,KAROLINA MARREIRO ARAUJO DE SOUZA,KAROL MARREIRO,F,15/04/1987,Válido,22
22120,254,Suplente,MIRIAN CORREIA DE SEIXAS,MIRIAN SEIXAS,F,10/06/1965,Válido,22
22777,269,Suplente,ELEDILSON GOMES BAIA,BAIA GARÇON,M,18/03/1980,Válido,22
22123,190,Suplente,MARCO ANTONIO DA SILVA PINHEIRO,MARCO PINHEIRO,M,03/02/1965,Válido,22
22100,16,Suplente,FERNANDA EMMANUELLE CHAGAS DIAS,FERNANDA DIAS,F,26/02/1989,Válido,22
22666,374,Suplente,RÔMULO ROGER RODRIGUES,RÔMULO RODRIGUES,M,27/01/1974,Válido,22
22456,259,Suplente,ELISANGELA CAVALCANTE DE SOUZA,ELY CAVALCANTE,F,11/12/1974,Válido,22
22222,424,Suplente,ILOIR INACIO DE SOUZA,ILOIR DO DPVAT,M,07/04/1978,Válido,22
22455,676,Suplente,RENAN DE ALMEIDA GONÇALVES,RENAN GONÇALVES,M,03/01/1987,Válido,22
22789,33,Suplente,ADELAIZA ALVES CORREA,DECA,F,04/08/1962,Válido,22
22111,264,Suplente,JUSSARA DE FIGUEIREDO RODRIGUES,JUSSARA RODRIGUES,F,02/01/1986,Válido,22
22007,86,Suplente,EDUARDO ARAUJO TERMINELLE,EDUARDO TERMINELLE,M,05/10/1988,Válido,22
22190,231,Suplente,CARLOS AUGUSTO DE OLIVEIRA SILVERIO,CAPITÃO SILVERIO,M,05/01/1986,Válido,22
22333,79,Suplente,ANDERSON MESQUITA BARROS ALMEIDA,ANDERSON MANDRI,M,20/03/1977,Válido,22
22345,154,Suplente,ALFREDO AMERICO GADELHA,PROFESSOR ALFREDO GADELHA,M,06/05/1959,Válido,22
22180,331,Suplente,NARCISO CARDOSO CAMPOS,NARCISO DA ENFERMAGEM,M,27/09/1969,Válido,22
22127,53,Suplente,LUZIA DA SILVA MATOS,LUZIANE ,F,18/12/1983,Válido,22
22022,1363,Eleito,MARIA INÊS MATURANO LOPES,TUTI LOPES,F,13/01/1984,Válido,22
22121,80,Suplente,PEDRO PINTO ALVES,PEDRO INOX,M,07/09/1958,Válido,22
55155,70,Suplente,ROLDYANNE CAMPOS DA SILVA,DYANNE CAMPOS,F,06/04/1989,Válido,55
55700,162,Suplente,WESLEY CARVALHO DE SOUSA,WESLEY CARVALHO,M,27/10/1995,Válido,55
55505,112,Suplente,FRANCISCO ELIAS DANTAS MONTEIRO,ELIAS DANTAS,M,10/06/1964,Válido,55
55156,111,Suplente,MARCIO VIEIRA OLIVEIRA,MARCIO VIEIRA,M,06/02/1976,Válido,55
55777,391,Suplente,DANIEL MEDEIROS LIMA,DANIEL LIMA,M,15/02/1983,Válido,55
55055,107,Suplente,RICHARLIS ALBERT SILVA DOS SANTOS,RICHARLIS ALBERT,M,17/07/1977,Válido,55
55193,213,Suplente,RAIMUNDO CUTRIM DA SILVA,RAIMUNDO CUTRIM,M,02/06/1967,Válido,55
55000,206,Suplente,HERBERT MACHADO LIMA,HERBERT LIMA,M,12/07/1973,Válido,55
55955,149,Suplente,LANA SÂMARA FERNANDES SOARES,SGT LANA FERNANDES,F,09/09/1983,Válido,55
55345,80,Suplente,SEBASTIAO GUERREIRO DINIZ,SEBASTIÃO GUERREIRO,M,20/01/1960,Válido,55
55190,672,Suplente,ANTONIO CARLOS DOS SANTOS SILVA,CORONEL ANTONIO CARLOS,M,15/05/1966,Válido,55
55455,127,Suplente,REJANE DA LUZ DE QUEIROZ,REJANE DA LUZ,F,30/06/1970,Válido,55
55197,121,Suplente,FRANCISCA PEREIRA ALVES,FRANCISCA ALVES,F,10/04/1979,Válido,55
55105,652,Suplente,AFONSO VALTER PARENTE PINTO,AFONSO PARENTE,M,19/09/1971,Válido,55
55444,14,Suplente,MARESSA CRUZ DE SOUZA,MARESSA LOPES,F,02/03/1997,Válido,55
55655,449,Suplente,LULIA ANDREIA OLIVEIRA DA SILVA,LULIA OLIVEIRA,F,28/09/1973,Válido,55
55234,99,Suplente,JOSE DOMINGOS MENDES,DOMINGOS FOCUS EMPREENDIMENTOS,M,26/12/1981,Válido,55
55111,974,Suplente,THIAGO CÉSAR REIS PEREIRA,PROF. THIAGO REIS,M,30/10/1986,Válido,55
55007,27,Suplente,AMARILDO FARIAS DE CARVALHO,GORDINHO DO UBER,M,13/03/1974,Válido,55
55557,32,Suplente,SILVANA PRZIBILWIEZ QUEIROZ,SILVANA ARAÚJO,F,27/11/1980,Válido,55
55556,57,Suplente,CÉLIO OLIVEIRA DA COSTA,CÉLIO COSTA,M,07/07/1964,Válido,55
55123,380,Suplente,WAGNO ALVES VIEIRA,WAGNO ALVES,M,13/09/1985,Válido,55
55678,1273,Eleito,JULIANA ALVES GARCIA DE ALMEIDA,JULIANA GARCIA,F,28/03/1990,Válido,55
55222,47,Suplente,LEANDRO VIEIRA PINTO,DR. LEANDRO VIEIRA,M,02/08/1978,Válido,55
55999,324,Suplente,IDINALDO CARDOSO DA SILVA,DUNGA SILVA,M,28/05/1977,Válido,55
55456,788,Suplente,ZENILSON DE OLIVEIRA SOUSA,ZENILSON LILA,M,04/09/1980,Válido,55
55520,189,Suplente,RAYÇA VERLANE SILVA SOUZA ALENCAR,RAYSSA FERNANDES,F,01/08/1992,Válido,55
55321,1482,Eleito,ADERVAL DA ROCHA FERREIRA FILHO,VAVÁ DO THIANGUÁ,M,11/10/1979,Válido,55
55789,330,Suplente,WARHMISSON OLIVEIRA DA SILVA,WARHMISSON OLIVEIRA,M,23/05/1988,Válido,55
90555,2,Não eleito,JOÃO DA COSTA MARCELINO,JORNALISTA MARCELINO,M,31/08/1963,Anulado sub judice,90
90345,15,Não eleito,ALTAIR GOMES LEITE,ALTAIR LEITE,M,08/03/1991,Válido,90
90333,25,Não eleito,MAYARA PEREIRA CASUSA,MAYARA MENDES,F,23/01/1992,Válido,90
90234,67,Não eleito,BENEDITO MARCELO MARTINS DE ALMEIDA,MARCELO MARTINS,M,13/05/1990,Válido,90
90123,135,Não eleito,NALMIR BRITO DE QUEIROZ,NALMIR QUEIROZ,M,10/10/1963,Válido,90
90911,9,Não eleito,JEAN CARLOS PEREIRA DUARTE,JEAN DUARTE,M,29/05/1974,Válido,90
90999,53,Não eleito,AIRLYS SUELY DE LIMA CABRAL,TIA SU,F,20/10/1978,Válido,90
90222,23,Não eleito,LOURIVAL RIBEIRO DA SILVA,LOURIVAL RIBEIRO,M,27/12/1963,Válido,90
90021,15,Não eleito,ELIAS JONAS DOS SANTOS SILVA,ELIAS JONAS,M,15/07/1990,Válido,90
90100,1,Não eleito,JOSE MANOEL DE CAMPOS SILVA,JOSE MANOEL DE CAMPOS,M,17/12/1970,Válido,90
90111,50,Não eleito,ORLANDO DA SILVA PINHEIRO,ORLANDO,M,11/04/1966,Válido,90
90444,207,Não eleito,SAIRA BREVES PINTO,SAIRA BREVES,F,18/08/1975,Válido,90
90888,6,Não eleito,BRUCE WENDERSON NERES VIANA,BRUCE VIANA,M,14/02/1998,Válido,90
90456,166,Não eleito,EDIDAMA AMERICO DE LIMA,EDIDAMA,F,03/06/1989,Válido,90
90190,606,Não eleito,DARKSON CORREA MOTA,KINHO CORREA,M,03/07/1976,Válido,90
90188,9,Não eleito,CINTIA MARIA DO CARMO FEITOSA,CINTIA FEITOSA,F,13/11/1973,Válido,90
90000,17,Não eleito,SANDERVANDO NEGREIROS TRINDADE,ZÉ DO OVO,M,15/09/1991,Válido,90
90777,701,Não eleito,CLAUDECI BATISTA ALVES DE JESUS,CLAUDETE DE JESUS,F,20/11/1964,Válido,90
90121,70,Não eleito,PAULO RICARDO SANTOS DA SILVA,PAULO RICARDO,M,14/09/1986,Válido,90
36380,28,Suplente,MARCOS SILAS ROMAO SILVA,MARCOS SILAS,M,14/01/1987,Válido,36
36100,132,Suplente,ALEXANDER CORREA MESQUITA,GARGANTA,M,27/05/1981,Válido,36
36333,188,Suplente,JOSE FLAVIO DE MATOS,FLAVIO DO PADRE CICERO,M,01/03/1971,Válido,36
36000,354,Suplente,GENIVAL FERREIRA LIMA,GENIVAL DA ENFERMAGEM,M,17/08/1977,Válido,36
36999,683,Suplente,VOLNEY NUNES DE MELO,VOLNEY MELO,M,21/02/1967,Válido,36
36700,68,Suplente,PAULO MACELO DE CARVALHO,MARCELO DE CARVALHO,M,05/09/1981,Válido,36
36101,44,Suplente,FRANCISCA PEREIRA DOS SANTOS,NEGA FRAN,F,07/09/1979,Válido,36
36111,801,Suplente,ADRIANO COELHO MORAES,ADRIANO MORAES,M,27/08/1979,Válido,36
36123,364,Suplente,VANESSA FERREIRA MORENO,VANESSA FERREIRA,F,02/05/1993,Válido,36
36777,42,Suplente,ALAI AMARIO DA SILVA,LICA AMARIO,F,06/06/1963,Válido,36
36016,43,Suplente,ROSA APARECIDA AMORIM DE FREITAS,ROSINHA,F,16/08/1969,Válido,36
36300,22,Suplente,WILLIAMS COSTA DA SILVA,WILLIAMS FOGAÇA,M,06/05/1994,Válido,36
36789,150,Suplente,MARIA DARLENE DA SILVA VASCONCELOS,DARLENE VASCONCELOS,F,28/01/1974,Válido,36
36110,1279,Suplente,FRANCK AUGUSTO RODRIGUES SILVA,FRANCK RODRIGUES,M,31/03/1974,Válido,36
36316,13,Suplente,MARIA FERREIRA SARAIVA,MARIA SARAIVA,F,31/05/1965,Válido,36
36077,55,Não eleito,LAZARO VICTOR FERREIRA SILVA,LAZARO FAZENDINHA,M,03/01/1983,Anulado sub judice,36
36258,1791,Eleito,THIAGO COELHO FOGAÇA,FOGAÇA,M,12/10/1983,Válido,36
36555,30,Suplente,ERIKA DANIELLY DE SOUZA MACIEL,ERIKA DANIELLY,F,20/03/1977,Válido,36
36112,31,Suplente,ROGERIO LOPES XAVIER,APOSTOLO ROGERIO LOPES,M,14/05/1970,Válido,36
36456,21,Suplente,GLALBERT ANDERSON DE OLIVEIRA SANTOS,GLALBERTHY OLIVEIRA,M,21/07/1988,Válido,36
36888,134,Suplente,CARMEM LUCIA MORAIS LOPES,CARMEM LUCIA,F,31/07/1969,Válido,36
36136,642,Suplente,BENONES FERREIRA DA SILVA,BENONES FERREIRA,M,08/05/1976,Válido,36
43222,5,Suplente,GENIVALDO CONCEIÇÃO PALHETA DE SOUSA,GENIVALDO PALHETA,M,23/12/1974,Válido,43
43100,27,Suplente,JANILSON DE OLIVEIRA COSTA,JANILSON DO JALECO,M,30/09/1967,Válido,43
43188,1273,Suplente,ANTONIO MALVA NETO,NETO MALVA,M,29/06/1978,Válido,43
43700,31,Suplente,ANTONIA MIRANDA ALENCAR,ANTONIA MIRANDA,F,27/08/1975,Válido,43
43777,197,Suplente,CASSIO GREICK PEDROSO COSTA,JECK DO BURITI,M,05/11/1988,Válido,43
43111,633,Suplente,ADAILTON MENDES GALVÃO,ADAILTON GALVÃO,M,20/01/1984,Válido,43
43900,16,Suplente,SILVIA DE OLIVEIRA SILVA,SILVIA BAIXINHA,F,06/08/1979,Válido,43
43444,15,Suplente,KELINNIS NEGREIROS FERNANDES DE SOUZA CRUZ,KELINNIS NEGREIROS,F,01/07/1988,Válido,43
43555,101,Suplente,JOSE HENRIQUE FERREIRA LEITE,JOSE HENRIQUE,M,07/12/1948,Válido,43
43643,107,Suplente,FRANCISCO FAGNER ALMEIDA BRITO,FAGNER BRITO,M,21/02/1982,Válido,43
43123,1437,Eleito,WAN KENOBBY CHA COSTA,RUAN KENOBBY,M,11/02/1990,Válido,43
43888,127,Suplente,EVANDO ALVES DA SILVA,EVANDO,M,27/01/1975,Válido,43
43210,54,Suplente,ARLINDO MELO FILHO,ARLINDO MELO,M,20/07/1966,Válido,43
43456,35,Suplente,MARCIO JOSE DE SOUSA SILVA,MARCIO JOSE,M,08/03/1977,Válido,43
43190,479,Suplente,ALVARO ALVES NETTO,ALVARO ALVES,M,01/09/1993,Válido,43
43999,37,Suplente,INAJARA DA SILVA SOBRAL,INAJARA SOBRAL,F,27/05/1978,Válido,43
43789,45,Suplente,DERMAILTON BEZERRA DA SILVA,MIUDO,M,12/07/1959,Válido,43
43333,46,Suplente,LEONARDO MOTA MARQUES,LEO MOTA,M,27/01/1989,Válido,43
43990,25,Suplente,MARIA LUZIA FERREIRA DOS SANTOS,LUZIA FERREIRA,F,30/07/1967,Válido,43
43200,900,Suplente,CICERO DE ALMEIDA SILVA,CICERO ALMEIDA,M,23/10/1970,Válido,43
43800,30,Suplente,SELMA RAMOS DE OLIVEIRA,SELMA DO ESPORTE,F,10/03/1982,Válido,43
43043,114,Suplente,CRISTIANA BENICIO VIEIRA,TIA CRYS,F,03/06/1982,Válido,43
43156,17,Suplente,LOURDES ANA DA SILVA,LOURDES ANA,F,20/06/1957,Válido,43
50234,24,Não eleito,LUCIANA ISRAEL DA SILVA,LUCIANA ISRAEL,F,09/08/1991,Válido,50
50777,43,Não eleito,ANA LIDIA MELO DO AMARAL,LIDIA,F,07/08/1984,Válido,50
50555,18,Não eleito,DENIS DE ALMEIDA RIBEIRO,DENIS ALMEIDA,M,22/05/1978,Válido,50
50123,254,Não eleito,FRANCISCA SILVA DE ANDRADE,JUNTAS BOA VISTA,F,24/09/1979,Válido,50
50102,99,Não eleito,BARONSO LUCENA FERREIRA,CHAPA LGBT BV,M,03/11/1987,Válido,50
50789,170,Não eleito,ROBERT DAGON DA SILVA,ROBERT DAGON,M,16/02/1958,Válido,50
50456,30,Não eleito,JOSE LUIS OCA,LUIS OCA,M,13/06/1956,Válido,50
40156,225,Não eleito,FABRICIO CARDOSO NUNES,FABRICIO NUNES,M,29/03/1985,Válido,40
40444,37,Não eleito,DIANA MARIA DE ALENCAR AMORIM,DIANA DO POVÃO,F,03/11/1977,Válido,40
40333,2,Não eleito,CARLOS RODRIGO DOS SANTOS,CARLOS RODRIGO,M,12/11/1985,Válido,40
40000,265,Não eleito,NAMIS LEVINO DA SILVA FILHO,NAMIS LEVINO,M,07/10/1964,Válido,40
40777,23,Não eleito,FRANCIELE DA SILVA SOUZA,PROFESSORA FRAN,F,23/04/1985,Válido,40
40040,26,Não eleito,VALDENOR TAVARES DA SILVA,VALDENOR NEGO VELHO,M,02/08/1952,Válido,40
40111,1,Não eleito,BRENO DIEGO ARAUJO DE SOUZA,BRENO SOUZA,M,19/02/1999,Válido,40
40899,137,Não eleito,LUIZ TENISSON DANTAS,CHRIS DO BLUSÃO,M,14/11/1988,Válido,40
40555,97,Não eleito,JOHNSON ARAUJO PEREIRA,DR JOHNSON,M,24/10/1972,Válido,40
40123,93,Não eleito,ANGELA REGINA FERREIRA LIMA,ANGELA LIMA,F,23/10/1973,Válido,40
40222,24,Não eleito,MARIA DO CARMO DA SILVA SANTOS,MARIA DO CAMELÔ,F,18/12/1969,Válido,40
40223,18,Não eleito,LUCINETE DE SOUSA,NETE DO SANTA LUIZIA,F,01/05/1970,Válido,40
40999,80,Não eleito,FRANCISCA ÂNTONIA MOREIRA DE CASTRO,FRAN CASTRO,F,18/03/1988,Válido,40
40888,57,Não eleito,MARCONE CARVALHO SILVA,MARCONE CARVALHO,M,18/12/1966,Válido,40
40401,46,Não eleito,WYLSON RODRIGUES DA SILVA,WYLSON SILVA,M,04/08/1988,Válido,40
14567,68,Suplente,JULIETE DA SILVA CLEMENTINO,JULIETE CLEMENTINO,F,28/09/1989,Válido,14
14433,40,Suplente,PEDRO DE ALMEIDA SOUZA,PEDRO DO SINDICATO,M,30/09/1963,Válido,14
14171,20,Suplente,JOSÉ RICARDO BARBOSA DE BRITO,POLIVALENTE,M,12/12/1979,Válido,14
14441,128,Suplente,CLAUDIO APARECIDO DA SILVA,PAULISTA,M,28/11/1957,Válido,14
14444,21,Suplente,KATIANE ALVES REIS,KATIA REIS,F,12/12/1981,Válido,14
14777,512,Suplente,ALEXANDRE MOTA MONTEIRO,LECO MOTA,M,11/03/1981,Válido,14
14888,390,Suplente,JULIANA DE SOUZA SILVA,PROFESSORA JULIANA,F,02/10/1979,Válido,14
14122,226,Suplente,LONGUINHO PETERSON DA SILVA CASTRO,LONGUINHO PETERSON,M,16/06/1974,Válido,14
14231,141,Suplente,LEOMA FERREIRA,LEOMA FERREIRA,F,20/05/1973,Válido,14
14000,1417,Suplente,RORAIMA DIAS VERAS,RORAIMA  VERAS,M,19/05/1963,Válido,14
14012,237,Suplente,CONSOLATA FARIA ALVES,CONSOLATA FARIA,F,27/09/1963,Válido,14
14800,44,Suplente,ALEXSANDRO BARBOSA,ALEX BARBOSA,M,29/12/1982,Válido,14
14789,1799,Eleito,ILDERSON PEREIRA SILVA,DR ILDERSON,M,17/02/1983,Válido,14
14111,735,Suplente,MONICA NOGUEIRA TERTO DE SOUSA,MONICA NOGUEIRA,F,20/09/1987,Válido,14
14555,46,Suplente,DJANIRA BATISTA DA SILVA FREITAS,DJANIRA FREITAS,F,26/06/1971,Válido,14
14333,143,Suplente,JOSE NILTON MATIAS LIMA,ZÉ NILTON,M,25/12/1968,Válido,14
14100,337,Suplente,MIKAELLYSON MARTINS DA SILVA,MIKA MARTINS,M,24/04/1986,Válido,14
14014,538,Suplente,MARINALDO BRITO COSTA,MARINALDO BRITO,M,13/02/1969,Válido,14
14456,58,Suplente,LEONARDO DALAZOANA DE FRANÇA,LEONARDO DALAZOANA,M,13/08/1980,Válido,14
14222,176,Suplente,BRUNO CARVALHO CORREIA,BRUNO CARVALHO,M,27/08/1986,Válido,14
14114,38,Suplente,ROGERIO MIRANDA,ROGERIO MIRANDA,M,01/07/1949,Válido,14
14123,7,Suplente,SANDRO ALVES MIRANDA,SANDRO PITBULL,M,26/03/1970,Válido,14
17017,308,Suplente,OSMAR FRANCISCO SAMPAIO DA SILVA,OSMAR SAMPAIO,M,28/12/1969,Válido,17
17022,142,Suplente,NILMARA SUELY DA SILVA MELO,MARA DO PEDRA PINTADA,F,16/03/1977,Válido,17
17000,435,Suplente,MARCOS ANDRÉ CARNEIRO DANTAS,MARCOS CARNEIRO,M,20/11/1987,Válido,17
17077,97,Suplente,LUCIA ROSANIA MONTEIRO BEZERRA,LUCIA DA DECORAÇÃO,F,29/03/1968,Válido,17
17444,195,Suplente,FRANCIVAL DA SILVA SANTOS,CORONEL FRANCIVAL,M,02/05/1970,Válido,17
17121,37,Suplente,ANTONIO SANTOS SILVA,SANTOS SILVA,M,12/12/1951,Válido,17
17117,561,Suplente,PRISCILLA DE SOUZA VICENTE,SARGENTO PRISCILA,F,13/10/1984,Válido,17
17547,289,Suplente,RUI DE OLIVEIRA NUNES,RUI DA SAÚDE,M,22/11/1960,Válido,17
17422,274,Suplente,RAIMUNDO BARBOSA DE OLIVEIRA,RAIMUNDO DOS PERFUMES,M,31/01/1977,Válido,17
17456,238,Suplente,WESLLEY DANNY DANTAS FORMIGA,PROFESSOR WESLLEY,M,29/09/1982,Válido,17
17040,480,Suplente,BRUNO RODRIGUES BARROS,BRUNO DA TRIGOS,M,25/10/1980,Válido,17
17123,309,Suplente,MARILIA DEBORA ARAUJO DE ALMEIDA,MARILIA PASCOAL,F,12/05/1977,Válido,17
17772,141,Suplente,KLAYDE DA SILVA CARNEIRO,KLAYDE CARNEIRO,F,15/08/1980,Válido,17
17100,47,Suplente,RACHEL MAYSA SOUZA GOMES,RACHEL,F,09/12/1997,Válido,17
17777,821,Suplente,VELTON QUINCOZES POLETO,SARGENTO VELTON,M,02/03/1977,Válido,17
17567,100,Suplente,JUAREZ DE JESUS,JUAREZ DO SALÃO PLACAS,M,11/03/1970,Válido,17
17193,151,Suplente,ROBERTO DEIVIDE TEIXEIRA DA SILVA,ROBERTO BOMBEIRO,M,01/05/1981,Válido,17
17457,131,Suplente,GILSON CELINO DE SOUZA,GILSON CELINO,M,05/03/1977,Válido,17
17111,108,Suplente,ROSINALVA LOPES DOS SANTOS,ROSA SMITH,F,02/11/1970,Válido,17
17222,154,Suplente,ELIETE ARAUJO FERREIRA,ELIETE DA FEIRA,F,06/10/1981,Válido,17
17555,118,Suplente,FRANCYS HALLY DA SILVA CASTRO,ENFERMEIRO FRANCYS,M,08/10/1985,Válido,17
17888,31,Suplente,FABIANO ANTONIO DA SILVA XAVIER,FABIANO XAVIER,M,26/04/1978,Válido,17
17235,169,Suplente,HELISON LEISSER PEREIRA DE SOUZA,HELISON DE SOUZA,M,08/04/1986,Válido,17
17717,651,Não eleito,JOÁO BATISTA CATALANO,PROF CATALANO,M,26/12/1970,Anulado sub judice,17
17170,123,Suplente,KELIANE BARROS DOS SANTOS,KELIANE BARROS,F,21/02/1986,Válido,17
17177,263,Suplente,MORONI DE OLIVEIRA FREITAS,AGENTE MORONI,M,06/05/1977,Válido,17
17234,79,Suplente,LIDIANE MARTA JORGE,LIDIANE LANÇONI,F,11/05/1985,Válido,17
17700,428,Suplente,DENILSON SIMOES DO NASCIMENTO,PROFESSOR DENILSON,M,06/11/1974,Válido,17
17192,1531,Eleito,MELQUISEDEK DA SILVA MENEZES,MELQUISEDEK,M,19/09/1977,Válido,17
17789,366,Suplente,MAX ALEXANDRE RIBEIRO MELO MORAIS,MAX MORAIS,M,01/04/1982,Válido,17
17890,169,Suplente,GIOBERTO DE MATOS JUNIOR,GIOBERTO JUNIOR,M,01/03/1969,Válido,17
17153,1279,Eleito,JULLYERRE PABLO LIMA DA SILVA,GUARDA JULLYERRE PABLO,M,30/01/1989,Válido,17
17007,449,Suplente,ALDO BRAGA DE QUEIROZ FILHO,ALDO BRAGA,M,19/05/1980,Válido,17
13112,262,Não eleito,SIRDENNYS DA SILVA SANTANA,PROFESSORA SIRDENNYS,F,07/06/1975,Válido,13
13666,21,Não eleito,MARCELO MARINHO BERNARDINO,MARCELA MATARAZZO,F,08/03/1981,Válido,13
13013,28,Não eleito,FRANCISCO ARAUJO CHAVES,SHEUL CHAVES,M,07/06/1982,Válido,13
13242,97,Não eleito,JORDEL FERREIRA DOS SANTOS,JORDEL SANTOS,M,03/02/1987,Válido,13
13001,16,Não eleito,VALDILSON MACEDO DOS SANTOS,VALDILSON O PINK,M,13/10/1991,Válido,13
13131,1431,Não eleito,PAULO PEREIRA MOTA,PADRE PAULO MOTA,M,13/07/1978,Válido,13
13123,80,Não eleito,HERBSON DOS SANTOS SILVA,PROFESSOR BETINHO,M,20/10/1980,Válido,13
13698,189,Não eleito,ROBERTO RODRIGUES MORAIS,ROBERTO MORAIS,M,11/03/1978,Válido,13
13777,18,Não eleito,ANDERSON ROMULO GARCIA BRAZ,RÔMULO BRAZ,M,31/10/1983,Válido,13
13333,136,Não eleito,REJANE MESSIAS DE OLIVEIRA CARVALHO,REGY CARVALHO,F,21/08/1972,Válido,13
13234,56,Não eleito,PROFIRO DOS SANTOS BEZERRA,PROFIRO DO VILA JARDIM,M,10/01/1985,Válido,13
13556,879,Não eleito,ANTONIA PEDROSA VIEIRA,PROFESSORA ANTONIA PEDROSA,F,29/06/1979,Válido,13
13031,92,Não eleito,FABIOLA SAMPAIO DOS SANTOS,FABIOLA CUIDADORA,F,04/08/1987,Válido,13
13444,111,Não eleito,OSMAR MORAIS SANTOS,OSMAR MORAIS,M,11/12/1974,Válido,13
13190,13,Não eleito,PAULO DA COSTA FEGUEREDO,PAULO DO CREDIARIO,M,04/12/1983,Válido,13
13888,92,Não eleito,CLEITON CESAR COSTA NOGUEIRA,CLEITON DA CONFECÇÃO,M,16/10/1979,Válido,13
13456,258,Não eleito,ELIAS FREITAS SANTOS,ELIAS FREITAS,M,15/12/1999,Válido,13
13111,198,Não eleito,MARCOS VINICIUS BATISTA,MARCOS VINICIUS,M,25/10/1984,Válido,13
13060,240,Não eleito,EDIANE RODRIGUES LEANDRO,EDIANE RODRIGUES,F,12/10/1983,Válido,13
45111,206,Não eleito,JANDERSON BRITO DE SOUZA,JANDER BRITO,M,26/06/1984,Válido,45
45095,216,Não eleito,OCTÁVIO GASPARINI JUNIOR,OCTAVIO GASPARINI,M,11/04/1991,Válido,45
45444,111,Não eleito,OLAVO PAULO ANDRADE BARROS,MESTRE PAULO BARROS,M,14/06/1975,Válido,45
45758,1,Não eleito,JAMILES RODRIGUES JORDÃO,JAMILLY,F,12/07/1977,Válido,45
45777,688,Não eleito,CÍCERO CARDOZO DE ALMEIDA FILHO,PROFESSOR CÍCERO,M,26/06/1976,Válido,45
45222,97,Não eleito,FABYO THAYGRE DA SILVA DE SOUZA CRUZ,FABYO FILHO DO CHICO DOIDO,M,20/04/2001,Válido,45
45555,70,Não eleito,JOÃO MARIA PEREIRA DA SILVA,JOÃO SILVA,M,28/09/1985,Válido,45
45678,39,Não eleito,MANOEL MESSIAS ALVES FERREIRA,MESSIAS FERREIRA,M,04/11/1972,Válido,45
45345,45,Não eleito,DANIEL ANDRADE FRAGOSO,BISPO DANIEL,M,02/03/1981,Válido,45
45100,72,Não eleito,ALEXANDRITA GOMES SOUTO MAIOR,ALEXANDRITA SOUTO MAIOR,F,06/04/1978,Válido,45
45103,15,Não eleito,DULCINEIA VIANA,DULCE DO CRUVIANA,F,07/11/1977,Válido,45
45190,73,Não eleito,GILTON DE OLIVEIRA LIMA,PROFESSOR GILTON,M,13/11/1974,Válido,45
45123,265,Não eleito,RONDINELE SILVA DOS SANTOS,RONDINELE SINDICALISTA,M,29/08/1976,Válido,45
45125,75,Não eleito,JENNIFER MONARA MEDEIROS SANTOS,JENNIFER MONARA,F,19/06/1988,Válido,45
45745,7,Não eleito,NEUSA MARIA OLIVEIRA,NEUSA COELHO,F,03/04/1961,Válido,45
45455,216,Não eleito,AMANDA DOS SANTOS COSTA,AMANDINHA DO POVO,F,26/01/1998,Válido,45
45101,2,Não eleito,MICHELE MORGANA SOUSA CHAVES,MICHELE MORGANA,F,17/10/1975,Anulado sub judice,45
45250,18,Não eleito,VARLENE MACIEL BARBOSA,MACIEL DETETIVE,M,17/09/1952,Válido,45
45000,51,Não eleito,NATALIA DIAS DOS REIS GONÇALVES,NATALIA REIS,F,25/12/1972,Válido,45
45456,86,Não eleito,ELIAS MONTEIRO LIMA,ELIAS DO SALÃO,M,23/08/1978,Válido,45
45130,5,Não eleito,GABRIELLA YASMIN DOS SANTOS SILVA,YASMIN SANTOS,F,13/06/1995,Válido,45
45333,76,Não eleito,MARILSON DA COSTA MIRANDA,MARILSON DA PANELADA,M,21/02/1984,Válido,45
45809,17,Não eleito,EMERSON DE ASSIS MACHADO,MACHADO,M,06/09/1973,Válido,45
33123,79,Não eleito,SUELLEN PATRICIA GAMA DA SILVA,SUELLEN SILVA,F,20/05/1986,Válido,33
33111,51,Não eleito,ALFEU DE SOUZA GENTIL,ALFEU DE SOUZA,M,06/07/1981,Válido,33
33300,151,Não eleito,WELITON MARIANO DE ASSIS,WELITON DE ASSIS,M,17/12/1963,Válido,33
33190,25,Não eleito,RODOLPHO PEREIRA REBOUÇAS,REBOUÇAS,M,01/06/1974,Válido,33
33033,168,Não eleito,CARLOS MAGNO FRANCO VILA REAL,CARLOS VILA REAL,M,14/10/1993,Válido,33
33306,42,Não eleito,MARIA ISABEL SILVA SANTOS,MARIA ISABEL,F,05/09/1983,Válido,33
33555,71,Não eleito,KELSEN RIVERA QUADROS PERES,KELSEN PERES,M,06/08/1981,Válido,33
33333,6,Não eleito,MESSIAS NONATO FREIRE DE SOUZA,MESSIAS SOUZA,M,26/01/1966,Anulado sub judice,33
33310,40,Não eleito,ARTENUSIA GOMES DOS SANTOS MOTA,ARTENUSIA GOMES,F,09/10/1987,Válido,33
33456,23,Não eleito,TAMARA PEREIRA DE BRITO,TAMARA BRITO,F,20/04/1994,Válido,33
35222,323,Suplente,LUIZ RONALD MAGALHAES ASSEN SOBRINHO,LUIZ DA COOPERMOTOTAXI,M,22/10/1977,Válido,35
35555,643,Suplente,EDIVAN DA SILVA,EDIVAN SILVA,M,14/07/1967,Válido,35
35704,33,Suplente,ANDRÉ BRUNO DA SILVA,BRUNO PACO,M,18/05/1987,Válido,35
35115,1012,Suplente,ROGERIO MATOS MOREIRA TRAJANO JUNIOR,JÚNIOR TRAJANO,M,31/08/1986,Válido,35
35267,37,Suplente,JOSINETE PEREIRA DE SOUSA,JOSINETE,F,02/04/1987,Válido,35
35444,472,Suplente,ELIZABETE BRASIL FERREIRA,BETE BRASIL,F,06/12/1979,Válido,35
35355,84,Suplente,SILVIO DE ALMEIDA QUADROS,SILVIO ALMEIDA,M,15/12/1988,Válido,35
35000,44,Suplente,ORLLES DOUGLAS RODRIGUES MARTINS,PROFESSOR DOUGLAS MARTINS,M,01/05/1968,Válido,35
35999,147,Suplente,MÁRIO FREITAS DE OLIVEIRA,MÁRIO FREITAS,M,10/08/1982,Válido,35
35333,345,Suplente,JANICE BARBOSA BARROS,JANICE BARROS,F,27/03/1971,Válido,35
35123,24,Suplente,SILVIA PEIXOTO VIEIRA,SILVINHA PEIXOTO,F,22/02/1976,Válido,35
35789,1178,Eleito,ADNAN WADSON DE LIMA,ADNAN LIMA,M,23/11/1984,Válido,35
35100,9,Suplente,FÁTIMA RODRIGUES DE SOUSA,FATINHA,F,25/06/1973,Válido,35
35111,987,Suplente,WEULLER JACKSON LOPES DOS PASSOS,FALCÃO DA ACADEMIA,M,15/05/1969,Válido,35
35228,76,Suplente,EDILSON ARAÚJO LOPES,EDILSON DO ALVORADA,M,22/06/1979,Válido,35
35255,452,Suplente,EPITÁCIO PESSÔA DE MORAIS,EPITÁCIO PESSOA,M,18/05/1966,Válido,35
35777,138,Suplente,MESSIAS DOS SANTOS SILVA,DR MESSIAS,M,03/03/1965,Válido,35
35215,10,Suplente,KELLY SALES,KELLY SALES,F,28/07/1972,Válido,35
35456,59,Suplente,DANIEL LARANGEIRA PEIXOTO,PEIXOTO REFRIGERAÇÃO,M,05/01/1981,Válido,35
51174,14,Não eleito,ANTONIA SOARES DA SILVA,ARLETT CABELEREIRA,F,26/06/1963,Válido,51
51369,77,Não eleito,SERGIO DA SILVA GONÇALVES,SERGIO GONÇALVES,M,09/06/1975,Válido,51
51511,32,Não eleito,JUNIO NASCIMENTO,CABOCO JUNIO TU É DOIDO,M,01/09/1975,Válido,51
51205,234,Não eleito,PATRIK LUIS BARROSO MORGADO,PATRIK GARIMPEIRO,M,13/12/1979,Válido,51
51234,427,Não eleito,WALDNEY CASTRO DO ESPIRITO SANTO,NEY CASTRO,M,14/08/1985,Válido,51
51911,10,Não eleito,GISELE SOARES LIMA,GISELE LIMA,F,12/12/1981,Válido,51
51111,737,Não eleito,RAFAEL SOUZA COELHO,RAFAEL COELHO,M,02/03/1984,Válido,51
51156,172,Não eleito,PETERSON FERREIRA GOMES,PETERSON TUBARAO,M,26/03/1982,Válido,51
51333,15,Não eleito,JOSE EDMILSON SOUSA,PASTOR EDMILSON,M,13/02/1957,Válido,51
51777,64,Não eleito,JOSE JHONNE HERBETH PEREIRA CUNHA,SILVIO JHONE,M,14/01/1985,Válido,51
51999,365,Não eleito,MARIA GEZIANE SIMAO MELO,DRA GEZIANE,F,30/11/1980,Anulado sub judice,51
51543,7,Não eleito,PERICLEIS SILVA DE ALMEIDA,PERYS SILVA,M,08/12/1979,Válido,51
51163,98,Não eleito,JACKSON LOPES DA SILVA,JACKSON AMIGO DA GENTE,M,25/08/1974,Válido,51
51300,10,Não eleito,FLAVIA MIKAELE DA CONCEIÇÃO SILVA,FLAVIA MIKAELE,F,28/12/1998,Válido,51
51444,1,Não eleito,MARIA DOS SANTOS MIRANDA DE MESQUITA,MARIA MESQUITA,F,01/11/1970,Válido,51
51500,164,Não eleito,JELFFERSON TEIXEIRA MAGALHAES,JELFFERSON PRIMO,M,15/02/1992,Válido,51
51789,96,Não eleito,STEFFERSON KALFFMAN DE SOUSA VIEIRA,DR STEFFERSON KALFFMAN,M,11/04/1988,Válido,51
51222,65,Não eleito,PAULO ROGERIO LUSTOSA,PAULO LUSTOSA,M,14/07/1965,Válido,51
51238,14,Não eleito,GIRLANE BENTO DA COSTA,GIRLANE COSTA,F,16/04/1999,Válido,51
51555,1106,Não eleito,MARCELO RODRIGUES BATISTA,DR MARCELO BATISTA,M,24/03/1976,Válido,51
51851,25,Não eleito,LILIANE BENTO OLIVEIRA,LILIANE BENTO,F,15/01/1999,Válido,51
51051,383,Não eleito,WERBET NOIA LOPES,WERBET NOIA,M,10/05/1984,Válido,51
51422,54,Não eleito,ANTONIO CESAR SOARES DINIZ,ANTONIO DINIZ,M,14/10/1963,Válido,51
51123,182,Não eleito,FRANCISCO LIMA ARAUJO,PROF LIMA,M,26/03/1965,Válido,51
77123,1117,Suplente,CARLOS OLIMPIO MELO DA SILVA,CARLOS OLIMPIO,M,26/08/1967,Válido,77
77877,627,Suplente,MARIO MARCIO BRITO SAMPAIO,MARIO MARCIO,M,21/12/1977,Válido,77
77221,133,Suplente,EVANILDA UCHÔA DE SANTANA,EVA UCHÔA,F,10/01/1978,Válido,77
77567,45,Suplente,ADELCIMAR AZEVEDO LIMA,ADELCIMAR,F,06/11/1976,Válido,77
77193,63,Suplente,IVANILDE SANTOS DO NASCIMENTO,IVANILDE NASCIMENTO,F,11/08/1976,Válido,77
77672,18,Suplente,LUÍS EUGENIO BRANBILA,LUÍS EUGENIO BRAMBILA,M,28/11/1960,Válido,77
77777,1245,Suplente,WAGNER SILVA FEITOSA,WAGNER FEITOSA,M,19/01/1982,Válido,77
77456,1267,Suplente,ALAN SOUSA ANDRADE,ALAN DO POVÃO,M,15/11/1980,Válido,77
77654,27,Suplente,SWAMY ARCE RIO BRANCO MADURO,SWAMY ARCE,M,12/01/1983,Válido,77
77735,0,Suplente,MARCELO HENRIQUE VIANA SOBRAL,MARCELO HENRIQUE,M,06/11/1988,Válido,77
77444,1629,Eleito,JOÃO KLEBER MARTINS DE SIQUEIRA,KLEBER SIQUEIRA,M,23/06/1992,Válido,77
77715,43,Suplente,PATRICIA MELO DA SILVA,PATRICIA MELO,F,28/02/1980,Válido,77
77231,93,Suplente,RAIMUNDA FERREIRA DE SOUSA,RAIMUNDINHA,F,19/12/1972,Válido,77
77177,81,Suplente,RICHARDI DE OLIVEIRA LIMA,RICHARDI OLIVEIRA,M,22/07/1973,Válido,77
77999,964,Suplente,NILVAN SOUZA DOS SANTOS,NILVAN SANTOS,M,25/09/1980,Válido,77
77333,1677,Eleito,LEONEL DE SOUZA OLIVEIRA,LEONEL OLIVEIRA,M,08/05/1985,Válido,77
77800,325,Suplente,IGOR BRUNO SANTIAGO DE SOUSA,IGOR BRUNO,M,01/02/1994,Válido,77
77222,2094,Eleito,GENILSON COSTA E SILVA,GENILSON COSTA,M,18/05/1981,Válido,77
77000,527,Suplente,FRANCISCO ALVES DOS SANTOS,MC FRANK,M,13/04/1985,Válido,77
77300,187,Suplente,SARA PATRICIA RIBEIRO FARIAS,SARA PATRÍCIA,F,25/08/1970,Válido,77
77555,327,Suplente,JOÃO MARIA MÁRIO CESAR BALDUINO,MARIO CESAR,M,23/01/1961,Válido,77
77897,64,Suplente,JAQUELINE ANDRADE DE OLIVEIRA DOS SANTOS,JAQUELINE SANTOS,F,27/06/1978,Válido,77
77137,383,Suplente,DILSON LOPES ARAÚJO,DILSON ARAÚJO,M,13/07/1984,Válido,77
77190,120,Suplente,JOSIAS FONSECA LICATA,JOSIAS LICATA,M,18/02/1970,Válido,77
77234,394,Suplente,IRACEMA ARALDI,IRACEMA ARALDI,F,06/12/1956,Válido,77
77888,355,Suplente,VINGTUM GOUVEIA PRAXEDES,VANTAN PRAXEDES,M,20/10/1958,Válido,77
77077,16,Suplente,ABEL GUILHERME PESSOA VARJÃO MANGABEIRA DOS SANTOS,ABEL MANGABEIRA,M,13/08/1987,Válido,77
77111,83,Suplente,DENIVAN DE JESUS ALVES PEDROSA,DENI PEDROSA,F,25/09/1976,Válido,77
10123,2307,Eleito,MANOEL NEVES DE MACEDO,MANOEL NEVES,M,19/04/1964,Válido,10
10000,256,Suplente,ANDREZA DA SILVA FERREIRA,ANDREZA FERREIRA,F,13/06/1986,Válido,10
10111,2398,Eleito,GABRIEL MOTA E SILVA,GABRIEL MOTA,M,24/12/1982,Válido,10
10380,1108,Suplente,VALDEILSON DA SILVA,DEILSON BOLSONARO,M,17/07/1977,Válido,10
10007,755,Suplente,MAGNÓLIA DE SOUSA MONTEIRO ROCHA,DR MAGNÓLIA,F,04/09/1954,Válido,10
10456,1617,Suplente,SAMUEL DE JESUS LOPES,PROF SAMUEL,M,09/05/1980,Válido,10
10444,102,Suplente,ANDRE FELIPE FONSECA GONZAGA,ANDRE FELIPE SURDO,M,26/12/1990,Válido,10
10789,2047,Suplente,ADJALMA GONÇALVES,ADJALMA GONÇALVES,M,26/01/1972,Válido,10
10777,2527,Eleito,SANDRO DENIS DE SOUZA CRUZ,SANDRO BARÉ,M,27/08/1974,Válido,10
10258,42,Suplente,JOSÉ DA CRUZ RODRIGUES,ZEZINHO DAS PANELAS,M,03/09/1982,Válido,10
10800,648,Suplente,LUIS CLÁUDIO DE JESUS SILVA,PROFESSOR LUIS CLÁUDIO,M,25/05/1971,Válido,10
10888,101,Suplente,RHAUAN HULEK LINARIO LEAL,RHAUAN LEAL,M,06/04/1983,Válido,10
10333,2775,Eleito,ÍTALO OTÁVIO TEIXEIRA PINTO,ÍTALO OTÁVIO,M,13/07/1986,Válido,10
10222,123,Suplente,ZILEIA CONCEIÇAO DA SILVA,ZILEIA SILVA,F,22/08/1953,Válido,10
10555,421,Suplente,HADASSA MARQUES SILVA,HADASSA MARQUES,F,24/03/1987,Válido,10
10999,125,Suplente,MARIA FERREIRA ARTIMANDES,MARIA ARTIMANDES,F,16/11/1967,Válido,10
19000,190,Não eleito,ELVES KEBI SALVIANO DA SILVA,ELVES KEBY,M,31/07/1975,Válido,19
19103,71,Não eleito,CIRLEIA MARIA CARVALHO CORDEIRO,CIRLEIA,F,08/11/1971,Válido,19
19010,10,Não eleito,ANTÔNIO REIS MOURA,ANTÔNIO REIS,M,05/09/1971,Válido,19
19222,174,Não eleito,IVONE SOBRINHO DE SOUSA,IVONE SOBRINHO,F,22/06/1967,Válido,19
19137,55,Não eleito,ROBSON LINS TRAVASSOS,ROBSON TRAVASSOS,M,13/10/1992,Válido,19
19999,46,Não eleito,ELIANA ANTONINA ROCHA,LANA ROCHA,F,12/06/1970,Válido,19
19345,621,Não eleito,MIRIAN DOS REIS MELO,MIRIAN REIS,F,12/09/1973,Válido,19
19444,72,Não eleito,ELIEZER PEREIRA DOS SANTOS,ELIEZER DO SOM,M,15/02/1965,Válido,19
19981,99,Não eleito,JOSIMAEL DE SOUZA,JOSIMAEL SOUZA,M,10/05/1978,Válido,19
19223,143,Não eleito,RAQUEL ALVES MORAIS MENDES,RAQUEL MENDES,F,04/12/1971,Válido,19
19300,81,Não eleito,PAULO ROGERIO NUNES DA PACIÊNCIA,PAULO PACIÊNCIA,M,18/12/1976,Válido,19
19691,99,Não eleito,ELIEL BEZERRA LIMA,ELIEL LIMA,M,05/09/1973,Válido,19
19333,237,Não eleito,CONCEIÇÃO DA SILVA FERREIRA,CONCEIÇÃO FERREIRA,F,08/12/1967,Válido,19
19321,434,Não eleito,AMIZADAY SOUSA DE SANTANA,AMIZADAY SANTANA,M,24/03/2000,Válido,19
19777,57,Não eleito,JEAN CARLOS SENA BATISTA,JEAN SENA,M,25/06/1974,Válido,19
19111,488,Não eleito,GLISIA NATALIA MIAN DA PAIXÃO,GLISIA AMARAL,F,11/05/1989,Válido,19
19888,266,Não eleito,MARIA FRANCISCA GOMES DA SILVA,IRMÃ FRANCISCA,F,10/06/1975,Válido,19
19123,176,Não eleito,DANUBIA MONTEIRO DE SOUSA GAMA,DANUBIA MONTEIRO,F,27/01/1981,Válido,19
19788,174,Não eleito,JOSUÉ COSTA DA SILVA,JOSUÉ ABENÇOADO,M,22/08/1985,Válido,19
18111,251,Suplente,CRISTIANE DO NASCIMENTO BRANDÃO,PROFESSORA CRIS BRANDÃO,F,23/01/1980,Válido,18
18333,31,Suplente,MARIA DE FÁTIMA COSTA DE OLIVEIRA,PROFESSORA FÁTIMA,F,08/02/1983,Válido,18
18222,1054,Suplente,MOACIVAL DANIEL MANGABEIRA,INSPETOR DANIEL MANGABEIRA,M,10/02/1974,Válido,18
18174,36,Suplente,LUCAS RIBEIRO DOS SANTOS,LUCAS MOTOBOY,M,10/02/1994,Válido,18
18000,832,Suplente,MÁRCIO SILVA RIBEIRO,MÁRCIO PIRILAMPO,M,30/08/1983,Válido,18
18160,147,Suplente,LUIZ RODRIGUES DOS SANTOS,BACABAL,M,26/12/1949,Válido,18
18789,396,Suplente,ARIENE DOS SANTOS LIMA,ARIENE SUSUI,F,19/10/1996,Válido,18
18018,221,Suplente,YANO RODRIGUES DA SILVA,YANO,M,27/12/2000,Válido,18
18123,408,Suplente,ÍTALO SAMUEL DE LIMA FERNANDES,ÍTALO FERNANDES,M,09/04/1994,Válido,18
18777,60,Suplente,JOSELMA LIMA SOARES,JOSELMA LIMA,F,06/10/1985,Válido,18
18122,358,Suplente,CÍRIO RICARDO PALÁCIO,PROFESSOR CÍRIO RICARDO,M,25/04/1977,Válido,18
18500,449,Suplente,FABRÍCIO DA SILVA MARQUES,FABRÍCIO MARQUES,M,31/12/1982,Válido,18
18258,514,Suplente,RAY KLEBER GOMES SILVA DA SILVA,RAY KLEBER,M,06/12/1992,Válido,18
18118,38,Suplente,VANIA ELISSA MIRANDA MONTEIRO,VÂNIA ELISSA,F,07/08/1985,Válido,18
18188,450,Suplente,ELIANDRO PEDRO DE SOUZA,ELIANDRO WAPICHANA,M,12/08/1979,Válido,18
18800,56,Suplente,JORGE ANDERSON SCHWINDEN,JORGE SCHWINDEN,M,28/10/1963,Válido,18
18888,62,Suplente,ANFRISIO TERMINELLI VIEIRA,ANFRISIO TERMINELLI,M,15/11/1994,Válido,18
18555,77,Suplente,KATIANA DA ENCARNAÇÃO RODRIGUES,KATIANA RODRIGUES,F,08/04/1978,Válido,18
18999,1606,Eleito,JOSÉ FRANCISCO LOPES DE ALBUQUERQUE,ALBUQUERQUE,M,25/01/1974,Válido,18
15235,42,Suplente,KATIA DE ALMEIDA RODRIGUES,KATIA DO POVÃO,F,01/12/1964,Válido,15
15300,127,Suplente,ANA CRISTINA ALENCAR,ANA ALENCAR,F,25/06/1970,Válido,15
15015,217,Suplente,NEUBER FRANCISCO MELO UCHÔA,NEUBER UCHOA,M,23/01/1959,Válido,15
15456,1186,Eleito,REGIANE BATISTA MATOS,REGIANE MATOS,F,01/08/1981,Válido,15
15545,43,Suplente,GUILHERME DE BARROS ALEIXO DE SOUSA,GUILHERME ALEIXO,M,12/08/1987,Válido,15
15088,26,Suplente,CINTHYA BRASIL DE SOUZA,CINTHYA BRASIL,F,13/07/1980,Válido,15
15678,270,Suplente,MARIA KÁTIA CABRAL DA SILVA,KÁTIA CABRAL,F,19/06/1965,Válido,15
15000,635,Suplente,IZAIAS PEREIRA DA SILVA,IZAIAS BOI BRANCO,M,22/07/1968,Válido,15
15001,158,Suplente,NILÃO DOS PASSOS ARAÚJO,NILÃO PROTÉTICO A BOCA DO POVO,M,23/08/1963,Válido,15
15151,29,Suplente,ESTEVAM ASSUNÇÃO E SILVA,ESTEVAM SILVA,M,20/10/1970,Válido,15
15111,1965,Eleito,IDAZIO CHAGAS DE LIMA,IDAZIO DA PERFIL,M,02/05/1966,Válido,15
15156,1060,Suplente,ZÉLIO DOS SANTOS MOTA,ZÉLIO MOTA,M,03/03/1979,Válido,15
15174,199,Suplente,WILLIAN OLIVEIRA DA SILVA,WILLIAN OLIVEIRA,M,15/05/1979,Válido,15
15322,169,Suplente,MARIA IZABEL DE SOUZA VASCONCELOS,IZABEL,F,08/01/1978,Válido,15
15444,32,Suplente,JONATHAS MADUREIRA SILVA DE DEUS,PROFESSOR JONATHAS,M,09/10/1980,Válido,15
15555,319,Suplente,HERON FERREIRA DA SILVA MUNEYMNE,DELEGADO HERON,M,03/02/1978,Válido,15
15777,622,Suplente,DANIEL AUGUSTO ARAÚJO DE MELO,DANIEL MELO,M,26/10/1991,Válido,15
15123,1170,Suplente,BRUNO PEREZ DE SALES,BRUNO PEREZ,M,21/01/1981,Válido,15
15033,22,Suplente,YASMMIN KAMILA SILVA MADUREIRA,YASMMIN,F,03/01/1989,Válido,15
15115,208,Suplente,SÔNIA SILVA DE OLIVEIRA,SÔNIA SILVA,F,10/07/1985,Válido,15
23555,30,Não eleito,ELSO ARAÚJO DO CARMO,ELSO PITBUL,M,19/08/1978,Válido,23
23111,87,Não eleito,JOÃO RIBAMAR BARBOSA SILVA,JOÃOZINHO DO CIDADÃO,M,26/09/1973,Válido,23
23987,3,Não eleito,MARIA DAS GRAÇAS DA SILVA VIANA,MARIA DAS GRAÇAS VIANA,F,17/08/1949,Válido,23
23222,45,Não eleito,SANDRA MARIA LEOCÁDIO DE MENEZES,PROFESSORA SANDRA LEOCÁDIO,F,07/04/1960,Válido,23
23496,85,Não eleito,JAQUELINE CARVALHO BRITO,JAQUELINE BRITO,F,11/01/1970,Válido,23
23259,24,Não eleito,MARIA EDENEIDE FERREIRA DO NASCIMENTO,PROFESSORA NEIDE,F,09/05/1966,Válido,23
23453,81,Não eleito,JOELMI MOTA DOS SANTOS,JOELMIR MOTA,M,08/06/1974,Válido,23
23023,108,Não eleito,ALBERTO DIAS CABRAL SOBRINHO,PROFESSOR BETÃO,M,02/07/1957,Válido,23
23662,22,Não eleito,RAIMUNDO NONATO DA SILVA DE SOUZA,PROFESSOR NONATO,M,12/08/1974,Válido,23
23444,772,Não eleito,ALYNELSON FARIAS PEREIRA,ENFERMEIRO ALYNELSON,M,08/11/1978,Válido,23
23000,142,Não eleito,RONIS GALÉ,RONIS DO SOCIAL,M,11/11/1986,Válido,23
23100,33,Não eleito,SUNARA PATRICIA DE ALMEIDA SOUZA,SUNARA CABELEIREIRA,F,30/06/1979,Válido,23
23366,49,Não eleito,ADRIELE DA PAZ TABOSA,ADRIELE PAZ,F,06/10/1996,Válido,23
23456,1458,Não eleito,EDIVAN ASSUNÇÃO DOS SANTOS,EDIVAN ASSUNÇÃO,M,28/01/1980,Válido,23
23888,150,Não eleito,EMERSON FERREIRA DUARTE,PROFESSOR EMERSON DUARTE,M,02/04/1983,Válido,23
23122,15,Não eleito,JOSÉ MAURO PAZ FÉLIX JUNIOR,MAURO FÉLIX,M,02/08/1981,Válido,23
23777,244,Não eleito,ANTÔNIO DA SILVA,ANTÔNIO PANTERA,M,02/05/1986,Válido,23
23007,85,Não eleito,MARCEL FELIPE LIMA DE SOUZA,MARCEL DEIVID,M,14/06/1984,Válido,23
23338,85,Não eleito,MANUEL ALVES DA SILVA,MANUEL ALVES,M,13/12/1971,Válido,23
23234,130,Não eleito,CATIANE BEZERRA FREITAS,CATIANE FREITAS,F,17/04/1974,Válido,23
23333,27,Não eleito,MARIA JOSÉ DA SILVA,MARIA DO CRUVIANA,F,06/01/1964,Válido,23
23123,63,Não eleito,STEPHANIE GRACIANO DE AGUIAR,STÉPHANIE AGUIAR,F,26/04/1984,Válido,23
23321,5,Não eleito,ROSILANE VIANA BIZERRA DA SILVA,ROSE VIANA,F,05/03/1972,Válido,23
25724,43,Não eleito,ROBERVAL GARCIA DE MENEZES,FUTRICA DO QUIBE,M,29/08/1960,Válido,25
25111,213,Não eleito,EMERSON LUCIANO DE OLIVEIRA CRUZ,EMERSON COM,M,21/10/1972,Válido,25
25144,16,Não eleito,SARA DA SILVA NASCIMENTO,ENFERMEIRA SARA,F,03/11/1986,Válido,25
25555,1002,Não eleito,JOSÉ ALCIONE ALMEIDA JUNIOR,JUNIOR ALMEIDA,M,11/01/1988,Válido,25
25255,187,Não eleito,JOSÉ IVALDO GUEDES DA SILVA CRUZ,JOÃO DE BARRO,M,13/10/1968,Válido,25
25333,134,Não eleito,CRISTIANO MORAES DA SILVA,CRISTIANO ELETRICISTA,M,13/03/1967,Válido,25
25543,34,Não eleito,ELIZABETH PEREIRA DE MELO,BETHE MELO,F,27/11/1959,Válido,25
25777,10,Não eleito,RAIMUNDO NONATO DOURADO,NEGÃO DO CIDADÃO,M,26/12/1978,Válido,25
25000,616,Não eleito,GABRIEL AUGUSTO FIGUEIREDO DIAS,GABRIEL DIAS,M,09/12/1990,Válido,25
25412,44,Não eleito,RONALDY DOUGLAS DE JESUS BARROS,PROFESSOR RONALDY,M,04/12/1971,Válido,25
25123,250,Não eleito,JOSÉ GERALDO GONÇALVES FRANCO,DECA AMIGÃO,M,14/11/1980,Válido,25
25250,132,Não eleito,HELEM REGINA COSTA BEZERRA,HELEM COSTA,F,03/06/1969,Válido,25
25222,43,Não eleito,ANDERSON DOUGLAS GUILHERME DE MORAES,ANDERSON MORAES,M,02/04/1985,Válido,25
25666,28,Não eleito,ANDRESSA KELLEN SALES,ANDRESSA SALES,F,15/06/1992,Válido,25
25444,19,Não eleito,LUANA CAMELO DE SOUSA,LUANA CAMELO,F,03/01/1989,Válido,25
25456,218,Não eleito,HELY DE DEUS LIMA FERREIRA,HELY DE DEUS,M,20/06/1957,Anulado sub judice,25
25999,161,Não eleito,SANDRA DE AMORIM GAMA,PROFESSORA SANDRA AMORIM,F,09/08/1974,Válido,25
25888,11,Não eleito,EDITE DE SOUZA SILVA,DONA EDITE COSTUREIRA,F,17/09/1949,Válido,25
25321,24,Não eleito,IVANETE PROCHNOW,IVANETE LOIRA DO VILA,F,27/05/1974,Válido,25
25798,7,Não eleito,CASSIA AMORIM DE LIMA,CASSIA AMORIM,F,13/04/1994,Válido,25
27131,29,Suplente,BENTO DE OLIVEIRA BRIGLIA,BENTO DO BASQUETE,M,20/11/1965,Válido,27
27333,204,Suplente,MARCELO MARIO SILVA PINTO,BAIANO,M,14/04/1971,Válido,27
27444,46,Suplente,MARIA EDNALVA DA SILVA FEITOSA,KONCHITA,F,19/11/1979,Válido,27
27174,568,Suplente,CARLA CRISTINA ROCHA,CARLA CRISTINA,F,04/06/1976,Válido,27
27234,15,Suplente,THAIS LIMA BARBOSA,THAIS LIMA ELIZOMAR,F,21/01/1997,Válido,27
27111,23,Suplente,ANTONIO MESQUITA SOUSA,MARCOS MARCODIESEL,M,24/11/1973,Válido,27
27007,446,Suplente,FARADILSON REIS DE MESQUITA,FARAH MESQUITA,M,12/11/1974,Válido,27
27222,77,Suplente,OSIAS VIANA SOUSA,ROCK CABELUDO,M,14/09/1986,Válido,27
27321,82,Suplente,TAIRANE OLIVEIRA MENDES,TAIRANE OLIVEIRA,F,31/12/1981,Válido,27
27555,49,Suplente,ERISVALDO DE OLIVEIRA SOUZA,ERISVALDO,M,17/05/1970,Válido,27
27789,889,Suplente,LINDOVAL SILVA DE MATOS,CAROÇO,M,18/11/1975,Válido,27
27456,51,Suplente,SILVESTRE CABRAL DA SILVA,SILVESTRE CABRAL,M,31/12/1977,Válido,27
27244,37,Suplente,RAIMUNDO NONATO DE ALMEIDA LEVI,NONATO DA SERRA DA MOÇA,M,23/03/1959,Válido,27
27777,2278,Eleito,JÚLIO CÉZAR MEDEIROS LIMA,JÚLIO CÉZAR,M,01/10/1978,Válido,27
27246,96,Suplente,ANTONIO SOARES DOS SANTOS,ANTONIO OLAVO,M,10/05/1980,Válido,27
27999,65,Suplente,MARCOS DAVID BELO DE ANDRADE,MARCOS DAVID,M,23/03/1965,Válido,27
27166,24,Suplente,MARIA DA SILVA,MARIA DA SILVA,F,27/10/1970,Válido,27
27123,908,Suplente,FRANCISCO KLEBER ALVES VALÕES,BEBA VALÕES,M,23/09/1978,Válido,27
27239,11,Suplente,MARIA DO AMPARO LIMA SOUSA,AMPARO,F,12/01/1969,Válido,27
27240,5,Suplente,LEODINEIA LUNIERE NOGUEIRA ARAUJO,LEODINEIA,F,09/07/1979,Válido,27
27000,1149,Suplente,MÁRCIO AGRA BELOTA,MARCINHO BELOTA,M,17/06/1982,Válido,27
27345,86,Suplente,ADONILTON DA CONCEIÇÃO,ADONILTON DA CONCEIÇÃO,M,14/05/1989,Válido,27
27457,25,Suplente,MAYKON BRUNO DA ROCHA AFONSO,MAYKON BRUNO,M,01/03/1981,Válido,27
27133,219,Suplente,REGINALDO DE SOUSA GÓS,CABEÇÃO DO GESSO,M,26/07/1977,Válido,27
27888,175,Suplente,ANTONIO MARCOS DE OLIVEIRA DA SILVA,MARQUINHOS DO POVO,M,02/03/1983,Válido,27
27013,7,Suplente,EILLEN RUTH KING FARIAS,RUTH FARIAS,F,19/03/1970,Válido,27
70074,0,Não eleito,RUBERVAL GALVAO DA SILVA,RUBERVAL GALVAO,M,06/09/1974,Válido,70
70192,53,Não eleito,ANTONIO WERBISON RIBEIRO DA SILVA,ANTONIO DO SAMU,M,04/12/1986,Válido,70
70000,13,Não eleito,CLEOMAR DA SILVA SANTOS,CLEOMAR SANTOS,M,23/08/1968,Válido,70
70177,11,Não eleito,KAMILLY MACEDO DE AZEVEDO,KAMILLY AZEVEDO,F,07/01/1999,Válido,70
70125,107,Não eleito,RAIMUNDO LIMA DA SILVA,RAIMUNDÃO,M,04/05/1960,Válido,70
70388,154,Não eleito,SELMA DOS REIS PEREIRA,SAMARA REIS,F,06/04/1975,Válido,70
70227,161,Não eleito,EVERALDO DA SILVA COSTA,EVERALDO SALAZAR,M,09/04/1974,Válido,70
70333,18,Não eleito,ZELINDA LAURA BRITO CANTANHEDE,LAURA CANTANHEDE,F,10/01/1963,Válido,70
70123,326,Não eleito,ROBSON NUNES SAMPAIO,ROBSON SAMPAIO,M,27/04/1968,Válido,70
70153,142,Não eleito,VALMIR DOS SANTOS,BAIANO DO VILA JARDIM,M,18/06/1985,Válido,70
70015,392,Não eleito,RAINEY OLIVEIRA DA SILVA,RAINEY,M,22/06/1973,Válido,70
70002,63,Não eleito,ALTEVIR GONÇALVES DE SOUZA,ALTEVIR GONÇALVES,M,19/10/1970,Válido,70
70888,53,Não eleito,ANTONIO CARLOS TAVARES DE SOUZA,PADRE ANTONIO ,M,10/06/1970,Válido,70
70101,10,Não eleito,HANDREZZA DE LIMA PINHO,HANDREZZA PINHO,F,06/07/1979,Válido,70
70156,5,Não eleito,RIVENILDO JOSE BRITO SOBRINHO,NIL BRITO,M,02/10/1970,Válido,70
70007,39,Não eleito,ANA CLAUDIA PAULINO ANDRADE,ANA CLAUDIA,F,25/06/1970,Válido,70
