numero,votos_nominais,situacao,nome,nome_urna,sexo,data_nasc,destino_voto,numero_partido
25220,204,Suplente,ANTÔNIO CÉSAR TAVARES ALVAIA,CÉSAR ALVAIA,M,13/06/1976,Válido,25
25100,55,Suplente,ELOISA CHAGAS DA SILVA OLIVEIRA,ELOISA CHAGAS FITNESS,F,16/01/1962,Válido,25
25800,381,Suplente,DOUGLAS BASTOS MAGALHÃES,DOUGLAS MAGALHÃES,M,13/11/1958,Válido,25
25111,3781,Eleito,BRENO VIANA DE MENDONÇA,BRENO GARIBALDE,M,08/09/1988,Válido,25
25012,93,Suplente,CARLA PARISH BAMBERG,CARLA BAMBERG,F,14/10/1972,Válido,25
25112,187,Suplente,JOSÉ EULER PEREIRA RAMOS,PROFESSOR EULER,M,17/11/1960,Válido,25
25456,51,Suplente,LUIZ BOSCO DE SÁ,CORRETOR BOSCO SÁ,M,12/05/1955,Válido,25
25000,832,Suplente,ANA MARIA DO NASCIMENTO ALVES,ANA ALVES,F,31/03/1970,Válido,25
25252,19,Suplente,MARIA JOSÉ GONÇALVES DOS SANTOS,MARIA JOSÉ,F,18/05/1971,Válido,25
25222,207,Suplente,ANA CRISTINA RIBEIRO SANTANA,CRISTINA RIBEIRO,F,04/07/1984,Válido,25
25300,144,Suplente,CLEDSON WADSON SOUZA LIMA,CLEDSON LIMA,M,09/06/1988,Válido,25
25555,95,Suplente,VALDSON DOS SANTOS,VALDSON,M,28/07/1964,Válido,25
25124,31,Suplente,VANEIDE RIBEIRO SANTOS,VANEIDE DA RECICLAGEM,F,03/11/1965,Válido,25
25809,138,Suplente,JOSÉ ADEMÁRIO DE JESUS,ADEMÁRIO,M,11/06/1967,Válido,25
25221,85,Suplente,ABRAHÃO CRISPIM DE SOUZA FILHO,ABRAHÃO CRISPIM,M,14/05/1982,Válido,25
25200,246,Suplente,JACKSON SANTOS LOBO,DOUTOR JACKSON LOBO,M,23/12/1950,Válido,25
25789,196,Suplente,MARCELO SANTOS DA CONCEIÇÃO,MARCELO DO COQUEIRAL,M,12/01/1970,Válido,25
25009,168,Suplente,ROSENILSON SALES DE SANTANA,NILSON INSTRUTOR,M,29/08/1969,Válido,25
25025,365,Suplente,NELSON FELIPE DA SILVA FILHO,NELSON FELIPE,M,24/12/1970,Válido,25
25138,865,Suplente,JOÃO PAES DA COSTA,JOÃO TARANTELA,M,13/09/1961,Válido,25
25888,83,Suplente,POMPEU TRANZILLO JUNIOR,PROFESSOR POMPEU,M,06/06/1965,Válido,25
25250,144,Suplente,SILVIO BATISTA DE OLIVEIRA,SILVIO PINTOR,M,04/08/1970,Válido,25
25234,81,Suplente,WELNA MATOS DOS SANTOS,WELNA MATOS,F,15/12/1974,Válido,25
25500,1892,Suplente,SAULO VIEIRA ANDRADE,SAULO VIEIRA,M,04/12/1985,Válido,25
25123,133,Suplente,GILZA ARAÚJO DOS SANTOS,GILZA GÓES SIMPLES ASSIM,F,17/09/1957,Válido,25
25777,52,Suplente,SANDRA FRANÇA DE OLIVEIRA,PROFESSORA SANDRA FRANÇA,F,02/04/1959,Válido,25
25334,12,Suplente,TATIANE RODRIGUES DE AZEVEDO,ARARA DO CAJU,F,11/11/1986,Válido,25
25255,136,Suplente,JOSÉ AILSON SILVA SOARES,SOARES POPULAR ALAGOAS,M,19/03/1984,Válido,25
70888,365,Não eleito,JÚLIO SANTOS BRITO,JÚLIO POPOTA,M,26/12/1981,Válido,70
70211,88,Não eleito,JOSÉ ANDRÉ DE JESUS,NEGUINHO DO FUTURO,M,12/05/1979,Válido,70
70001,16,Não eleito,MARCOS SERGIO DE SANTANA,MARCOS SERGIO,M,21/07/1965,Válido,70
70987,57,Não eleito,TARCISIO DO NASCIMENTO OLIVEIRA,TARCISIO OLIVEIRA,M,29/05/1981,Válido,70
70999,125,Não eleito,CLEDVALDO SANTOS BARRETO,FALCÃO,M,06/05/1974,Válido,70
70311,52,Não eleito,LENALDO VIEIRA DA SILVA,LENALDO VIEIRA,M,03/11/1970,Válido,70
70000,166,Não eleito,RAIMUNDO RIBEIRO EVANGELISTA,BAIANO DO SAO CARLOS,M,16/06/1957,Anulado sub judice,70
70234,7,Não eleito,LUCIANO ALMEIDA SOUSA,DR LUCIANO,M,07/02/1977,Válido,70
70789,44,Não eleito,JOSE RENATO LOPES,RENATO TAXISTA,M,16/04/1964,Válido,70
70123,289,Não eleito,VALDIR DOS SANTOS,VALDIR SANTOS,M,04/08/1958,Válido,70
70193,156,Não eleito,NEYME WILLIAMS SANTOS MATEUS,SGT NEYME MATEUS,M,25/06/1970,Válido,70
70005,31,Não eleito,ANA ZULMIRA DOS SANTOS,ANA MANICURE,F,19/01/1977,Válido,70
70167,34,Não eleito,WOLNER DOS SANTOS,POPÓ DO POVO,M,22/06/1982,Válido,70
70222,203,Não eleito,GEVERSON LUIZ DE JESUS SANTANA,GEVERSON SANTANA ONDA G,M,23/05/1982,Válido,70
70170,131,Não eleito,TIAGO LIMA DOS ANJOS,TIAGO LIMA BEBÊ,M,13/12/1984,Válido,70
70111,53,Não eleito,MARIA IZABEL DA SILVA,IZABEL SILVA,F,28/03/1967,Válido,70
70333,5,Não eleito,WILMA DOS SANTOS NASCIMENTO,WILMA NASCIMENTO,F,12/02/1978,Válido,70
70007,6,Não eleito,SÔNIA DOS SANTOS,SÔNIA SANTOS,F,26/03/1972,Válido,70
70143,122,Não eleito,JEOVÁ LUIZ DE OLIVEIRA,JEOVÁ DA GARRAFINHA,M,26/05/1965,Válido,70
70555,118,Não eleito,MARIA JILVANIA DOS SANTOS,VÂNIA DA ASSOCIAÇÃO,F,05/11/1970,Anulado sub judice,70
70666,266,Não eleito,JOÃO CARLOS MENEZES SANTOS,TIO JOÃO,M,23/06/1976,Válido,70
70444,314,Não eleito,FLÁVIO DA CONCEIÇÃO SANTOS,FLAVINHO ESTOURADO,M,08/10/1979,Válido,70
70456,182,Não eleito,CYNTHIA SILVA DOS SANTOS COSTA,CYNTHIA DO BATALHÃO,F,10/08/1973,Válido,70
23400,19,Suplente,MARA LÚCIA DE PAULA,IRMÃ MARA,F,15/06/1970,Válido,23
23333,242,Suplente,CRISTIANE DE ALMEIDA,CRISTIANE ALMEIDA,F,24/02/1988,Válido,23
23055,133,Suplente,SÍLVIO ALVES DE FREITAS,SÍLVIO DA AGAP,M,08/05/1955,Válido,23
23700,242,Suplente,ACIVAL CUSTÓDIO DÓRIA,CUSTÓDIO,M,05/05/1973,Válido,23
23345,180,Suplente,NERES FELIX DOS SANTOS,NERES ESTOFADOS,M,27/04/1969,Válido,23
23190,66,Suplente,SIMONE SILVA FEITOZA,SIMONE LINHARES,F,03/03/1970,Válido,23
23500,519,Suplente,ANTONIO SAMARONE DE SANTANA,DR SAMARONE,M,23/12/1954,Válido,23
23111,72,Suplente,NELSON DE FARIAS,NELSON FARIAS O AMIGO DO POVO,M,27/12/1967,Válido,23
23555,70,Suplente,MONICA ARCANJO DA SILVA,ENGENHEIRA MONICA ARCANJO,F,05/09/1986,Válido,23
23300,179,Suplente,MARCOS ANTONIO LIMA DA SILVA,MARCOS LIMA,M,20/06/1967,Válido,23
23523,536,Suplente,NÚZIA CAMPOS NASCIMENTO COSTA,NÚZIA COSTA,F,03/01/1965,Válido,23
23948,14,Suplente,JOÃO PAULO SPINOLA,JOAO PAULO SPINOLA,M,23/06/1948,Válido,23
23553,52,Suplente,MARCELO LUIZ DONATO SANTANA,MARCELO LUIZ,M,07/03/1986,Válido,23
23600,678,Suplente,CARLOS EDUARDO ARAÚJO DE OLIVEIRA,CADU FARMACÊUTICO,M,05/10/1978,Válido,23
23023,114,Suplente,GILMAR OLIVEIRA DA SILVA,GILMAR OLIVEIRA,M,03/10/1977,Válido,23
23321,242,Suplente,CARLOS MAGNO VASCONCELOS SANTOS,CARLOS MAGNO,M,02/05/1970,Válido,23
23000,2004,Suplente,LAYSE SANTIAGO COSTA JASMIM,LAYSE SANTIAGO,F,20/04/1991,Válido,23
23103,927,Suplente,JORGE VIEIRA DA CRUZ,SARGENTO VIEIRA,M,02/07/1974,Válido,23
23666,137,Suplente,CHARLES CARVALHO FERREIRA,PERITO CHARLES,M,14/11/1976,Válido,23
23800,54,Suplente,JOSÉ ANDERSON FARIAS ANDRADE,ANDERSON ANDRADE,M,25/02/1987,Válido,23
23777,311,Suplente,BRUNO MADUREIRA JESUS DOS SANTOS,BRUNO MADUREIRA,M,02/03/1994,Válido,23
23200,2929,Eleito,SHEYLA GALBA DA COSTA SANTOS,SHEYLA GALBA,F,30/12/1975,Válido,23
23222,370,Suplente,CLÁUDIO ALVES DA PAIXÃO,ENGENHEIRO CLÁUDIO BELARMINO,M,30/07/1982,Válido,23
23223,51,Suplente,CICERO GERONIMO DA SILVA,CICERO GERONIMO,M,28/01/1974,Válido,23
23444,56,Suplente,ELIANE GUSMÃO LOPES,ELIANE GUSMÃO,F,16/11/1965,Válido,23
23556,123,Suplente,HERÁCLITO MENEZES DA SILVA,HERÁCLITO MENEZES,M,08/10/1978,Válido,23
23192,533,Suplente,ADRIANA BATISTA DE GOIS,ENFERMEIRA ADRIANA FLOR,F,10/11/1974,Válido,23
23337,94,Suplente,VALMOR ALVES SOUZA,VALMOR ALVES O CAVEIRA,M,01/08/1976,Válido,23
23456,476,Suplente,IZABELITA ALVES DE ARAÚJO,IZABELITA ENFERMEIRA,F,04/12/1976,Válido,23
23888,1540,Suplente,LUCAS ARIBÉ ALVES,LUCAS ARIBÉ,M,21/05/1986,Válido,23
23100,35,Suplente,ALICE DOS REIS SOUZA,ALICE REIS,F,28/11/1980,Válido,23
23233,170,Suplente,YOAKAN JOCELIS SOARES BRITO,YOAKAN DO KARATE,M,10/01/1978,Válido,23
23999,2501,Eleito,JOSÉ RICARDO MARQUES DOS SANTOS,RICARDO MARQUES,M,16/05/1969,Válido,23
23232,255,Suplente,AMÉRICO AZEVEDO DE SOUZA,PROFESSOR AMÉRICO,M,12/05/1988,Válido,23
23123,285,Suplente,AUGUSTO CÉSAR MENDES OLIVEIRA,DELEGADO AUGUSTO CÉSAR,M,15/08/1977,Válido,23
27000,67,Não eleito,JOSE ADILSON MOREIRA COSTA,ADILSON CARTOLA,M,08/10/1959,Válido,27
27123,101,Não eleito,ANTONIO PEDRO DOS SANTOS NETO,TONHO DA ASSOMISE,M,03/11/1961,Válido,27
27270,73,Não eleito,ANA CARLA SANTOS DE SOUZA,ANA CARLA,F,17/07/1978,Válido,27
27555,14,Não eleito,ALFANINA SANTOS SIMÕES DOS REIS,ALFA SIMÕES,F,07/04/1976,Válido,27
27224,131,Não eleito,JOAO RAMILO DOS SANTOS,SARGENTO RAMILO,M,18/04/1943,Anulado sub judice,27
27003,43,Não eleito,JOSE MILTON DOS REIS,MILTON REIS,M,06/06/1960,Válido,27
27127,23,Não eleito,MAGNOVALDO SANTOS ALVES,PROFESSOR MAGNOVALDO,M,09/11/1950,Válido,27
27007,35,Não eleito,JOELSON SOARES VIEIRA,JOELSON,M,21/12/1970,Válido,27
27244,14,Não eleito,JOSEMAR SANTOS DE PONTES,PONTES,M,12/11/1973,Válido,27
27111,39,Não eleito,NOEL RAMOS DA SILVA,NOEL RAMOS,M,22/05/1968,Válido,27
27020,53,Não eleito,FRANCISCO DE ASSIS SANTANA ROCHA,SANTANA BAIÃO DA PENHA,M,03/10/1967,Válido,27
27027,58,Não eleito,JAILSON NERY FARO,JAILSON FARO,M,15/08/1964,Válido,27
27400,21,Não eleito,ALINE SANTOS,LILICA SANTOS,F,19/06/1974,Válido,27
27500,376,Não eleito,HELIO DO NASCIMENTO SANTOS,HÉLIO DA SAÚDE,M,14/01/1978,Válido,27
27800,17,Não eleito,LARISSA BRUNA DA SILVA SANTANA,LARISSA SANTANA,F,05/01/1996,Válido,27
27177,62,Não eleito,GEORGE DOS ANJOS LEMOS,GEORGE LEMOS,M,05/01/1961,Válido,27
27777,85,Não eleito,NELSON ARAUJO DOS SANTOS,NELSON ARAUJO,M,01/12/1942,Válido,27
27182,32,Não eleito,AGNALDO DOS SANTOS,AGNALDO LOTAÇÃO DO SANTA MARIA,M,01/03/1982,Válido,27
27444,42,Não eleito,IDELANIA PEREIRA DA SILVA,ALANA DANÇARINA,F,22/03/1978,Válido,27
27333,28,Não eleito,MIKAELLA SUYANE SANTOS DA CRUZ BIZERRA,MIKINHA DO POVO,F,06/08/1990,Válido,27
65130,99,Não eleito,ROMANTI-EZER MAROTTA SANTOS,CORINGA,M,10/04/1986,Anulado,65
65333,113,Suplente,ELIANA FERREIRA BRAGA,ELIANA BRAGA,F,06/12/1975,Válido,65
65651,174,Suplente,ANDRÉ PAULO DA SILVA,ANDRÉ PAULO,M,08/04/1982,Válido,65
65223,276,Suplente,MARCOS SERGIO VIEIRA DOS SANTOS,MARCO VIEIRA,M,15/07/1974,Válido,65
65001,97,Suplente,EURIMAR OLIVEIRA MARQUES,PROFESSORA EURIMAR,F,01/04/1967,Válido,65
65300,1376,Suplente,JOSE AUGUSTO DA SILVA,AUGUSTO DO JAPÃOZINHO,M,11/12/1970,Válido,65
65200,31,Não eleito,ALEXSANDRO LINO DA CONCEIÇÃO SILVA,CAPITÃO ALEXSANDRO LINO,M,04/12/1973,Anulado,65
65655,59,Suplente,ANGELA MARIA DE ALCANTARA,ÂNGELA ALCÂNTARA,F,12/06/1974,Válido,65
65111,589,Suplente,ADILMA GOMES SANTOS,ADILMA DA FAROLÂNDIA,F,10/10/1971,Válido,65
65400,257,Suplente,IVA MAYARA DOS SANTOS,IVA MAYARA DO CRAS,F,18/10/1991,Válido,65
65999,31,Suplente,LUCAS SANTOS,LUCAS SANTOS,M,06/02/1978,Válido,65
65888,386,Suplente,JOSIMAR MELO DE SANTANA,MAZINHO DO JAPÃOZINHO,M,11/07/1986,Válido,65
65500,59,Suplente,PUREZA MARIA NASCIMENTO SANTOS,PUREZA NASCIMENTO,F,06/03/1978,Válido,65
65800,276,Suplente,ADAILTON SOARES PEREIRA,ITA,M,21/04/1969,Válido,65
65100,1969,Eleito,ANTONIO BITTENCOURT JUNIOR,PROFESSOR BITTENCOURT,M,26/01/1969,Válido,65
65555,601,Suplente,OTÁVIO DOMINGOS SALES,PROFESSOR OTÁVIO SALES,M,15/02/1971,Válido,65
65666,993,Suplente,ANDERSON SOUZA DE OLIVEIRA,ANDERSON DEFON,M,18/12/1987,Válido,65
65190,310,Suplente,MARCOS VINICIUS MELO SANTOS,MARCOS DA SAÚDE,M,28/04/1983,Válido,65
65777,109,Suplente,ELEONORA BARROS DA SILVA,LOLA DA TAPIOCA,F,08/04/1971,Válido,65
65090,207,Suplente,EDNALDO MANGUEIRA FERREIRA,NALDO NOVENTA,M,18/09/1970,Válido,65
65123,852,Suplente,MORITOS DA SILVA MATOS,MATOS,M,18/10/1962,Válido,65
65013,149,Suplente,JOSE EDMILSON LEANDRO,EDMILSON LEANDRO,M,07/06/1960,Válido,65
65222,235,Suplente,THAYSA PETRONILA LIMA DE OLIVEIRA,NILLA FRANGOS,F,30/08/1974,Válido,65
65000,1052,Suplente,LUCIO JOSE ASSIS DA SILVA,LUCIO ASSIS,M,24/11/1991,Válido,65
65135,9,Suplente,ANDRÉA MODESTO DOS SANTOS,ANDRÉA MODESTO,F,23/01/1983,Válido,65
12999,147,Suplente,ADRIANA MARIA DA SILVA OLIVEIRA,ADRIANA OLIVEIRA,F,15/07/1973,Válido,12
12369,127,Suplente,RICARDO LUIZ SOUZA DE FREITAS,PROFESSOR RICARDO,M,01/04/1985,Válido,12
12021,44,Suplente,FABIO ALVES DE FARIAS,FÁBIO E.T.,M,02/08/1984,Válido,12
12800,60,Suplente,WASHINGTON SANTOS,WHASHINGTON CHAPISTA,M,16/07/1960,Válido,12
12333,995,Suplente,THIAGO SOUZA ALCANTARA,DR. THIAGO,M,17/03/1978,Válido,12
12222,124,Suplente,RENATA MELO DE LIMA,ENFERMEIRA RENATA,F,13/07/1979,Válido,12
12010,13,Suplente,JOSENEIDE ALMEIDA MARTINS,JOSY MARTINS,F,29/05/1990,Válido,12
12007,125,Suplente,RAILDO RAMOS DE QUEIROZ,RAILDO QUEIROZ,M,07/02/1967,Válido,12
12012,2298,Suplente,EVERTON BATISTA SOUZA,EVERTON SOUZA,M,09/11/1988,Válido,12
12000,115,Suplente,BEATRIZ CRUZ ANDRADE,BEATRIZ ANDRADE,F,12/11/1987,Válido,12
12123,3638,Eleito,VINICIUS PORTO MENEZES,VINICIUS PORTO,M,09/05/1976,Válido,12
12111,537,Suplente,EDUARDO MENDONÇA CRISTINO CABRAL VIEIRA,EDU VIEIRA,M,11/03/1990,Válido,12
12444,3337,Eleito,ISAC DE OLIVEIRA SILVEIRA,ISAC,M,19/07/1971,Válido,12
12192,627,Suplente,ENEZIO LUIZ DOS SANTOS,ENEZIO DO SANTOS DUMONT,M,30/12/1957,Válido,12
12190,31,Suplente,GENILMA FRANCISCA DOS SANTOS,NEGONA NIL,F,20/02/1972,Válido,12
12500,111,Suplente,MARIA DE FÁTIMA SANTOS FIAES,FÁTIMA FIAES,F,01/05/1960,Válido,12
12600,2721,Suplente,MARCOS ANTONIO SOARES DE SOUZA,SEU MARCOS,M,27/04/1963,Válido,12
12200,3026,Eleito,ANDERSON SANTOS DA SILVA,ANDERSON DE TUCA,M,21/08/1988,Válido,12
12001,170,Suplente,HELIOMARTO REZENDE SILVA,HELIOMARTO O ABENÇOADO,M,19/07/1974,Válido,12
12777,142,Não eleito,MARIA ALVANI SANTOS,ALVANI,F,26/12/1959,Anulado,12
12555,112,Suplente,VALTER FERREIRA DA SILVA,VALTER JUBIABÁ,M,15/02/1964,Válido,12
12015,394,Suplente,MARCOS AURÉLIO SANTOS COSTA,MARCOS AURÉLIO,M,23/05/1968,Válido,12
12300,75,Suplente,SANDRO JOSÉ DOS SANTOS,IRMÃO SANDRO,M,17/01/1980,Válido,12
12700,17,Suplente,JACKSON LIMA DOS SANTOS,JACKSON GUERRA,M,16/10/1986,Válido,12
12121,93,Suplente,EDSON DE MENEZES SANTOS MARTINS,ZEZINHO DO PONTO NOVO,M,11/07/1984,Válido,12
12510,1051,Suplente,JOSE DE ARAUJO MENDONÇA SOBRINHO,MENDONÇA PRADO,M,14/10/1966,Válido,12
12765,206,Suplente,ROSEVALDO MATIAS DOS SANTOS,ROSEVALDO MATIAS,M,30/10/1965,Válido,12
12100,109,Suplente,RANULFO JOSÉ DOS SANTOS,RANULFO DO SANTA MARIA,M,05/07/1961,Válido,12
12456,218,Suplente,EDINEIDE RODRIGUES SOUZA LIMA CRUZ,NEIDE DE TOCO,F,01/04/1972,Válido,12
11789,674,Suplente,PAULO NAND KUMAR,DOUTOR PAULO NAND,M,13/02/1974,Válido,11
11007,99,Suplente,GLICIVANIA SANTOS,GLICIA DO COQUEIRAL,F,08/09/1982,Válido,11
11900,1833,Suplente,EDSON GOMES DOS SANTOS,XAROPINHO,M,24/09/1980,Válido,11
11357,373,Suplente,JOSÉ AMÉRICO SANTOS FILHO,CORONEL AMÉRICO,M,06/02/1964,Válido,11
11125,97,Suplente,TEOBALDO VIEIRA SILVA NETO,TÉO VIEIRA,M,04/06/1980,Válido,11
11022,115,Suplente,WANDEKLARQSON CÉSAR SANTOS SILVA,CÉSAR SANTOS,M,15/01/1990,Válido,11
11011,105,Suplente,JANDIRÁ RHAIANY DAS NEVES SANTOS,RHAIANY NEVES,F,01/11/1999,Válido,11
11556,102,Suplente,ACÁCIA BATISTA SANTOS,ACACIA,F,11/07/1962,Válido,11
11222,369,Suplente,FÁBIO GILENO TELES DOS SANTOS,FÁBIO GILENO,M,28/04/1974,Válido,11
11711,1765,Suplente,ROSMAN PEREIRA DOS SANTOS,ROSMAN PEREIRA,M,21/09/1974,Válido,11
11666,94,Suplente,PATRICIA MENESES MOURA,PATY PET,F,30/03/1971,Válido,11
11134,33,Suplente,LUZIA IZALTINA DA SILVA MELNIKOFF,CRISTINA CABELEIREIRA,F,13/12/1970,Válido,11
11453,109,Suplente,AMANDA FERNANDES LIMA,AMANDA FERNANDES,F,31/03/1997,Válido,11
11500,63,Suplente,LUCIELMO SANTANA PEREIRA,LUCIELMO SANTANA,M,26/04/1977,Válido,11
11444,3016,Eleito,VITOR DIEGO LIMA FORTUNATO,PASTOR DIEGO,M,29/12/1992,Válido,11
11003,410,Suplente,LUIZ CARLOS DOS SANTOS,LUIZ CARLOS DA SAÚDE,M,23/03/1967,Válido,11
11165,265,Suplente,WILSON RAMOS ARAGÃO,LATINO FOTÓGRAFO,M,26/07/1970,Válido,11
11555,256,Suplente,LUIZ EDUARDO ROCHA BARRETO,EDUARDO BARRETO,M,11/04/1983,Válido,11
11180,65,Suplente,RONISON DA PAIXÃO SANTOS,DANDA DO DEZOITO,M,13/06/1974,Válido,11
11100,41,Suplente,ANTONIO BARBOSA NETO,BARBOZINHA DO COCO,M,27/12/1965,Válido,11
11110,1772,Suplente,ROBERTO MORAIS OLIVEIRA FILHO,PASTOR ROBERTO MORAIS,M,15/06/1973,Válido,11
11111,429,Suplente,AGAMENON SOBRAL FREITAS,AGAMENON SOBRAL,M,17/10/1961,Válido,11
11001,984,Suplente,FERNANDO ANTONIO DE ARAUJO LIMA JUNIOR,CAPITÃO ARAÚJO LIMA,M,15/09/1978,Válido,11
11999,30,Suplente,EDNA MARTINEZ,EDNA CELL,F,24/09/1954,Válido,11
11888,74,Suplente,RAIMUNDO JORGE OLIVEIRA DOS SANTOS,PROFESSOR SARGENTO RAIMUNDO,M,29/09/1968,Válido,11
11000,1633,Suplente,RENILSON CRUZ SILVA,RENILSON FELIX,M,20/03/1964,Válido,11
11333,107,Suplente,ANA ANGÉLICA SANTOS NOGUEIRA,PROFESSORA ANGÉLICA,F,08/04/1970,Válido,11
11451,113,Suplente,MARIA IZABEL DE MENEZES SANTOS NUNES,PASTORA IZABEL,F,18/10/1969,Válido,11
11190,1397,Suplente,RIVANILSON DOS SANTOS,THIN THIN DO BUGIO,M,06/08/1976,Válido,11
11234,163,Suplente,ITAMAR ALVES DOS SANTOS,ITAMAR ALVES CORRETOR,M,13/02/1973,Válido,11
11352,219,Suplente,MARINA SANTOS SILVA,MARIANA SERVENTE,F,25/06/1980,Válido,11
11123,2974,Eleito,FABIANO LUIS DE ALMEIDA OLIVEIRA,FABIANO OLIVEIRA,M,20/10/1970,Válido,11
11700,78,Suplente,GEAN MATOS DE OLIVEIRA,GEAN GORDINHO,M,18/09/1976,Válido,11
11150,90,Suplente,AMARÍLIO COUTINHO VIEIRA SILVA,AMARILIO COUTINHO,M,27/04/1985,Válido,11
11777,371,Suplente,ANA PAULA SOARES MOTA ARAÚJO,ANA PAULA ARAÚJO,F,29/06/1974,Válido,11
22800,438,Não eleito,LUCAS MATHEUS OLIVEIRA DE MELO,LUCAS MATHEUS,M,02/09/1986,Válido,22
22900,33,Não eleito,ALEXANDRE FARIAS DA CRUZ SANTOS,ALEXANDRE FARIAS,M,25/08/1993,Válido,22
22222,135,Não eleito,IGOR DE ARAÚJO BARBOSA,IGOR DE ARAÚJO,M,14/02/1981,Válido,22
22420,32,Não eleito,THIAGO OLIVEIRA UCHÔA DIAS,THIAGO DIAS,M,01/11/1985,Válido,22
22013,165,Não eleito,ANTÔNIO COSTA DA CONCEIÇÃO,ANTÔNIO BELEZA,M,19/02/1961,Válido,22
22024,28,Não eleito,FERNANDA VERÔNICA SILVA SOUZA,FERNANDA VERÔNICA,F,22/02/1984,Válido,22
22250,79,Não eleito,PATRÍCIA DOS SANTOS XAVIER,PATRÍCIA XAVIER,F,25/03/1979,Válido,22
22456,61,Não eleito,ADNILTON SANTOS BARBOSA,BC BARBOSA,M,16/05/1976,Válido,22
22123,60,Não eleito,BRUNO EUGÊNIO DANTAS SANTANA,BRUNO DANTAS PRODUÇÃO,M,09/08/1979,Válido,22
22133,108,Não eleito,JOSÉ COSME ROCHA SOARES,LOBÃO DA CONSTRUÇÃO,M,15/09/1967,Válido,22
22100,108,Não eleito,ROBERTO ROSEMBERG DA SILVA MENEZES,ROBERTO ROSEMBERG,M,11/09/1977,Válido,22
22038,380,Não eleito,LEONARDO RODRIGUES LISBOA,PROFESSOR LEONARDO LISBOA,M,17/09/1989,Válido,22
22022,975,Não eleito,PEDRO MUNIZ BARRETO,PEDRINHO BARRETO,M,13/02/1968,Válido,22
22380,278,Não eleito,FLÁVIO DE OLIVEIRA RODRIGUES,FLÁVIO DO DIREITA SERGIPANA,M,31/07/1989,Válido,22
22345,111,Não eleito,FAGNER SANTANA DE ASSIS,FAGNER,M,27/12/1983,Válido,22
22000,97,Não eleito,REGINA PORTO MOURA,REGINA PORTO,F,04/09/1978,Válido,22
22777,132,Não eleito,JOSÉ AUGUSTO SANTOS,JOSÉ AUGUSTO,M,21/04/1961,Válido,22
22200,64,Não eleito,ISADORA WALESKA OLIVEIRA SANTOS,ISADORA WALESKA,F,29/04/1971,Válido,22
22511,44,Não eleito,SANDRA ROSA RIBEIRO,SANDRA ROSA,F,21/07/1979,Válido,22
22888,75,Não eleito,JOSÉ JODACKSON DE MENDONÇA JÚNIOR,JODACKSON DO SANTA MARIA,M,04/09/1981,Válido,22
22999,344,Não eleito,ALANDERSON GONÇALVES GOMES,ALAN GONÇALVES,M,20/01/1982,Válido,22
22122,60,Não eleito,RICARDO GOMES DE SANTANA VIEIRA,RICARDO MAGO,M,01/06/1987,Válido,22
22444,42,Não eleito,MARLYSE LEÃO SILVA DE SOUTO,MARLYSE LEÃO,F,01/01/1962,Válido,22
22111,165,Não eleito,PAULO ROBERTO DA CONCEIÇÃO SANTOS,PASTOR PAULO ROBERTO,M,02/02/1987,Válido,22
22567,34,Não eleito,RITA DE CÁSSIA MELO FREITAS,PROFESSORA RITA DE CÁSSIA,F,05/06/1971,Válido,22
22300,240,Não eleito,FRANCISCO MANUEL NAVARRO CALDAS,FRANCISCO NAVARRO,M,08/08/1970,Válido,22
22580,311,Não eleito,YURI ANDREJ OLIVEIRA MOTA,YURI ANDREY,M,18/05/1985,Válido,22
22789,165,Não eleito,ÍTALO NOVAC SOUZA SANTOS,ÍTALO NOVAC BINHO,M,03/10/1981,Válido,22
22666,59,Não eleito,NICOLLAS LIMA DE SANTANA,NICOLLAS LS BOMBEIRO CIVIL,M,20/11/1995,Válido,22
22030,713,Não eleito,ADRIANA LIMA MALLEZAN,ADRIANA MALLEZAN,F,08/05/1976,Válido,22
22033,29,Não eleito,JACQUELINE GONÇALVES DE ALMEIDA,KELINE GONÇALVES,F,03/03/1965,Válido,22
22190,321,Não eleito,ELISÂNGELA BONIFÁCIO NASCIMENTO DE MENEZES,SUBTENENTE ELISÂNGELA,F,15/03/1974,Válido,22
22555,64,Não eleito,LUÍZ WAGNER SILVA SANTOS,LUÍZ WAGNER,M,03/04/1979,Válido,22
90101,221,Suplente,JOHNWAINE COUTO PEREIRA,JOHNWAINE,M,26/08/1981,Válido,90
90222,189,Suplente,JOSÉ GAMA DA SILVA,PROFESSOR GAMA,M,14/08/1958,Válido,90
90580,52,Suplente,JOSÉ ADRIANO DE ALMEIDA SANTOS,ADRIANO,M,16/09/1985,Válido,90
90444,90,Suplente,AUDALÉIA ALVES BEZERRA DE MELO,AUDALEIA DO SANTA MARIA,F,24/04/1977,Válido,90
90789,208,Suplente,VALDOMIRO VITORINO DOS SANTOS NETO,NETINHO DO MOSQUEIRO,M,07/06/1988,Válido,90
90456,1100,Suplente,ALBERTO MARCELINO DOS SANTOS,ALBERTO MARCELINO,M,30/04/1979,Válido,90
90190,2443,Suplente,MILTON DANTAS DE FARIAS JÚNIOR,MILTON DANTAS,M,05/10/1967,Válido,90
90007,29,Suplente,PATRÍCIA ROSE ALMEIDA LIMA DA PAIXÃO,PATRÍCIA LIMA,F,08/08/1970,Válido,90
90999,320,Suplente,TÂNIA CRISTINA VIEIRA SANTOS,TANIA DA SAÚDE,F,15/10/1964,Válido,90
90777,571,Suplente,EGNALDO RIBEIRO SANTOS,COELHO BAIRRO AMÉRICA,M,03/10/1970,Válido,90
90900,172,Suplente,JOSÉ ANTÔNIO BARROSO GUIMARÃES,BARROSO GUIMARÃES,M,21/02/1962,Válido,90
90123,2829,Eleito,JOSÉ JOAQUIM SANTOS NASCIMENTO,JOAQUIM DA JANELINHA,M,15/05/1981,Válido,90
90888,73,Suplente,KARINA FERREIRA DA SILVA NUNES,KARINA FERREIRA,F,22/12/1976,Válido,90
90555,705,Suplente,THIAGO MATHEUS DE JESUS,THIAGO MATHEUS,M,19/12/1983,Válido,90
90345,200,Suplente,ALEXSANDRA PEREIRA,TIA SANDRA,F,18/10/1970,Válido,90
90100,270,Suplente,JOSÉ LÁSARO DOS SANTOS,LÁSARO DO CARNEIRO,M,11/07/1973,Válido,90
90333,187,Suplente,ANGELA DE ALMEIDA,PROFESSORA ANGELA,F,02/07/1974,Válido,90
90666,98,Suplente,ANA MARIA SANTOS ALVES,ANA PRETA,F,29/10/1958,Válido,90
90500,50,Suplente,LUIZ BEZERRA DE LIMA,COLESTEROL,M,25/02/1969,Válido,90
90111,167,Suplente,JOSÉ HILTON DE JESUS,HILTON,M,29/04/1964,Válido,90
90901,153,Suplente,CARLOS HENRIQUE VIEIRA,HENRIQUE,M,19/05/1970,Válido,90
90000,366,Suplente,FÁBIO MORAIS FERRO,FÁBIO FERRO,M,13/05/1980,Válido,90
55800,3280,Eleito,ALEXSANDRO DA CONCEIÇÃO,PALHAÇO SONECA,M,27/06/1986,Válido,55
55069,226,Suplente,LUIZ GUSTAVO SANTOS DE OLIVEIRA,SOPA,M,18/02/1986,Válido,55
55001,67,Suplente,MARIA DAS GRAÇAS SILVA,LIO DO BUGIO,F,27/11/1953,Válido,55
55015,317,Suplente,MARIA DA LUZ REIS SANTOS,TIA LIA DO MOSQUEIRO ,F,14/06/1971,Válido,55
55192,632,Suplente,GIVANEIDE FERNANDES LUIZ,GIL DA SAÚDE,F,17/11/1973,Válido,55
55999,459,Suplente,JANE XAVIER DOS SANTOS,JANE XAVIER,F,08/09/1963,Válido,55
55002,583,Suplente,MAURO CESAR SANTOS,PROFESSOR MAURO,M,02/05/1970,Válido,55
55010,1679,Suplente,JOSE AMERICO SANTOS DE DEUS,AMÉRICO DE DEUS,M,18/12/1961,Válido,55
55888,220,Suplente,FERNANDA SANTOS DA SILVA MELO,NANDA KAPRITY,F,28/04/1981,Válido,55
55123,3171,Eleito,MANUEL MARCOS DOS SANTOS,DR. MANUEL MARCOS,M,12/11/1949,Válido,55
55777,2056,Suplente,JOSE AMERICO DOS SANTOS SILVA,BIGODE DO SANTA MARIA,M,20/06/1957,Válido,55
55055,331,Suplente,CARLA CRISTIANI SANTOS PRADO,CARLA ROJÃO,F,08/01/1975,Válido,55
55789,371,Suplente,RIVANDA FARIAS DE OLIVEIRA,RIVANDA FARIAS,F,22/09/1970,Válido,55
55333,98,Suplente,JOSINETE FRANCISCA DOS SANTOS,JOSI CHAPOLINHA DO GRAGERU,F,22/05/1968,Válido,55
55444,1057,Suplente,ADRIANO OLIVEIRA PEREIRA,ADRIANO TAXISTA,M,14/11/1973,Válido,55
55200,194,Suplente,ADRIANO DE CARVALHO CABRAL,ADRIANO CABRAL,M,25/07/1983,Válido,55
55227,311,Suplente,FRANCISCO PEDRO MOUSINHO DE ALBUQUERQUE RODRIGUES,CHICO ALBUQUERQUE,M,24/06/1989,Válido,55
55678,74,Suplente,ROQUE HUDSON DA FONSECA HORA,ROQUE CEGO,M,22/06/1960,Válido,55
55500,106,Suplente,JOSE MENDONÇA GONÇALVES DE OLIVEIRA JUNIOR,MENDONÇA JUNIOR,M,12/07/1972,Válido,55
55550,285,Suplente,PATRICIA FRANÇA VIEIRA,PATRÍCIA FRANÇA,F,21/12/1974,Válido,55
55432,178,Suplente,SAULO MATHEUS ENEDINO SANTOS,SAULO ENEDINO,M,14/10/1983,Válido,55
55255,333,Suplente,ANNE LIVIANNE SANTOS SANTIAGO,ANNE LIVIANNE DO SANTA MARIA,F,15/05/1997,Válido,55
55250,148,Suplente,JULIO CESAR SOUZA JUNIOR,JUNIOR DO BAIRRO INDUSTRIAL,M,30/08/1980,Válido,55
55600,164,Suplente,MARCELO SANTOS ALMEIDA,PASTOR MARCELO,M,10/09/1974,Válido,55
55100,20,Suplente,JAELSON GOMES MOTA,ROBIN,M,06/09/1958,Válido,55
55555,4720,Eleito,JOSENITO VITALE DE JESUS,NITINHO,M,31/05/1966,Válido,55
55222,656,Suplente,JOSE MARCOS DOS SANTOS,REPORTER MARCOS COUTO,M,09/12/1968,Válido,55
55111,135,Suplente,MANUEL MESSIAS DOS SANTOS,MESSIAS SANTOS,M,25/02/1971,Válido,55
55655,251,Suplente,LUCIMARA DANTAS PASSOS,LUCIMARA PASSOS,F,24/07/1972,Válido,55
55400,160,Suplente,SALVADOR SANTANA DE MATOS,SALVADOR GARÇOM,M,13/08/1965,Válido,55
55181,74,Suplente,MANOEL MESSIAS MENESES,MANÉ DAS CAJURANAS,M,25/12/1966,Válido,55
55190,2627,Suplente,NORBERTO ALVES JUNIOR,ZEZINHO DO BUGIO,M,30/12/1972,Válido,55
55456,259,Não eleito,ELNATÃ DOS SANTOS,ELNATÃ DA PROPAGANDA,M,19/08/1963,Anulado sub judice,55
55000,368,Suplente,MARCIA ANITA SOARES DA ROCHA,MÁRCIA ANITA,F,23/11/1970,Válido,55
55155,2051,Suplente,JOSE GONZAGA DE SANTANA,DR. GONZAGA,M,01/12/1950,Válido,55
20001,86,Suplente,ROBERTO ALVES GUIMARÃES,DR ROBERTO GUIMARÃES,M,30/06/1954,Válido,20
20222,669,Suplente,EDJAN CRUZ ALVES,EDJAN DO SANTA MARIA,M,02/11/1979,Válido,20
20235,0,Suplente,MARINALDA SILVEIRA VERCOSA,MARINALDA SILVEIRA,F,29/01/1953,Válido,20
20038,286,Suplente,FRANCISCO OLINDA DE ASSIS,BOLSONARO SERGIPANO,M,10/07/1969,Válido,20
20002,35,Suplente,JORAN RIBEIRO DE ANDRADE,JORAN RIBEIRO,M,07/10/1958,Válido,20
20777,3461,Eleito,FÁBIO MEIRELES DE OLIVEIRA,FÁBIO MEIRELES,M,01/05/1977,Válido,20
20000,866,Suplente,JAILTON SANTANA,JAILTON SANTANA,M,22/03/1971,Válido,20
20111,472,Suplente,THIAGO ZACARIAS BATALHA DE MATOS,THIAGUINHO BATALHA,M,31/10/1987,Válido,20
20123,1039,Suplente,DANIELA DOS SANTOS FORTES,DANIELA FORTES,F,19/09/1980,Válido,20
20190,1626,Suplente,ADRIANO SOUZA SANTANA,CABO DIDI,M,21/03/1978,Válido,20
20345,96,Suplente,JOSE NEUTON DOS SANTOS,NEUTON SANTOS,M,20/08/1957,Válido,20
20333,58,Suplente,PAULO ROBERTO FERREIRA,PAULO PISCA PISCA,M,06/01/1970,Válido,20
20100,1638,Suplente,JOSÉ IOLANDO MOURA FILHO,MOURA DA FARMÁCIA,M,04/06/1962,Válido,20
20181,113,Suplente,ISRAEL SOUZA CONCEIÇÃO,SARGENTO ISRAEL,M,11/08/1969,Válido,20
20234,31,Suplente,JOSEFA MARIA DE JESUS DOS SANTOS,JÔ VALENÇA,F,09/05/1966,Válido,20
20220,77,Suplente,RONALD VIEIRA DAMASCENO,RONALD VIEIRA,M,12/05/1986,Válido,20
20321,38,Suplente,ALEXSANDRO RICARDO AZEVEDO SILVA,PROF ALEX,M,04/12/1976,Válido,20
20999,2409,Eleito,JOSE SÁVIO GOIS SILVA,SÁVIO NETO DE VARDO LOTÉRICA,M,12/09/1995,Válido,20
20124,161,Suplente,CELSO LUIZ MONTEIRO FONTES,CELSO FONTES,M,01/09/1962,Válido,20
20020,163,Suplente,BRENO OLIVEIRA NUNES DA SILVA,BRENO OLIVEIRA,M,25/06/1992,Válido,20
20132,0,Não eleito,EVA SILVA DE ALCANTARA,EVA ALCANTARA,F,06/08/1964,Anulado sub judice,20
20852,26,Suplente,MARCIA DE OLIVEIRA BRITO,MARCIA BRITO,F,23/06/1969,Válido,20
20200,772,Suplente,CARLITO ALVES DOS SANTOS,PASTOR ALVES,M,15/10/1964,Válido,20
20444,1819,Suplente,BERTULINO JOSÉ LOPES DE MENEZES,BERTULINO MENEZES,M,04/02/1958,Válido,20
20024,0,Suplente,CLEBER ALVES VIEIRA,CLEBINHO DO BUGIO,M,27/05/1980,Válido,20
20260,0,Não eleito,ROSANGELA DOS SANTOS,ROSANGELA,F,20/06/1979,Anulado sub judice,20
20888,15,Suplente,DANILO SANTOS DE MATOS,DANILO ASTRAL,M,03/02/1986,Válido,20
20555,74,Suplente,RAILDE RODRIGUES SANTOS,RAI DA MATINHA,F,27/04/1958,Válido,20
20789,11,Suplente,RUTE RODRIGUES SILVA,RUTE RODRIGUES,F,27/02/1962,Válido,20
20082,23,Suplente,LUCAS GOMES DE OLIVEIRA,LUCAS OLIVEIRA,M,12/12/1976,Válido,20
20478,55,Suplente,ROSEMARY CASSEMIRO HORA,MÃE MARY DE XANGÔ,F,12/03/1962,Válido,20
40888,72,Não eleito,RICARDO BATISTA SANTOS,RICARDO,M,08/06/1972,Válido,40
40040,120,Não eleito,MAX SANTOS GUIMARÃES,MAX GUIMARÃES,M,27/07/1982,Válido,40
40221,44,Não eleito,GILVAN ALVES SANTOS,GILVAN ALVES,M,26/03/1967,Válido,40
40999,455,Não eleito,CARLOS RUBENS DE OLIVEIRA JULIAO,RUBINHO,M,01/04/1984,Válido,40
40567,41,Não eleito,AGNALDO SANTOS CONCEIÇÃO,AGNALDO MORAL,M,21/12/1963,Válido,40
40000,343,Não eleito,TATHIANE AQUINO DE ARAUJO,TATHIANE ARAUJO,F,28/03/1980,Válido,40
40444,91,Não eleito,ARIVALDO CARDOSO DAS MERCES,ARIVALDO CARDOSO (ARI),M,06/07/1955,Válido,40
40004,51,Não eleito,ANDREZA CAROLINA SIRINO IGLESIAS,ANDREZA IGLESIAS,F,11/02/1994,Válido,40
40600,49,Não eleito,ELIANA SOUZA DA SILVA,ELIANA DA ACADEPOL,F,06/11/1960,Válido,40
40222,35,Não eleito,JUTAILDE GOMES SÁ BARRETO,NINA GOMES,F,09/11/1970,Válido,40
40400,398,Não eleito,VICTOR RODRIGO SANTANA FONTES,VICTOR FONTES,M,27/08/1979,Válido,40
40512,87,Não eleito,VALDEVAN FERNANDO SANTOS,VALDEVAN FERNANDO,M,10/03/1974,Válido,40
40333,110,Não eleito,KIM MOURA COSTA,KIM MOURA,F,23/03/1963,Válido,40
40340,107,Não eleito,EDUARDO GONÇALVES BISPO DOS SANTOS,PROFESSOR EDUARDO,M,29/06/1961,Válido,40
40192,145,Não eleito,MAURA SOUZA LIMA,ENFERMEIRA MAURA LIMA,F,27/05/1985,Válido,40
40540,45,Não eleito,SILVINA MARIA FRAGA LIMA DE AQUINO,SILVINA AQUINO,F,08/01/1941,Válido,40
40020,6,Não eleito,SANDRA GARDENIA ARAUJO ARGOLO,SANDRA ARGOLO,F,13/05/1967,Válido,40
40140,434,Não eleito,CLAUDIO JOSE COSTA SANTOS,CLÁUDINHO,M,03/08/1975,Válido,40
40800,268,Não eleito,GERALDO LUIZ FERREIRA DOS SANTOS,GERALDINHO,M,02/05/1968,Válido,40
40369,173,Não eleito,LUIZ CARLOS MOTA SANTIAGO,LUIZ SANTIAGO CACHITO,M,17/04/1954,Válido,40
40100,378,Não eleito,CARLOS CESAR DO NASCIMENTO ZUZARTE,ZUZARTE,M,29/04/1991,Válido,40
40240,72,Não eleito,DENISSON MATOS ROCHA,DENISSON MATOS,M,02/04/1980,Válido,40
40337,286,Não eleito,WESLEY MEIRELES ALVES DE OLIVEIRA,WESLEY FAZ BEM,M,30/04/1987,Válido,40
40640,2225,Não eleito,ELBER ANDRADE BATALHA DE GOES,ELBER BATALHA,M,20/11/1973,Válido,40
40123,55,Não eleito,MARIA IZABEL DOS SANTOS VIEIRA,IZABEL DO SANTA MARIA,F,20/10/1962,Válido,40
40611,62,Não eleito,DANILTON FREIRE DE ARGOLO,DANILTON ARGOLO,M,08/07/1969,Válido,40
40024,230,Não eleito,EDUARDO MELO TORRES FILHO,EDUARDO LALA,M,26/03/1966,Válido,40
40555,41,Não eleito,ROOSEVELT PRADO DOS SANTOS,ZUZA,M,21/11/1960,Válido,40
40111,108,Não eleito,MARIO SERGIO DE OLIVEIRA,MARIO OLIVEIRA,M,28/12/1961,Válido,40
40650,106,Não eleito,ARISTOTELES ROLEMBERG SANTANA,PASTOR ARISTOTELES DE ALONSO,M,21/12/1970,Válido,40
40007,363,Não eleito,MICHEL DA SILVA SANTOS,GORDINHO DA AVENIDA,M,19/07/1991,Válido,40
40456,46,Não eleito,SIMONE MARIA SANTANA DA SILVA MACEDO,SIMONE BRILHO,F,04/04/1961,Válido,40
40233,386,Não eleito,LEOMAX ANDRADE LIMA,LEOMAX ANDRADE,M,30/09/1981,Válido,40
40777,269,Não eleito,JULIANE MANSUR SANTIAGO DE ANDRADE RIGONATO,JUJU MANSUR,F,19/06/1988,Válido,40
40001,66,Não eleito,UMBERTO DOS SANTOS SILVA,BEBEL SANTOS,M,02/01/1966,Válido,40
17021,24,Não eleito,INGRID RAIANE DA SILVA BARRETO,LEVITA INGRID SILVA,F,21/04/1997,Anulado sub judice,17
17333,243,Não eleito,CLEBSON PINTO DA SILVA,CLEBSON PINTO,M,16/12/1983,Válido,17
17321,91,Não eleito,ERIC LUIS SILVA SOUZA,PROFESSOR ERIC LUIS,M,21/02/1993,Válido,17
17123,300,Não eleito,JOSE IVALDO VASCONCELOS DE ANDRADE,IVALDO JOSÉ,M,07/07/1961,Válido,17
17888,35,Não eleito,WILZA CÂMARA DOS SANTOS,WILZA CÂMARA,F,17/11/1981,Válido,17
17444,97,Não eleito,DOUGIVAL ALVES VASCONCELOS,MESTRE DOUGIVAL DO BOLA NA RED,M,05/12/1957,Válido,17
17190,1336,Não eleito,AMINTAS OLIVEIRA BATISTA,CABO AMINTAS,M,19/09/1971,Válido,17
17654,15,Não eleito,RAMON THIERS TAVARES SANTOS,RAMON THIERS,M,14/02/1990,Válido,17
17666,93,Não eleito,DJENAL RODRIGUES DOS SANTOS,DJENAL RODRIGUES,M,14/10/1975,Válido,17
17223,349,Não eleito,ROBSON GOMES DOS SANTOS,ROBSON TAXISTA,M,07/09/1975,Válido,17
17900,90,Não eleito,HERBERT PEREIRA SANTOS DOS ANJOS,HERBERT DOS ANJOS,M,24/02/1982,Válido,17
17277,89,Não eleito,JONATHAS CABRAL SOUZA,GALEGO DO POVO,M,11/09/1987,Válido,17
17800,155,Não eleito,LUIZ FERNANDO FEITOZA GOES,FERNANDO FEITOZA,M,11/10/1990,Válido,17
17456,47,Não eleito,NAILTON SANTOS DE SOUZA,NAILTON PÉ DE BOLO,M,15/05/1974,Válido,17
17111,47,Não eleito,LAUDICEA FIRMO DE CASTRO SILVA,LAUDICEA CASTRO,F,21/07/1959,Válido,17
17600,26,Não eleito,LUIZ CARLOS BARRETO,BARRETO,M,03/02/1951,Anulado sub judice,17
17121,121,Não eleito,KLEVERTON COSTA DE SANTANA,KLEVERTON O ARACAJU EMPREGOS,M,31/05/1988,Válido,17
17200,164,Não eleito,HILDRIELEE SANTOS LIMA,PROFESSORA HILDRIELEE,F,03/12/1988,Válido,17
17000,694,Não eleito,VALFRAN RIBEIRO DOS SANTOS,SARGENTO VALFRAN,M,05/10/1964,Válido,17
17234,65,Não eleito,JOELIUDE MENESES PEREIRA,JU DO POVO,F,19/03/1985,Válido,17
17997,22,Não eleito,EDIGLEIDE SANTOS TELES,GLEIDE MORENA,F,13/11/1971,Válido,17
17501,205,Não eleito,ALEXANDRE CARVALHO BOMFIM,ALEXANDRE PILOM,M,27/02/1986,Válido,17
17999,126,Não eleito,ANA PAULA SOUZA DOS SANTOS,PROFA PAULA SOUZA,F,20/03/1977,Válido,17
17567,22,Não eleito,MARIA DE FÁTIMA OLIVEIRA DA SILVA,PROFESSORA FÁTIMA OLIVEIRA,F,07/08/1957,Válido,17
17222,96,Não eleito,RUBENS MURILO SANTOS NASCIMENTO,PROFESSOR RUBENS MURILO,M,13/10/1997,Válido,17
17762,48,Não eleito,RODRIGO DA PAIXÃO MARQUES ARAÚJO BARBOSA,RODRIGO FEIJU,M,21/06/1989,Válido,17
17777,357,Não eleito,MARCELO SOARES DA SILVA,PROFESSOR MARCELO SOARES,M,21/10/1982,Válido,17
17500,33,Não eleito,GRACE KELLY DOS SANTOS,GRACE KELLY,F,14/03/1991,Válido,17
17707,40,Não eleito,MARIVANIA FARIAS DOS SANTOS SOUZA,MARA FARIAS,F,19/04/1977,Válido,17
17400,256,Não eleito,LUCIANO EUGÊNIO GALDINO DA SILVA,LUCIANO GALDINI DO FÓRUM,M,24/09/1979,Válido,17
17017,73,Não eleito,HERMMANN CAVALCANTE LIMA,HERMMANN CAVALCANTE LIMA - HC,M,25/01/1981,Válido,17
17555,165,Não eleito,DOUGLAS HEANS SANTOS NASCIMENTO,DOUGLAS HEANS,M,17/11/1991,Válido,17
17753,78,Não eleito,MARCOS FABIANO DE CARVALHO LIMA,FABIANO LIMA,M,11/05/1977,Válido,17
17300,129,Não eleito,THIAGO ARAUJO SOUZA,THIAGO CAIXA,M,25/06/1981,Válido,17
17789,60,Não eleito,OSCAR SANTOS VIEIRA,BEL DO BUGIO,M,01/01/1970,Válido,17
16678,69,Não eleito,JOSÉ PAULO BISPO DOS SANTOS,PAULO DA MANGABEIRA,M,06/12/1978,Válido,16
16123,59,Não eleito,LEIDIANE VASCONCELOS LIMA,LEIDI LIMA,F,11/12/1980,Válido,16
43222,76,Não eleito,CAMILA CAROLINE CARLINI,MV CAMILA CARLINI,F,27/12/1992,Válido,43
43180,35,Não eleito,MÁRCIA CRISTINA REIS,MÁRCIA CRISTINA,F,25/02/1964,Válido,43
43333,142,Não eleito,ELISSON SANTOS DE SANTANA,ELISSON SANTANA,M,25/09/1984,Válido,43
43678,43,Não eleito,WEDJA DA SILVA GUSTAVO,WEDJA,F,31/07/1980,Válido,43
43123,31,Não eleito,CLAUDIA RODRIGUES DA SILVA,CLAUDIA RODRIGUES,F,17/02/1977,Válido,43
43555,96,Não eleito,CARLITO FERREIRA MARCOS,CARLITO PAZ DE CRISTO,M,11/07/1957,Válido,43
43456,191,Não eleito,JOSÉ DE SOUZA SANTOS,SOUZA DA ENFERMAGEM,M,24/07/1966,Válido,43
43003,68,Não eleito,WELBERSON DE ALMEIDA SANTOS,WELBERSON ET,M,11/03/1978,Válido,43
43666,36,Não eleito,DIVO RODRIGUES DOS SANTOS FILHO,DIVO,M,16/02/1963,Válido,43
43302,55,Não eleito,GINALDO FERREIRA SANTOS,JF CAVACO CHINÊS,M,30/10/1969,Válido,43
43000,97,Não eleito,JOSÉ PEREIRA DA COSTA,MOCOTÓ,M,14/07/1966,Válido,43
43125,72,Não eleito,GENISSON SILVA DE JESUS,GENISSON BIGODINHO,M,16/06/1974,Válido,43
43111,27,Não eleito,JOSÉ ROBÉRIO DO NASCIMENTO,ROBÉRIO TOLDOS E VASSOURAS,M,11/06/1979,Válido,43
50789,90,Suplente,EDIVALDO SOARES LEANDRO,LEANDRO,M,01/03/1963,Válido,50
50800,456,Suplente,ANTONIO VINICIUS OLIVEIRA GONÇALVES,BANCADA COMUNITÁRIA,M,05/03/1986,Válido,50
50345,56,Suplente,FLÁVIO HENRIQUE SANTOS DE SENA,FLÁVIO HENRIQUE,M,07/12/1986,Válido,50
50213,389,Suplente,JÚLIO CÉSAR LOPES DE JESUS,JÚLIO CÉSAR,M,08/03/1981,Válido,50
50500,66,Suplente,MARCOS ANTÔNIO LOURENÇO SANTOS,MARCOS ALVARÁ BANCADA PRETA,M,24/10/1979,Válido,50
50555,257,Suplente,JOSINEIDE DANTAS,GIGI POETISA,F,29/03/1966,Válido,50
50321,26,Suplente,CARLOS ALBERTO ALVES DOS SANTOS,ROBERTO,M,26/07/1968,Válido,50
50123,3342,Suplente,SONIA MEIRE SANTOS AZEVEDO DE JESUS,PROFESSORA SONIA MEIRE,F,13/01/1963,Válido,50
50180,5773,Eleito,LINDA BRASIL AZEVEDO SANTOS,LINDA BRASIL,F,14/04/1973,Válido,50
14100,355,Não eleito,TIAGO SANTOS DE JESUS,THIAGO JESUS,M,07/04/1986,Válido,14
14123,959,Não eleito,EDUARDO RAMOS GOMES,EDUARDO FABAJU,M,22/10/1960,Anulado sub judice,14
14440,69,Não eleito,RAIMUNDO MARQUES GAZINEU,RAIMUNDO GAZINEU,M,09/07/1961,Válido,14
14444,554,Não eleito,ALLYSON DOS SANTOS FIGUEIREDO,ALLYSON O SONHADOR,M,16/11/1984,Válido,14
14666,139,Não eleito,ERASMO EVANGELISTA GUIMARAES,SGT ERASMO,M,02/06/1958,Válido,14
14079,53,Não eleito,AUGUSTO PRADO CORREIA FIGUEIREDO,AUGUSTO BRAZUCA,M,05/11/1991,Válido,14
14700,154,Não eleito,MARIA ANITA SILVA BATISTA,ANITA SILVA,F,25/01/1970,Válido,14
14300,310,Não eleito,WAGNER ANTONIO DOS SANTOS,WAGNER VISCOSO,M,30/07/1982,Válido,14
14400,49,Não eleito,JEAN MYLA DE OLIVEIRA ARCANJO,MYLA ARCANJO,F,17/11/1986,Válido,14
14600,48,Não eleito,EDENISE NUNES DE ARAUJO,DENI CEREJA,F,23/07/1988,Válido,14
14800,14,Não eleito,ALBERTO MELO SANTOS,PROF ALBERTO MELO,M,28/02/1943,Válido,14
14999,100,Não eleito,FABIA VALADARES DE ANDRADE,FABIA VALADARES DE ANDRADE,F,06/07/1972,Válido,14
14555,134,Não eleito,WAGNER DOS SANTOS,WAGNER KALANGO,M,16/12/1971,Válido,14
14141,140,Não eleito,EDIVALDO VIEIRA LIMA JUNIOR,JUNIOR LIMA,M,20/12/1993,Válido,14
14456,719,Não eleito,FERNANDA ALMEIDA FARINE,FERNANDA FARINE,F,07/05/1974,Válido,14
14000,796,Não eleito,DANIEL RODRIGUES MAFORT,DANIEL MAFORT,M,26/09/1992,Válido,14
14777,190,Não eleito,ROBESPIERRE FARIAS COSTA,PIERRE PRODUÇÕES,M,28/10/1983,Válido,14
14103,33,Não eleito,VANDA RODRIGUES LIMA,VANDA A BOA,F,28/03/1960,Válido,14
14147,505,Não eleito,ELVES DE MENEZES SANTOS CAVALCANTE,ELVES DO BUGIO,M,02/04/1989,Válido,14
14019,123,Não eleito,YANDRA OLIVEIRA SANTOS MENEZES,YANDRA MENEZES,F,16/02/2001,Válido,14
14888,5,Não eleito,ROBSON GONÇALVES DAS CHAGAS,ROBSON JARRÃO,M,06/05/1969,Válido,14
14111,325,Não eleito,PABLO RAMON LIMA DE BARROS,PABLO RAMON,M,23/07/1991,Válido,14
14190,194,Não eleito,GENIVALDO DA SILVA CAMPOS,GENIVALDO CAMPOS,M,27/09/1994,Válido,14
14200,43,Não eleito,SILVIA PRADO ALMEIDA,SILVIA PRADO,F,10/05/1960,Válido,14
14181,108,Não eleito,CRISTIAN BARNEY DE JESUS NASCIMENTO,SGT CRISTIAN BARNEY,M,01/06/1973,Válido,14
14234,169,Não eleito,HENRIQUE SANTANA,HENRIQUE SANTANA,M,09/01/1967,Válido,14
14787,160,Não eleito,IRAN HIGINO DOS SANTOS,IRAN DA EVOLUX,M,20/07/1972,Válido,14
14235,89,Não eleito,LEIDIVALDA DOROTEIA DA SILVA,LEIDE DO POVO,F,19/07/1971,Válido,14
14567,277,Não eleito,HUGO PROCOPIO AZEVEDO,HUGO AZEVEDO,M,22/10/1991,Válido,14
14170,13,Não eleito,DANIELLI HEANS SANTOS NASCIMENTO,DANIELLI HEANS,F,18/02/1994,Válido,14
14007,617,Não eleito,JADSON SANTOS MACEDO,PROF JADSON MACEDO JAJÁ,M,18/01/1973,Válido,14
14333,36,Não eleito,GEANE DOS SANTOS,GEANE RODRIGUES,F,15/12/1978,Válido,14
33756,364,Suplente,ANDRÉ LUIZ ANDRADE DOS SANTOS,DR ANDRÉ ANDRADE,M,10/05/1989,Válido,33
33332,81,Suplente,LUCIA MARIA CARDOSO SANTOS SOUZA,LUCIA AGENTE DE SAÚDE,F,06/07/1964,Válido,33
33111,411,Suplente,ADRIANO BONFIM SOUZA,ADRIANO BONFIM,M,27/03/1978,Válido,33
33800,64,Suplente,CRISTIANO BISPO DOS SANTOS,PROFº CRISTIANO BISPO,M,14/04/1982,Válido,33
33001,377,Suplente,ERIOSVALDO CAMPOS,OSVALDO CAMPOS,M,21/09/1976,Válido,33
33444,274,Suplente,EVERSON FERREIRA SANTOS,EVERSON NEGÃO,M,16/05/1974,Válido,33
33777,75,Suplente,TANISE PIRES MENDONCA,TANISE PIRES,F,28/01/1978,Válido,33
33120,2,Suplente,SAYONARA DIANA DE MACEDO FARIAS,SAYONARA,F,16/05/1963,Válido,33
33666,58,Suplente,ANTONIO CARLOS DOS SANTOS,ANTONIO CINDA DO BUGIO,M,26/12/1966,Válido,33
33789,371,Suplente,JOSE SOARES PINTO,SOARES PINTO,M,19/12/1946,Válido,33
33900,292,Suplente,EVANEIDE BARROSO DO NASCIMENTO,GALEGA DA MALVINA,F,28/09/1966,Válido,33
33440,110,Suplente,MARCIO JOSE SANTOS SILVA,MARCIO SANTOS,M,24/09/1987,Válido,33
33888,368,Suplente,JOAO BATISTA FERREIRA MOTA,JOÃOZINHO POPULAR,M,23/06/1971,Válido,33
33320,6,Suplente,FLÁVIA DOS SANTOS DUARTE,FLAVIA DUARTE,F,20/05/1981,Válido,33
33003,442,Suplente,MARCOS ANTÔNIO DA CONCEIÇÃO,MARCOS TOTA,M,01/12/1969,Válido,33
33456,807,Suplente,GEOVANIO CELESTINO SANTOS,GEOVANIO CELESTINO,M,20/10/1985,Válido,33
33222,469,Suplente,FLORISVALDO DE JESUS FLORENCIO,FLOR DE JESUS,M,27/10/1973,Válido,33
33999,256,Suplente,JOSÉ ROBERTO VIEIRA SANTOS,BETÃO DO POVO,M,28/08/1964,Válido,33
33200,385,Suplente,EVERTON DOS SANTOS,EVERTON NEGUINHO,M,15/09/1981,Válido,33
33123,528,Suplente,GENIVALDO DA SILVEIRA SANTOS,GIL DO GÁS,M,29/05/1975,Válido,33
33345,129,Suplente,CARLOS AUGUSTO BARRETO DE JESUS,AUGUSTO DO POVO,M,05/10/1983,Válido,33
33555,1376,Eleito,ALDEILSON SOARES DOS SANTOS,BINHO,M,18/11/1982,Válido,33
33500,99,Suplente,JOSÉ DE JESUS OLIVEIRA,KLEBER DA COPINHA,M,12/04/1980,Válido,33
33190,482,Suplente,CLAUDIO DOS SANTOS LIMA,SARGENTO KAKÁ,M,04/05/1969,Válido,33
33007,92,Suplente,EDSON SALVADOR SIMPLICIO JUNIOR,EDSON JUNIOR,M,23/10/1980,Válido,33
33300,204,Suplente,JEILSON SOUZA SANTOS,JEJÊ PRODUÇÕES,M,20/06/1974,Válido,33
33000,361,Suplente,EDISON GOMES DA SILVA,PELÉ DO SÃO CONRADO,M,30/01/1978,Válido,33
33135,14,Suplente,SANDRA MARIA MAGALHAES ANDRADE,SANDRA MAGALHAES,F,22/04/1971,Válido,33
33033,16,Suplente,ERICA SILVA DE CARVALHO,ERICA SILVA,F,23/12/1994,Válido,33
33333,536,Suplente,MAICON NAITH BORGES DOS SANTOS,MAICON DO RIM,M,13/10/1983,Válido,33
33700,102,Suplente,ALEXANDRE SANTANA SANTOS,ALEXANDRE CHEFINHO,M,29/03/1974,Válido,33
33614,2,Suplente,ERICA FABIANA DE OLIVEIRA RIBEIRO,ERICA TUR,F,16/03/1979,Válido,33
13222,62,Suplente,KARINA GARCIA SANTOS CRUZ,KARINA GARCIA,F,16/10/1988,Válido,13
13333,245,Suplente,VINICIUS RIBEIRO DA SILVA,VINICIUS RIBEIRO,M,18/03/1990,Válido,13
13567,1,Não eleito,FELIPE ROMÃO PASSOS,FELIPE DA PIZZA,M,07/05/1999,Anulado sub judice,13
13079,14,Suplente,CARLOS AUGUSTO DE OLIVEIRA LEAL,CARLOS LEAL,M,13/10/1986,Válido,13
13113,138,Suplente,ZENAIDE DA SILVA SANDRES,ZENAIDE SANDRES,F,10/10/1967,Válido,13
13913,41,Suplente,MARIA DA SILVA BASTOS DOS SANTOS,MARIA DO BAIRRO,F,01/10/1975,Válido,13
13303,66,Suplente,MARIA EDVÂNIA SANTANA SANTOS,EDVÂNIA SANTANA,F,08/01/1971,Válido,13
13900,1882,Eleito,ANGELA MARIA DE MELO,PROFESSORA ÂNGELA MELO,F,01/07/1956,Válido,13
13133,136,Não eleito,FABIO LUIZ SANTOS QUIRINO,FABIO LUIZ,M,03/03/1976,Anulado sub judice,13
13013,258,Suplente,KARINA MUHLERT DRUMMOND PINTO,KARINA DRUMMOND,F,22/11/1976,Válido,13
13555,201,Suplente,MARCONES QUIRINO SANTOS,MARCONES QUIRINO,M,23/08/1978,Válido,13
13999,182,Não eleito,MARIA JOSÉ SILVA SANTOS,MARIA DO POVO,F,23/11/1964,Anulado sub judice,13
13313,206,Suplente,ARIOCOSVIQUE DA SILVA FORTES,ARI DA FEIRA DO TURISTA,M,17/09/1969,Válido,13
13789,25,Suplente,AUGUSTO VIEIRA LESSA,AUGUSTO LESSA,M,15/08/1970,Válido,13
13180,341,Suplente,CLAUDIA PEREIRA DA SILVA,CLAUDIA PEREIRA,F,16/11/1973,Válido,13
13700,116,Suplente,ANDERSON JOSÉ COSTA DE OLIVEIRA,ANDERSON O VEGANO,M,17/04/1981,Válido,13
13192,1126,Não eleito,EMMANUELA CORREA NASCIMENTO PEREIRA,MANU,F,10/05/1996,Anulado sub judice,13
13666,85,Suplente,JORGE DE JESUS SOBRAL,JORGE SOBRAL,M,23/04/1955,Válido,13
13500,272,Suplente,JOSÉ EDNALDO DOS SANTOS JUNIOR,JÚNIOR ESPANTA,M,17/12/1986,Válido,13
13123,1260,Suplente,JOEL DE ALMEIDA SANTOS,PROFESSOR JOEL,M,05/04/1969,Válido,13
13713,195,Suplente,HUMBERTO DOUGLAS SILVA DA CONCEIÇÃO,PAI BINHO,M,19/01/1974,Válido,13
13131,545,Suplente,ANGELO MARCIO BISPO DA CONCEIÇÃO,MARCINHO DA JUVENTUDE,M,10/03/1999,Válido,13
13111,1543,Suplente,JEFFERSON FERREIRA LIMA,JEFFERSON LIMA,M,10/06/1987,Válido,13
13777,1476,Suplente,ADELMO MENESES SANTOS,PROFESSOR ADELMO,M,13/02/1963,Válido,13
13456,135,Suplente,RICARDO ARAUJO DA SILVA,PROFESSOR RICARDO ARAUJO,M,13/09/1983,Válido,13
13600,799,Suplente,GERFFESON SANTOS SANTANA,MANO SINHO,M,23/02/1983,Válido,13
13000,1861,Suplente,CAMILO FEITOSA DANIEL,CAMILO,M,12/04/1991,Válido,13
45600,3,Não eleito,SHEILA SANTANA DOS SANTOS,SHEILA SANTANA,F,15/01/1987,Válido,45
45123,234,Não eleito,PEDRO FIRMINO DE ANDRADE,PEDRO FIRMINO,M,27/06/1944,Válido,45
45007,136,Não eleito,JOSÉ EDINILZO NOGUEIRA SANTOS,EDINILZO DO POVO,M,06/12/1964,Válido,45
45639,276,Não eleito,JOSEVALDO MOTA DE SOUZA,JOSEVALDO CONTADOR,M,12/08/1979,Válido,45
45711,90,Não eleito,CARLOS FERNANDES NASCIMENTO DE OLIVEIRA,CARLOS FERNANDES,M,07/11/1952,Válido,45
45400,4,Não eleito,CAROLINA REGINA DA SILVA SANTOS,CAROL,F,06/10/1998,Válido,45
45554,0,Não eleito,NATALI LIMA ARAGÃO,NATALI ARAGÃO,F,17/12/1994,Válido,45
45308,90,Não eleito,MARCELO SOARES DOS SANTOS,MARCELO SOARES,M,08/03/1976,Válido,45
45144,284,Não eleito,ALEXANDRE AUGUSTO DA SILVA,PROFESSOR ALEXANDRE,M,30/06/1975,Válido,45
45000,205,Não eleito,THIAGO OLIVEIRA RIBEIRO,THIAGO RIBEIRO,M,09/01/1984,Válido,45
45655,0,Não eleito,SHIRLEY DIAS COSTA,SHIRLEY,F,19/03/1986,Válido,45
45024,200,Não eleito,JOSÉ ANSELMO DOS SANTOS,MÃE GORDA DO POVO,M,29/04/1981,Válido,45
45456,344,Não eleito,JOSEMIR ALVES DE ARGOLO,JOSEMIR ARGOLO,M,29/08/1967,Válido,45
45005,18,Não eleito,THIAGO CARLOS DE ALMEIDA,THIAGO IMPORTADOS,M,10/10/1986,Válido,45
45192,110,Não eleito,CLEVERTON SILVA DOS SANTOS,DIAZEPAM,M,02/10/1978,Válido,45
45155,45,Não eleito,MARIA DE FATIMA LIMA DA SILVA,FÁTIMA BRASIL,F,15/05/1962,Válido,45
45050,1,Não eleito,ROSE MARY BATISTA SANTANA MARTINS,ROSE,F,28/04/1960,Válido,45
45556,62,Não eleito,JOÃO MARCELO RIBEIRO DE MELO,MARCELO RIBEIRO,M,15/08/1970,Válido,45
45333,494,Não eleito,LAZARO AUGUSTO SANTOS SILVA,LÁZARO,M,09/03/1981,Válido,45
45222,54,Não eleito,GEORGE MESQUITA ANDRADE,GEORGE MESQUITA,M,09/04/1969,Válido,45
45777,11,Não eleito,ANDRÉ ALVES SANTANA,ANDRÉ SANTANA,M,26/08/1980,Válido,45
45055,27,Não eleito,PATRICIA DOS SANTOS GOIS,PATRÍCIA GOIS,F,04/11/1990,Válido,45
45101,45,Não eleito,WLADIMIR WANDER DOS SANTOS FERRAZ,PROF WLADIMIR WANDER,M,18/11/1969,Válido,45
45111,202,Não eleito,WAGNER VIEIRA DOS SANTOS,WAGNER VIEIRA,M,17/12/1966,Válido,45
45200,0,Não eleito,ATANAZIA TELES DE GOIS,ATANAZIA GOIS,F,31/03/1983,Válido,45
45666,37,Não eleito,RAIMUNDO PINHEIRO PEREIRA,RAIMUNDO TUCA,M,27/04/1962,Válido,45
45700,14,Não eleito,MARIA VÂNIA SANTOS DA HORA,VÂNIA HORA,F,10/12/1968,Válido,45
45045,333,Não eleito,ROBSON BEZERRA DOS SANTOS,BORRACHEIRO DO SANTA MARIA,M,31/10/1965,Válido,45
45444,71,Não eleito,NILEY CRISLAINE ALVES DE SOUZA,NILEY,F,24/07/2001,Válido,45
45190,103,Não eleito,MCDOUGLAS ARIMATEA SANTOS,MOTOBOY DE JESUS,M,12/06/1981,Válido,45
45500,17,Não eleito,ROBERTO RUI TOLEDO DA SILVA JUNIOR,JUNIOR DO PORTO DANTAS,M,21/03/1989,Válido,45
45321,64,Não eleito,ANTONIO DIAS,ANTÔNIO SOM,M,23/07/1967,Válido,45
45100,46,Não eleito,CARLOS JOSE MAGALHAES DE MELO,MAGA,M,24/03/1938,Válido,45
45555,680,Não eleito,JOSE ACÁCIO FERREIRA CARDOSO,ACÁCIO CARDOSO,M,11/02/1971,Válido,45
45678,85,Não eleito,MANOEL JOSÉ SOARES DA SILVA,MANESERTAO,M,05/07/1964,Válido,45
45900,0,Não eleito,KISLLEY MELO DA CUNHA,KISS CUNHA,F,28/04/1992,Válido,45
77400,19,Suplente,ALAINE BITTENCOURT LIMA,ALAINE,F,26/01/1991,Válido,77
77888,1052,Suplente,JAILSON FARIAS DOS SANTOS,PITUXO,M,17/03/1965,Válido,77
77897,1,Suplente,HORÁCIA GABRIELA DOS SANTOS,GABRIELA SANTOS,F,16/09/1993,Válido,77
77181,342,Suplente,MARCIO VIEIRA DOS SANTOS,MARCIO VIEIRA DO MOEMA MEIRE,M,28/03/1965,Válido,77
77321,259,Suplente,MARCOS RENATO REIS,CAPA DO MOSQUEIRO,M,06/11/1991,Válido,77
77444,769,Suplente,JOSE AUGUSTO DE SANTANA,GUGU DOS AMIGOS,M,25/03/1965,Válido,77
77200,49,Suplente,IRAILTON MATIAS DOS SANTOS,IRAILTON GARÇOM,M,20/06/1973,Válido,77
77411,0,Suplente,NÍCOLAS JEFERSON DOS SANTOS MESSIAS,NICOLAS,M,06/09/1992,Válido,77
77721,36,Suplente,FLAVIA MARTINS DE MELO,FLAVIA MARTINS,F,12/12/1981,Válido,77
77222,1486,Eleito,JOSE AILTON NASCIMENTO,PAQUITO DE TODOS,M,26/10/1961,Válido,77
77192,50,Suplente,JACQUELINE SANTOS TORRES,JACQUELINE DO SANTA MARIA,F,09/07/1980,Válido,77
77333,177,Suplente,ELISVELTON MARCOLINO DOS SANTOS,VETOSTUDIO,M,03/11/1982,Válido,77
77456,181,Suplente,SILVIO LUIZ SANTOS,SILVIO SANTOS,M,02/05/1959,Válido,77
77777,1340,Suplente,ANDRE DA FONSECA,CHAPOLIN,M,21/04/1971,Válido,77
77999,583,Suplente,ROQUE MELO,ROQUE MELO,M,11/05/1972,Válido,77
77300,2,Suplente,JOSEFA EVERALDA GERMANO DE MELO FILHA,EVERALDA DE MELO,F,20/04/1975,Válido,77
77110,29,Suplente,DJANE MONTALVÃO DA LUZ,DJANE MONTALVÃO,F,14/04/1970,Válido,77
77000,174,Suplente,DOMINGOS SAVIO DOS SANTOS,DR SÁVIO,M,17/03/1983,Válido,77
77111,107,Suplente,GABRYEL ALVES DA PAIXÃO,GABRYEL PAIXÃO,M,02/09/1995,Válido,77
77190,467,Suplente,MARCELO SANTOS OLIVEIRA,MARCELO DE DONA LÍDIA,M,02/04/1976,Válido,77
77123,563,Suplente,WILLIAM CONCEIÇÃO SANTOS,WILLIAM FONSECA,M,03/08/1980,Válido,77
77677,1176,Suplente,ARISTÓTELES JOSÉ DOS SANTOS,ARY DO SÃO CARLOS,M,18/08/1985,Válido,77
77077,122,Suplente,RODRIGO FIALHO MENEZES,RODRIGO FIALHO,M,17/10/1990,Válido,77
77129,46,Suplente,ELISANGELA SOUZA ALVES DORIA,ELISÂNGELA ASSISTENTE SOCIAL,F,29/10/1983,Válido,77
77180,191,Suplente,JUSSIENE MELO PACHE DE FARIA,JÕ PACHE DA SSP,F,03/03/1962,Válido,77
77320,64,Suplente,REGIANE PAGANO DE PAIXÃO,REGIANE PAGANO,F,25/08/1980,Válido,77
77100,889,Suplente,ADEMIR COSTA,ADEMIR DO GÁS,M,10/02/1964,Válido,77
77727,71,Suplente,DENISE SIMPLÍCIO ALVES,DENYALLES,F,11/08/1975,Válido,77
77673,175,Suplente,GILDIVAN BOMFIM DA SILVA,PASTOR GILDIVAN,M,07/06/1973,Válido,77
19118,491,Suplente,HAROLDO ANTONIO ARAUJO CARDOSO,SUPERVISOR CARDOSO,M,26/02/1968,Válido,19
19020,13,Suplente,MARIA DAS GRAÇAS DOS SANTOS,GRACINHA LARANJEIRAS,F,10/10/1970,Válido,19
19555,753,Suplente,LUIZ CARLOS DOS SANTOS,BRANCA DE NEVE,M,28/07/1963,Válido,19
19003,296,Suplente,RODRIGO FERREIRA DOS SANTOS,RODRIGO TERRA CITY,M,10/09/1985,Válido,19
19010,17,Suplente,NAGELA VALESKA SANTANA SANTOS,NAGELA,F,11/08/1993,Válido,19
19345,202,Suplente,JOSÉ ARLINDO SOUZA SALES FILHO,ARLINDOLINDO,M,03/07/1975,Válido,19
19200,164,Suplente,RAYANE DA SILVA RODRIGUES,RAY RODRIGUES,F,09/07/1996,Válido,19
19444,25,Suplente,JOSÉ ANTONIO DE SOUZA PIMENTEL,PEBA LAVA JATO,M,13/09/1968,Válido,19
19111,74,Suplente,KETRY SILVA GUIMARÃES LEITÃO,KEL GUIMARÃES,F,24/10/1977,Válido,19
19666,24,Suplente,CHARLES DOUGLAS DA SILVA,CHARLES DA ZONA NORTE,M,06/05/1984,Válido,19
19321,47,Suplente,VITOR FLORES DA COSTA MENDES,VITOR FLORES,M,18/12/1996,Válido,19
19620,508,Suplente,JOSÉ CARLOS AZEVEDO SANTOS,CARLINHOS DO  SANTOS DUMONT,M,08/08/1956,Válido,19
19789,15,Suplente,ELAINE ALMEIDA DE ALCANTARA,ELAINE DE ALCANTARA,F,31/01/1985,Válido,19
19088,10,Suplente,ELIZABETH CABRAL DE JESUS,BETH SEMPRE AMIGA,F,03/05/1991,Válido,19
19420,100,Suplente,EDER MATOS MARTINS,EDER,M,23/01/1983,Válido,19
19234,333,Suplente,JOÃO SEBASTIÃO DA SILVA,CHINA DA BORRACHARIA,M,24/06/1967,Válido,19
19303,188,Suplente,JORGE LUIZ DE JESUS GOIS,JORGE GOIS,M,23/08/1966,Válido,19
19889,46,Suplente,JANEILMA SANTOS,ADALGIZA A MULHER SEM CORAÇÃO,F,18/04/1986,Válido,19
19117,32,Suplente,SILVANIA MARIA SANTOS OLIVEIRA,NINHAS BAR,F,24/04/1969,Válido,19
19888,69,Suplente,ADILSON MARQUES DOS SANTOS,ADILSON DO BISCOITO,M,30/09/1964,Válido,19
19500,201,Suplente,LENILDO BAYER DA SILVA,LENILDO BAYER,M,28/04/1983,Válido,19
19999,444,Suplente,EVALDO FERNANDES CAMPOS,EVALDO CAMPOS,M,26/04/1941,Válido,19
19700,602,Suplente,AVANIZE MADALENA DOS SANTOS,AVANIZE DE DONA ARLETE,F,31/01/1965,Válido,19
19033,1470,Eleito,JOSÉ CÍCERO DE SOUZA,CÍCERO DO SANTA MARIA,M,25/09/1963,Válido,19
19777,913,Suplente,JOSÉ RICARDO SILVA,RICARDO SILVA DO SANTA MARIA,M,12/04/1978,Válido,19
19099,20,Suplente,THIAGO WILLIAMS DOS SANTOS,THIAGÃO DO POVO,M,29/10/1982,Válido,19
19222,351,Suplente,ADELSON LIMA SANTOS,ADELSON BULDOG,M,05/11/1964,Válido,19
19001,31,Suplente,JULIA BARBOSA VIEIRA SANTOS,JULIA VIEIRA,F,12/04/1978,Válido,19
19150,176,Suplente,VALDIRA SANTOS SOUZA,PROFESSORA VALDIRA,F,27/02/1958,Válido,19
19192,80,Suplente,CHRISTIAN BARRETO SILVA,BONECO DE OLINDA,M,20/07/1973,Válido,19
19333,416,Suplente,ANTONIO DA LUZ CARVALHO,DA LUZ,M,18/07/1976,Válido,19
19000,632,Não eleito,PABLO PRATA GAMA,PABLO DO SANTO ANTÔNIO,M,16/01/1981,Anulado sub judice,19
19120,152,Suplente,JANADSON CORTES REIS,NADINHO,M,10/07/1967,Válido,19
19100,1313,Suplente,JOSÉ ANDRADE JUNIOR,JOSÉ ANDRADE BATATINHA,M,26/03/1967,Válido,19
10789,163,Não eleito,ELAINE CAROLINE GOMES BOMFIM,CAROL BOMFIM,F,29/12/1982,Anulado sub judice,10
10100,655,Suplente,CACIO JEORGE SILVA,CÁCIO JEORGE,M,07/04/1983,Válido,10
10333,202,Suplente,LUIZ AUGUSTO BOMFIM DOS SANTOS,LUIZ BOMFIM TININI,M,13/11/1970,Válido,10
10001,2,Suplente,REBEKA SILVA MAGALHÃES,BEKA SILVA,F,25/01/1996,Válido,10
10900,642,Suplente,ISADORA SUKITA REZENDE SANTOS,ISADORA SUKITA,F,27/01/2000,Válido,10
10222,60,Suplente,CLAUDIO MUNIZ ALVES DOS SANTOS,CLÁUDIO LIGUE AGORA,M,28/03/1975,Válido,10
10456,88,Suplente,GLACILINO GUIMARAES SANTOS,GLACILINO CHAVES,M,02/02/1976,Válido,10
10017,38,Suplente,JEANE BRAGA DE OLIVEIRA MELO,JEANE MELO,F,15/05/1975,Válido,10
10700,156,Suplente,SANDRO SOARES OLIVEIRA,TENENTE SANDRO,M,17/08/1971,Válido,10
10999,140,Suplente,ANA LUZIA DOS SANTOS COSTA,PROFESSORA ANA,F,13/12/1973,Válido,10
10123,3929,Eleito,CARLOS EDUARDO DE ARAUJO LIMA,EDUARDO LIMA,M,11/04/1981,Válido,10
10444,119,Suplente,JOSAFA DE JESUS ESTEVES,JÓSA O COZINHEIRO,M,20/05/1966,Válido,10
10555,75,Suplente,JULIO CESAR DE ARAUJO MENEZES,DOUTOR JULIO CESAR,M,09/04/1969,Válido,10
10180,86,Suplente,LINDINEIDE DE JESUS BEZERRA,SGT. DRª LINDINEIDE BEZERRA,F,06/09/1974,Válido,10
10144,387,Suplente,JONELILDO CORREA DOS SANTOS,PASTOR JONELILDO,M,19/04/1968,Válido,10
10190,766,Suplente,CARLOS AUGUSTO DE LIMA BISPO,CORONEL PR. CARLOS AUGUSTO,M,16/05/1967,Válido,10
10200,319,Suplente,GILZIENE ARAUJO DOS SANTOS,GIL SANTOS,F,17/03/1982,Válido,10
10020,82,Suplente,MARLEIDE SANTOS BARBOSA AZEVEDO,MARLEIDE SANTOS,F,20/08/1976,Válido,10
10000,1551,Suplente,ADRIANO MACHADO BANDEIRA,ADRIANO BANDEIRA,M,20/01/1981,Válido,10
10888,82,Suplente,JOSEVALDO DOS SANTOS,ZEVALDO VENTÃO,M,29/04/1975,Válido,10
10077,1743,Eleito,BYRON VIRGILIO DOS SANTOS SILVA,SGT. BYRON ESTRELAS DO MAR,M,29/06/1978,Válido,10
10600,536,Suplente,ADINELSON BATISTA DA SILVA,NENEM DO CASTELO BRANCO,M,07/04/1967,Válido,10
10355,213,Suplente,WELLINGTON SILVA DOS SANTOS,WELLINGTON SILVA,M,20/12/1953,Válido,10
10038,106,Suplente,AVILETE SILVA CRUZ,PROFESSORA AVILETE,F,24/03/1952,Válido,10
10540,57,Suplente,HELVECIO SANDOVAL DE SIQUEIRA NETO,SANDOVAL NOTICIAS,M,22/11/1970,Válido,10
10007,1664,Suplente,MARCOS JETER JOSEPETTI DE ANDRADE,JETER JOSEPETTI,M,27/08/1986,Válido,10
10330,77,Suplente,ELIAQUIAS ACIOLI DOS SANTOS,ACIOLI DA FARMACIA,M,10/11/1947,Válido,10
10010,255,Suplente,WANIA WALENSKA DE SANTANA MACEDO AGUIAR,WANIA MACEDO,F,13/04/1969,Válido,10
10300,113,Suplente,MÔNICA MARIA LIBERATO,PROFª. MÔNICA LIBERATO,F,12/10/1971,Válido,10
10400,58,Suplente,HILDEBRANDO DOS SANTOS,HILDEBRANDO SANTOS,M,25/02/1989,Válido,10
10192,127,Suplente,CARLOS ROBERTO LEAL DE MENEZES,GALEGO DA BURRA,M,05/01/1972,Válido,10
10193,165,Suplente,FABIO FERNANDES SANTOS,MAJOR FABIO FERNANDES,M,21/01/1972,Válido,10
10111,124,Suplente,EDSON DOS SANTOS,EDSON DO RAIO X,M,13/03/1978,Válido,10
10500,175,Suplente,JOSE NETO DOS SANTOS,ZE NETO DO LAMARÃO,M,21/04/1960,Válido,10
10777,871,Suplente,ANTONIO CLAUDIO FERREIRA,PASTOR CLAUDIO FERREIRA ,M,31/12/1974,Válido,10
18900,1396,Suplente,GLICIA KELLINE SANTOS ANDRADE,GLICIA KELLINE,F,05/07/1988,Válido,18
18666,86,Suplente,RIVANDO DE GOIS RIBEIRO,RIVANDO GOIS,M,08/11/1966,Válido,18
18192,41,Suplente,MARILENE DA RESSURREIÇÃO DA SILVA,MARILENE,F,07/08/1969,Válido,18
18188,282,Suplente,JULIANA SOUSA SANTOS,JULIANA COBRADORA,F,27/09/1978,Válido,18
18321,158,Suplente,JOSE ERNANI MOURA SOUZA,DR. ERNANI MOURA,M,09/09/1982,Válido,18
18181,378,Suplente,EDILSON SANTOS RIBEIRO,EDILSON RIBEIRO,M,28/09/1968,Válido,18
18222,51,Suplente,MARIO NUNES DE SOUZA,MARIO LAMARÃO,M,14/07/1975,Válido,18
18999,1500,Suplente,ANDRE LUIS MOURA SOTERO,ANDRÉ SOTERO,M,22/05/1965,Válido,18
18612,18,Suplente,ANA LUCIA DA SILVA SANTOS,LUCIA SILVA,F,15/07/1972,Válido,18
18007,20,Suplente,EDMILSON DO NASCIMENTO CONCEIÇÃO,ED CABEÇA,M,27/12/1980,Válido,18
18456,277,Suplente,RITA DE CASSIA SANTOS,RITA DA SAÚDE,F,19/10/1974,Válido,18
18100,287,Suplente,JOÃO GABRIEL SANTOS DE LIMA,JOÃO BONINA,M,04/12/1991,Válido,18
18001,99,Suplente,ROBSON PASSOS SANTOS JUNIOR,ROBSON PASSOS,M,17/10/1993,Válido,18
18111,244,Suplente,ANTONIO CARLOS SANTOS MELO,"TONY MELLO ""PANCADÃO""",M,05/05/1985,Válido,18
18540,177,Suplente,WERDEN TAVARES PINHEIRO,WERDEN,M,24/05/1981,Válido,18
18555,15,Suplente,SARINE MILIANY ALMEIDA SANTOS PITA,SARINE MILIANY,F,18/04/1990,Válido,18
18234,114,Suplente,JOÃO BATISTA VIANA SANTOS,BATISTA VIANA,M,09/06/1970,Válido,18
18888,324,Suplente,EDUARDO DOS SANTOS SILVA,EDUARDO SILVA,M,27/11/1976,Válido,18
18123,1768,Suplente,MÁRIO MATEUS MARTINS,MÁRIO MATEUS,M,21/03/1985,Válido,18
18333,447,Suplente,CARLOS ANTONIO DE MAGALHÃES,MAGAL DA PASTORAL,M,28/06/1953,Válido,18
18018,13,Suplente,DEBORAH MARIA MELO MACEDO,DEBORAH MELO,F,16/11/1999,Válido,18
18000,2585,Eleito,RICARDO VASCONCELOS SILVA,RICARDO VASCONCELOS,M,06/12/1984,Válido,18
18300,124,Suplente,ROBSON FIRMINO OLIVEIRA,ROBSON OLIVEIRA,M,30/11/1972,Válido,18
18777,124,Suplente,LUELI GUEDES MARQUES CAPISTRANO,LUELI GUEDES,F,29/09/1954,Válido,18
51123,100,Suplente,SILVIA HELENA DE SANTANA CARVALHO,SILVIA BEAUTY,F,01/10/1958,Válido,51
51136,28,Suplente,NEWTON MARCOS DOS SANTOS,NILTON DOADOR TUDO PELO SOCIAL,M,11/05/1966,Válido,51
51030,791,Suplente,MELLISSA ROLLEMBERG CAMBOIM,PROFESSORA MELISSA DO PONTO,F,27/01/1973,Válido,51
51238,236,Suplente,JOSE ORLANDO MORAIS,TAIOBA,M,04/04/1967,Válido,51
51100,285,Suplente,ERONEIDE SOUZA DE BRITO CARDOSO,ERONEIDE BRITTO,F,22/07/1970,Válido,51
51111,420,Suplente,HUGO ESOJ DOS SANTOS,HUGO UBER,M,10/12/1987,Válido,51
51700,17,Suplente,MARIA EMILIA DE MELO BOTO,EMILIA BOTO,F,16/04/1964,Válido,51
51777,634,Suplente,WALDIR PEREIRA VIANNA JUNIOR,WALDIR VIANNA,M,19/07/1975,Válido,51
51993,132,Suplente,CLAUDIO DA MOTA SANTOS,CLAUDIO DEDÉ,M,28/11/1985,Válido,51
51222,75,Suplente,GUSTAVO RAFAEL ANFRISIO CARNEIRO DE ALBUQUERQUE,GUSTAVO ALBUQUERQUE,M,05/04/1979,Válido,51
51345,166,Suplente,EDVALDO SANTANA,EDVALDO DA COROA DO MEIO,M,30/07/1965,Válido,51
51888,227,Suplente,FREDER DOS SANTOS SANTANA,FRED MASSA,M,26/04/1974,Válido,51
51000,605,Suplente,BRENDA RIDAMAR SANTOS GONÇALVES,BRENDA GONÇALVES,F,10/09/1978,Válido,51
51224,90,Suplente,AGNALDO DANTAS SANTOS FILHO,SGT AGNALDO DO STA  MARIA,M,09/06/1966,Válido,51
51555,5025,Eleito,EMÍLIA CORRÊA SANTOS,DRA EMÍLIA CORRÊA,F,28/07/1962,Válido,51
51220,238,Suplente,MARCOS VINICIUS SOARES LIMA,VINI GUERREIRO,M,23/06/1991,Válido,51
51333,37,Suplente,SILAS DOS SANTOS,SILAS BONEZINHO,M,18/05/1988,Válido,51
51444,97,Suplente,MARIA AUXILIADORA DE SANTANA,DORA SANTANA,F,29/08/1963,Válido,51
51551,485,Suplente,JOSINEY SOUZA COSTA,NEY SÓ ALEGRIA,M,09/10/1977,Válido,51
51234,488,Suplente,IVAN LIMA TAVARES,IVAN TAVARES,M,23/03/1964,Válido,51
51500,10,Suplente,CATHARINA MIRANDA SANTOS GOMES,CATHARINA MIRANDA,F,23/01/1980,Válido,51
