numero,votos_nominais,situacao,nome,nome_urna,sexo,data_nasc,destino_voto,numero_partido
11311,220,Não eleito,BRÍGIDA MARIA SALVI,PROFESSORA BRÍGIDA,F,03/11/1961,Válido,11
11121,162,Não eleito,MARIA HELENA MACHADO,PROFESSORA MARIA HELENA,F,21/09/1952,Válido,11
11333,841,Não eleito,LUIS PAULO SILVEIRA,PAULINHO SILVEIRA,M,02/12/1991,Válido,11
11444,121,Não eleito,MILTON LUIZ SANDER,ALEMÃO MILTON SANDER,M,28/08/1976,Válido,11
11888,609,Não eleito,VICTOR HILBERT AMIN,VICTOR AMIN,M,15/11/1988,Válido,11
11011,323,Não eleito,KARINE FRONER PAWLUSYK,KARINE FRONER,F,13/09/1976,Válido,11
11555,180,Não eleito,PEDRO DE ANDRADE GARCIA NETO,PEDRÃO GARCIA,M,09/02/1960,Válido,11
11200,164,Não eleito,LUIZ CESAR DA SILVA,CESINHA DA TV,M,26/06/1953,Válido,11
11100,323,Não eleito,MANOEL JOÃO BIOLCHI TEIXEIRA,MANOEL TEIXEIRA,M,09/10/1996,Válido,11
11123,1166,Não eleito,RAFAEL FILOMENO DAUX,RAFAEL DAUX,M,03/11/1990,Válido,11
11211,116,Não eleito,RICARDO COSTA,CADO - CARA DE BOLO,M,30/04/1974,Válido,11
11000,389,Não eleito,CLAUDIO LUIZ SEBBEN,CLAUDIO SEBBEN,M,03/12/1954,Anulado sub judice,11
11033,56,Não eleito,VALDELENO PLÁCIDO CORREIA,LENO - VALDELENO,M,25/10/1971,Válido,11
11112,22,Não eleito,CAETANO NOPES HOMRICH,CAETANO NOPES HONRICH,M,15/08/1990,Válido,11
11222,131,Não eleito,MARCOS DA COSTA FERNANDES,MARCOS KIDO,M,29/07/1975,Válido,11
11511,147,Não eleito,FERNANDA NEDEFF CAPORAL,FERNANDA CAPORAL,F,14/12/1979,Válido,11
11133,451,Não eleito,DALTON JOSÉ DOS SANTOS,DALTON SANTOS,M,06/08/1963,Válido,11
11777,223,Não eleito,SIMONE CRISTINA ANDRADE,SIMONE ANDRADE,F,20/06/1972,Válido,11
11611,104,Não eleito,ZANY ESTAEL LEITE,ZANY LEITE,M,20/09/1951,Válido,11
21033,69,Não eleito,MESSIAS SILVA MANARIM,MESSIAS,M,09/01/1987,Válido,21
21000,102,Não eleito,FILIPE BEZERRA DOS SANTOS,FILIPE BEZERRA,M,13/04/1993,Válido,21
21021,79,Não eleito,CAROLINE BELLAGUARDA DE AZEVEDO,CAROL BELLAGUARDA,F,01/06/1985,Válido,21
65650,792,Não eleito,MARIA DE FÁTIMA GOULART CAPELA,FAFÁ CAPELA,F,11/02/1992,Válido,65
65651,6,Não eleito,HENRIQUE TEIXEIRA RAMOS,HENRIQUE RAMOS,M,19/05/1965,Válido,65
65222,37,Não eleito,SÉRGIO JOSÉ GRANDO JUNIOR,SÉRGIO GRANDO JR,M,03/02/1982,Válido,65
65082,28,Não eleito,VANESSA PINHEIRO ESCARRONE,VANESSA PINHEIRO ESCARRONE,F,23/12/1979,Válido,65
65859,23,Não eleito,MARIA HELENA MARQUES RODRIGUES,MARIA HELENA,F,29/08/1959,Válido,65
65369,136,Não eleito,VALDINEI MARQUES,NEICICLAGEM,M,16/10/1978,Válido,65
65777,344,Não eleito,LEONARDO FABIO CONTIN DA COSTA,LEONARDO CONTIN DA COSTA,M,07/01/1986,Válido,65
65051,16,Não eleito,LUÍS MÁRIO FERNANDES GONÇALVES,LUÍS MÁRIO PELÉ,M,31/07/1959,Válido,65
65160,23,Não eleito,JOSÉ OLIVEIRA DE SANTANA,BAIANO DA GELADA,M,10/07/1960,Válido,65
65200,31,Não eleito,LUIZ GONZAGA VIEIRA,GONZAGA,M,08/10/1956,Válido,65
65809,68,Não eleito,MARINEY DA SILVA MATOS,MARY MATOS,F,23/02/1968,Válido,65
65555,32,Não eleito,KARLA PATRICIA MENDES,KARLA PATRICIA,F,06/09/1975,Válido,65
65278,70,Não eleito,KAIONARA APARECIDA DOS SANTOS,KAIONARA DOS SANTOS,F,03/11/1976,Válido,65
65656,18,Não eleito,ANGELO ALTAIR RODRIGUES DA SILVA,ANGELO ALTAIR,M,02/10/1972,Válido,65
65059,91,Não eleito,VALFRIDA DE OLIVEIRA,VALFRIDA DE OLIVEIRA,F,02/09/1961,Válido,65
65050,97,Não eleito,SINIVALDO SCHAFER,PROFESSOR SINIVALDO,M,21/06/1970,Válido,65
65134,12,Não eleito,JOÃO ADALBERTO MELGAREJO BENITES,JOÃO ADALBERTO,M,04/09/1967,Válido,65
65377,28,Não eleito,CHARLENE D'AQUINO DA SILVA DOS SANTOS,CHARLENE D AQUINO,F,21/08/1981,Válido,65
65100,17,Não eleito,WERNER RODRIGUES FRANCO,WERNER FRANCO,M,04/08/1982,Válido,65
65412,40,Não eleito,ADRIANO NUNES,ADRIANO NUNES,M,24/01/1974,Válido,65
65567,34,Não eleito,NUBIA MARINA ARAUJO DE SOUSA VIEIRA,MARINA MORENA,F,28/02/1974,Válido,65
65500,232,Não eleito,LEONARDO LACERDA DA SILVA,LEONARDO LACERDA,M,21/12/1982,Válido,65
65065,377,Não eleito,JANAINA CONCEIÇÃO DEITOS,JANAINA DEITOS,F,14/11/1974,Válido,65
65077,149,Não eleito,STELLA DAVI,STELLA DAVI,F,31/03/1973,Válido,65
65333,397,Não eleito,ANDRE LUIS ANDRADE JUSTINO,DR ANDREZINHO,M,16/04/1976,Válido,65
65111,63,Não eleito,HELIO DO NACIMENTO DUARTE,HELIO NASCIMENTO,M,20/11/1966,Válido,65
65123,631,Não eleito,LUCAS DOS SANTOS FERREIRA,PROFESSOR LUCAS,M,23/06/1988,Válido,65
65000,238,Não eleito,MARIANA FRANCO FUCKNER,MARIANA FRANCO,F,21/12/1986,Válido,65
12024,84,Não eleito,MARCIANO DIOGO DOS SANTOS FILHO,MARCIANO,M,11/12/1989,Válido,12
12000,54,Não eleito,ANDRÉ LUIZ SIQUEIRA,ANDRÉ SIQUEIRA,M,19/07/1983,Válido,12
12012,33,Não eleito,SÉRGIO CARDOSO FERREIRA DE ALMEIDA,SÉRGIO CARDOSO,M,08/05/1960,Válido,12
12712,331,Não eleito,JARBAS MURILO ROGELIN,MURILO DA TODOS POR FLORIPA,M,06/08/1985,Válido,12
12088,470,Não eleito,ROSA ELISA VILLANUEVA VILLANUEVA,ROSA PROTETORA,F,07/07/1961,Válido,12
12555,96,Não eleito,MARIO DZOBANSKI,ALEMÃO DA ESTOFARIA,M,23/05/1974,Válido,12
12108,566,Não eleito,LUÍSA BRESOLIN DE OLIVEIRA,LUÍSA BRESOLIN,F,05/09/1987,Válido,12
12193,169,Não eleito,ROBSON LUIZ SILVEIRA,BOMBEIRO SILVERINHA,M,18/01/1973,Válido,12
12789,301,Não eleito,JANETE TEIXEIRA,JANETE TEIXEIRA,F,24/11/1962,Válido,12
12420,148,Não eleito,MARCOS VINÍCIUS SODRÉ E SILVA SILVESTRE,MARCOS SODRÉ,M,04/08/1981,Válido,12
12345,320,Não eleito,RODRIGO CARDOSO TRAMONTE,RODRIGO TRAMONTE,M,05/10/1980,Válido,12
12699,19,Não eleito,JORDANA VANESSA SAGE,JORDANA VANESSA SAGE,F,08/01/1989,Válido,12
12222,321,Não eleito,WILMIS GERMER ROLIM DE MOURA,SENSEI WILMIS MOSO,M,13/11/1979,Válido,12
12666,1866,Não eleito,VANDERLEI FARIAS,VANDERLEI LELA,M,02/06/1978,Válido,12
12020,220,Não eleito,JOEL BRIGIDO DA COSTA JÚNIOR,JOEL COSTA JR,M,20/03/1979,Válido,12
12842,84,Não eleito,ELIANE DE ARAÚJO SILVA,YALORIXÁ ELIANE ARAUJO,F,16/07/1969,Válido,12
13880,17,Suplente,CLÁUDIO MÁRCIO ARAÚJO DA GAMA,CLÁUDIO MÁRCIO,M,19/08/1971,Válido,13
13113,17,Suplente,CLEIDE APARECIDA DE OLIVEIRA DIAS,CLEIDE DIAS,F,04/04/1965,Válido,13
13131,937,Suplente,LUCIANA DE FREITAS SILVEIRA,LU FREITAS,F,13/12/1974,Válido,13
13258,582,Suplente,DAVID SELHORST DA SILVA,COLETIVO VÁRIAS VOZES,M,04/03/1999,Válido,13
13626,5,Suplente,NIVALDO LEAL,NIVALDO LEAL,M,29/09/1966,Válido,13
13013,1033,Suplente,ELENIRA OLIVEIRA VILELA,ELENIRA,F,06/01/1976,Válido,13
13513,140,Suplente,ZORAIA VARGAS GUIMARÃES,ZORAIA VARGAS,F,23/06/1970,Válido,13
13130,183,Suplente,GILBERTO LOPES DA SILVA,BETINHO,M,31/01/1968,Válido,13
13222,35,Suplente,LEDUIR PRESTES PADILHA,LEDUIR PADILHA (DOLE),M,26/07/1964,Válido,13
13111,763,Suplente,ELISA JORGE DA SILVA,ELISA JORGE,F,30/07/1960,Válido,13
13333,474,Suplente,MARGARETE SANDRINI,MARGARETE SANDRINI,F,07/10/1950,Válido,13
13044,2094,Eleito,CARLA SIMARA LUCIANA DA SILVA SALASARIO AYRES,CARLA AYRES,F,15/03/1988,Válido,13
13613,111,Suplente,SEBASTIÃO DOMINGOS RIBEIRO DA SILVA,TIÃOZINHO CANTOR DO POVO,M,06/12/1964,Válido,13
13313,75,Suplente,ALEXANDRE BONIFÁCIO GONÇALVES,ALEXANDRE BONIFÁCIO,M,28/08/1975,Válido,13
13300,483,Suplente,GILBERTO DEL POZZO,GILBERTO DEL' POZZO,M,18/07/1973,Válido,13
13456,175,Suplente,CIRENE APARECIDA CÂNDIDO,CIRENE CÂNDIDO,F,11/06/1970,Válido,13
13377,15,Suplente,EVERTON FONSECA RODRIGUES,EVERTON FONSECA,M,29/03/1995,Válido,13
13000,1913,Suplente,JOANA CÉLIA DOS PASSOS,COLETIVO MULHERES PELAEDUCAÇÃO,F,24/11/1963,Válido,13
13123,1341,Suplente,CARLOS EDUARDO DE SOUZA,CADU,M,03/02/1979,Válido,13
13579,38,Suplente,WOLNEY ADILSON DA ROCHA CHUCRE,WOLNEY CHUCRE,M,11/04/1964,Válido,13
13192,1341,Suplente,RICARDO BARATIERI,BARATIERI COLETIVO SAÚDE,M,24/01/1952,Válido,13
13412,21,Suplente,RODOLFO ANTÔNIO SILVA,RODOLFO SILVA,M,02/05/1960,Válido,13
13033,22,Suplente,LUÍZA BITTENCOURT,LUÍZA BITTENCOURT,F,14/09/1974,Válido,13
45420,169,Suplente,HENRIQUE DUARTE SILVA,HENRIQUE TOLÓ,M,06/10/1983,Válido,45
45122,1629,Suplente,EDSON LEMOS,EDINHO LEMOS,M,05/04/1964,Válido,45
45055,1768,Suplente,JEFERSON RICHTER BACKER,JEFERSON BACKER,M,14/05/1981,Válido,45
45369,341,Suplente,VILMO HERCILIO LAURINDO,VILMINHO,M,31/01/1965,Válido,45
45591,7,Suplente,PAULA DUTRA DA SILVA,PAULA DUTRA,F,14/03/1997,Válido,45
45123,3477,Eleito,EDMILSON CARLOS PEREIRA JUNIOR,ED PEREIRA,M,07/02/1984,Válido,45
45699,519,Suplente,LUCIANO CARMO PEREIRA,LUCIANO PEREIRA  DUBINHO,M,13/05/1975,Válido,45
45045,473,Suplente,LUIZ DANIEL BENTO,DANIEL DEDEU,M,12/05/1979,Válido,45
45612,1423,Suplente,LUCIANO FORMIGHIERI,LUCIANO FORMIGHIERI,M,30/06/1972,Válido,45
45124,81,Suplente,JULIANA MAYKOT TESTA,JULIANA MAYKOT TESTA,F,12/04/1984,Válido,45
45510,58,Suplente,JOSINO DAMACENO DOS SANTOS,JOSINO APICULTOR,M,10/04/1955,Válido,45
45788,60,Suplente,MARISTELA DE FIGUEREDO,MARISTELA FIGUEREDO,F,26/03/1961,Válido,45
45001,109,Suplente,JORGE HENRIQUE DE FARIA,CHALEIRA,M,23/07/1960,Válido,45
45011,188,Suplente,MARIA DAS NEVES LINHARES PRUJANSKY,PROFESSORA NEVES,F,02/07/1961,Válido,45
45100,53,Suplente,IGOR BANDEIRA DE MATOS,IGOR MATOS,M,17/02/1982,Válido,45
45234,36,Suplente,LEONARDO DA SILVA,LÉO BASS,M,15/10/1979,Válido,45
45145,103,Suplente,CLAUDINEY DE PAULO IRMÃO,CLAUDINEY IRMÃO,M,12/02/1969,Válido,45
45450,101,Suplente,FABIANO RODRIGUES,FABIANO,M,07/04/1977,Válido,45
45115,127,Suplente,MARIA LUCIA DAL SANTO,MARIA LUCIA,F,15/05/1972,Válido,45
45054,13,Suplente,ANDRESSA TAIS DA SILVA,ANDRESSA DA SILVA,F,01/04/1994,Válido,45
45051,2132,Eleito,RENATO GESKE,RENATO DA FARMÁCIA,M,18/06/1954,Válido,45
45244,39,Suplente,SILVANE DALPIAZ DO CARMO,SILVANE DALPIAZ,F,24/06/1973,Válido,45
45020,205,Suplente,ANTONIO BRUNHERA,TONHÃO,M,18/03/1964,Válido,45
45000,335,Suplente,JOÃO ADERSON FLORES,PROFESSOR ADERSON FLORES,M,27/03/1943,Válido,45
45321,281,Suplente,JANAY CRISTINA ANTUNES,JANAY,F,17/10/1977,Válido,45
45212,160,Suplente,SONIA REGINA LAMEGO LINO,PROFESSORA SONIA LAMEGO,F,14/11/1965,Válido,45
45555,159,Suplente,MARA REGINA DOS SANTOS,MARA FERVE,F,09/09/1974,Válido,45
45010,309,Suplente,SANDRO VENTURA,SANDRO VENTURA,M,10/12/1971,Válido,45
45222,1001,Suplente,AUGUSTO LUIZ FERNANDES JUNIOR,JUNINHO MAMÃO,M,02/02/1966,Válido,45
51007,99,Não eleito,JAIR RODRIGUES MARTINS,JAIR DO TURISMO,M,09/03/1972,Válido,51
51003,78,Não eleito,SERGIO LUIZ ASTOLF E SILVA,SERGIO ASTOLF,M,05/10/1963,Válido,51
51161,196,Não eleito,DEIVID SOARES DOS SANTOS,DEIVID SOARES,M,05/11/1994,Válido,51
51555,51,Não eleito,MARCIO GALEAZZI,MÁRCIO GALEAZZI,M,05/11/1973,Válido,51
51001,102,Não eleito,HEVERTON POTIGUAR ROCHA ALBA,HEVERTON ALBA,M,26/09/1972,Válido,51
51234,360,Não eleito,JADER LISBOA,JADER LISBOA,M,23/11/1968,Válido,51
51123,36,Não eleito,PRUDENCIO PINHEIRO,ASSIS DO UBER,M,23/11/1973,Válido,51
51456,36,Não eleito,LIVIA GNOATTO SILVESTRE,PROF LIVIA,F,04/01/1982,Válido,51
51048,19,Não eleito,GILBERTO ALVES JUNIOR,GILBERTO JUNIOR VIDEO NO AVIÃO,M,08/07/1979,Válido,51
51011,37,Não eleito,MARIA LUIZA JUNCKES CHEDE,IZA JUNCKES,F,11/02/1961,Válido,51
51215,261,Não eleito,MAURÍCIO LEAL JÚNIOR,MAURÍCIO LEAL,M,01/07/1980,Válido,51
51777,1299,Não eleito,PEDRO NEVES BUENO CORDOBA,PEDRO NEVES,M,05/04/1992,Válido,51
51691,16,Não eleito,MARIA DE FÁTIMA DA SILVA,DODO VIGILANTE,F,12/11/1982,Válido,51
51002,73,Não eleito,ANA MARIA BLEICHVEL COSTA,ANA BLEICHVEL CONSERVADORA,F,14/06/1977,Válido,51
51038,131,Não eleito,CYNTIA ARAUJO BATISTA,CYNTIA BATISTA,F,01/11/1978,Válido,51
51333,219,Não eleito,RICARDO LAURINDO DE ABREU,RICARDO ABREU,M,19/05/1979,Válido,51
51101,157,Não eleito,ADRIANO OLIVEIRA SOARES,ADRIANO SOARES DO RIOZINHO,M,09/05/1973,Válido,51
51999,117,Não eleito,BIANCA LUZIA SCHONOSKI,BIANCA,F,09/11/1976,Válido,51
51666,85,Não eleito,GUSTAVO LUIZ MORAES,NEGÃO GUSTAVO,M,18/06/1987,Válido,51
51026,271,Não eleito,CARLOS ALBERTO LIMA,CAPITÃO LIMA,M,05/01/1955,Válido,51
51000,1103,Não eleito,JOÃO RICARDO PADILHA SANTOS,JOÃO PADILHA ADVOGADO,M,15/09/1975,Válido,51
51654,4,Não eleito,PEDRO HENRIQUE TEIXEIRA,PEDRO PROTETOR,M,15/09/1985,Válido,51
51383,236,Não eleito,RAFAEL ELIZEU BELTRÃO DE AZEVEDO,RAFAEL BELTRÃO,M,10/01/1984,Válido,51
51677,16,Não eleito,VANDERLEI JOSE SOARES,VANDERLEI,M,16/12/1973,Válido,51
51058,206,Não eleito,MARIA JOSE BERNARDES,ZEZÉ DENTISTA,F,28/03/1958,Válido,51
43123,56,Não eleito,CLAUDIA PATRICIA DA COSTA,CLAUDIA COSTA,F,03/08/1972,Válido,43
43100,44,Não eleito,FABIO ARISTIDES LIMA DOS PASSOS,FABINHO,M,30/06/1993,Válido,43
43111,16,Não eleito,LUCIANE MENDES,LU DO PV,F,09/06/1970,Válido,43
43999,30,Não eleito,MARCIA APARECIDA DE JESUS,MARCIA DE IANSÃ,F,29/05/1956,Válido,43
43777,43,Não eleito,GETULIO DOS SANTOS SOARES,GETULIO SOARES,M,06/03/1969,Válido,43
43333,105,Não eleito,FREDERICO TREVISAN SANTOS,FRED,M,31/07/1982,Válido,43
43888,45,Não eleito,LEANDRO MENESES DE OLIVEIRA,LEANDRO L 8,M,19/12/1990,Válido,43
43023,118,Não eleito,CARLOS MARCELO MARCILIO,CARLOS,M,26/01/1975,Válido,43
50300,237,Suplente,NATÁLIA SIQUEIRA BITTENCOURT,NATI BITTENCOURT,F,03/03/1991,Válido,50
50048,1660,Eleito,CINTIA MOURA MENDONÇA,CÍNTIA COLETIVA BEM VIVER,F,06/10/1979,Válido,50
50100,2961,Eleito,AFRÂNIO TADEU BOPPRÉ,AFRÂNIO BOPPRÉ,M,30/10/1960,Válido,50
50777,1581,Suplente,TÂNIA MARIA RAMOS,TÂNIA RAMOS,F,21/08/1964,Válido,50
50190,74,Suplente,ARNALDO CÉSAR NAPOLI,NAPOLI,M,06/12/1964,Válido,50
50500,1476,Suplente,LEONEL DAVID JESUS CAMASÃO,CAMASÃO,M,02/08/1986,Válido,50
50250,61,Suplente,JANICE LUCIA DUARTE FERREIRA,JANICE,F,08/09/1969,Válido,50
50042,29,Suplente,WLADIMIR BERCHON CRIPPA,WLADIMIR CRIPPA,M,26/10/1970,Válido,50
50255,62,Suplente,MAYKON JONATHA VIEIRA,MAYKON,M,17/02/1983,Válido,50
50999,507,Suplente,VALTER COSTA FILHO,VALTER COSTA,M,02/08/1978,Válido,50
50420,74,Suplente,VINICIUS RAMOS LANÇAS,VINI LANÇAS,M,26/03/1988,Válido,50
50000,259,Suplente,VICTOR DELLA GIUSTINA GASPODINI,VICTOR GASPODINI,M,12/05/1998,Válido,50
50123,1498,Suplente,PEDRO CABRAL FILHO,PROFESSOR PEDRO CABRAL,M,03/07/1960,Válido,50
50150,5858,Eleito,MARCOS JOSÉ DE ABREU,MARQUITO,M,06/12/1979,Válido,50
50005,741,Suplente,JOSEMIR CUNHA,PROFESSOR JOSEMIR,M,26/06/1969,Válido,50
50333,1061,Suplente,ELAINE CRISTINA DA SILVA,ELAINE SALLAS,F,26/10/1983,Válido,50
50180,750,Suplente,RÚBIA GRAZIELA DE SOUZA SAGAZ,RÚBIA SAGAZ,F,09/09/1984,Válido,50
50017,94,Suplente,CLAUDIA CRISTINA FRANCISCO,CLAUDINHA,F,17/07/1972,Válido,50
50007,175,Suplente,PATRÍCIO DA CRUZ,PATRÍCK CRUZ,M,17/05/1980,Válido,50
50505,167,Suplente,DAGOBERTO RITA,DAGO RITA,M,13/04/1978,Válido,50
50555,177,Suplente,RAPHAEL MEIRA KNABBEN,RAPHAEL KNABBEN,M,21/06/1991,Válido,50
50117,152,Suplente,ANDERSON ADERBAL DA ROSA,ANDERSON,M,10/08/1973,Válido,50
50750,917,Suplente,MAURÍCIO MULINARI,MAURÍCIO MULINARI,M,17/07/1988,Válido,50
40123,1070,Não eleito,MAKCIEL ANDRÉ PEZENATTO,MAK PEZENATTO,M,02/01/1990,Válido,40
40000,48,Não eleito,ALBERTINA ROSSO,ALBERTINA,F,22/06/1958,Válido,40
40444,1003,Não eleito,ISRAEL ROCHA BORBA,ISRAEL ROCHA,M,14/01/1996,Válido,40
40400,562,Não eleito,MARGARETH DA SILVA HERNANDES,MARGARETH HERNANDES,F,16/04/1960,Válido,40
40777,235,Não eleito,MARCELLO RICARDO PAES SANTOS,MARCELINHO,M,05/07/1973,Válido,40
40100,8,Não eleito,CRISTIANO ROBERTO VIEIRA DE FIGUEIREDO,CRISTIANO VIEIRA,M,21/08/1978,Válido,40
40040,90,Não eleito,JÉSSICA LOPES FERREIRA BERTOTTI,JÉSSICA BERTOTTI,F,20/05/1994,Válido,40
16160,138,Não eleito,MARIAH MADEIRA DOS REIS,MARIAH MADEIRA ,F,05/03/1995,Válido,16
17177,70,Suplente,JAÇANAM JOSUÉ LOPES,JAÇANAM,M,15/05/1967,Válido,17
17007,94,Suplente,ALISON FIUZA DA SILVA,ALISON FIUZA,M,21/06/1990,Válido,17
17776,66,Suplente,CLÉCIO DAVID MANOEL,CLÉCIO MANOEL,M,12/10/1976,Válido,17
17111,106,Suplente,LEANDRO RODRIGO FARIAS,LEANDRO FARIAS (LEKA),M,24/02/1985,Válido,17
17333,769,Suplente,GILBERTO MONTEIRO,GIL,M,13/10/1972,Válido,17
17010,68,Suplente,LUIS CARLOS TONINI,TONINI,M,14/04/1972,Válido,17
17000,686,Suplente,ACÁCIO GARIBALDI S THIAGO FILHO,ACÁCIO GARIBALDI,M,14/05/1959,Válido,17
17898,9,Suplente,SÔNIA DAS GRAÇAS FARIAS DE MELO,SÔNIA MELO,F,28/03/1969,Válido,17
17282,175,Suplente,WALTER CURCIO FILHO,WALTER FILHO,M,23/05/1954,Válido,17
17999,161,Suplente,DEVAIR ESMERALDINO,DEVAIR ESMERALDINO,M,19/01/1963,Válido,17
17889,35,Suplente,EVERTON PAULO PEDROSO DA SILVA,DR. EVERTON PEDROSO,M,28/08/1989,Válido,17
17017,2172,Eleito,JOÃO PAULO FERREIRA,JOÃO DO BERICÓ,M,31/08/1982,Válido,17
17027,1002,Suplente,ELCIO TOMAZ DA SILVA,ELCINHO DA ROSCA,M,05/02/1971,Válido,17
17011,26,Suplente,LAUDILA SALVADOR,LAUDILA SALVADOR,F,16/02/1953,Válido,17
17888,29,Suplente,HADASSA ALMEIDA FERREIRA,HADASSA FERREIRA,F,27/03/1992,Válido,17
17048,311,Suplente,GUILHERME MOURA CARDOSO,GUI MOURA,M,26/12/1995,Válido,17
17777,2098,Suplente,GABRIEL EUCLIDES LEMOS,GABI,M,12/12/1981,Válido,17
17377,53,Suplente,RAFAEL DE OLIVEIRA RODRIGUES,RAFAEL RODRIGUES,M,27/05/1970,Válido,17
17899,22,Suplente,DÉBORA NASCIMENTO DA CONCEIÇÃO,DÉBORA NASCIMENTO,F,11/06/1999,Válido,17
17456,211,Suplente,BIANCA CRISTINA DE SOUZA DUARTE,BIA DUARTE,F,15/05/1980,Válido,17
17222,801,Suplente,GUILHERME BOTELHO DA SILVEIRA,GUI BOTELHO,M,04/08/1984,Válido,17
17107,133,Suplente,VALDIONEI FAGUNDES,NEY FAGUNDES,M,04/11/1972,Válido,17
17077,91,Suplente,TATIANA DAL FORNO BASTOS TROMPOWSKY,TATI TROMPOWSKI,F,27/05/1975,Válido,17
17890,8,Suplente,MARIA CRISTINA DE OLIVEIRA,CRISTINA,F,14/03/1956,Válido,17
17123,1236,Suplente,LUIZ FERNANDO BEZERRA SALUM,BEZERRA,M,24/03/1978,Válido,17
17038,28,Suplente,ANFRISIO GOMES FERREIRA,SUBOFICIAL ANFRISIO,M,02/05/1970,Válido,17
30003,120,Suplente,PATRÍCIA CARVALHO DE SOUZA ARAÚJO,PATRÍCIA CARVALHO,F,06/11/1975,Válido,30
30222,677,Suplente,RENATO FELIPE MEDEIROS,PROFESSOR RENATO MEDEIROS,M,17/06/1982,Válido,30
30030,1111,Suplente,FELIPE KEIZO GOTO,FELIPE KEIZO,M,12/01/1992,Válido,30
30123,143,Suplente,KATARINA FREIRE DE PAULA,KAKÁ DE PAULA,F,30/08/1974,Válido,30
30048,3522,Eleito,MANOELLA VIEIRA DA SILVA,MANU VIEIRA,F,18/07/1982,Válido,30
30230,352,Suplente,KARINA MELO VIEIRA,KARINA MELO VIEIRA,F,28/06/1983,Válido,30
30001,82,Suplente,WASHINGTON LUIZ DE LIRA,LIRA,M,29/09/1964,Válido,30
30100,1987,Suplente,BRUNO NEGRI,BRUNO NEGRI,M,11/07/1989,Válido,30
30333,114,Suplente,LEONARDO DE BORTOLI,LEONARDO BORTOLI,M,06/04/1991,Válido,30
30000,722,Suplente,RODRIGO CANTÚ,CANTÚ,M,28/03/1975,Válido,30
30500,2018,Suplente,GABRIEL CESAR DE ANDRADE,GABRIEL CESAR,M,22/09/1996,Válido,30
30300,171,Suplente,GUSTAVO SOBROSA DE ARAÚJO,GUSTAVO SOBROSA,M,06/11/2000,Válido,30
28282,19,Não eleito,RUTH FRANCINA DE SOUZA,RUTH FRANCINA DE SOUZA,F,18/02/1947,Válido,28
28222,111,Não eleito,ISAQUE BEDUSCHI,ISAQUE BEDUSCHI,M,14/09/1967,Válido,28
28000,111,Não eleito,MAYCON MARCELINO DA SILVEIRA,MAYCON SILVEIRA,M,25/02/1993,Válido,28
28007,129,Não eleito,MARCELO VARDANEGA,MARCELO VARDA,M,18/11/1975,Válido,28
28555,50,Não eleito,GABRIEL MEDEIROS BATISTA,GABRIEL MEDEIROS BATISTA,M,07/06/1984,Válido,28
28733,143,Não eleito,ONOFRE PEDRO DA CONCEIÇÃO,SARGENTO ONOFRE DA CACHOEIRA,M,07/09/1964,Válido,28
28288,113,Não eleito,RAQUEL SOUZA SILVA,RAQUEL MÉDICA VETERINÁRIA,F,17/05/1976,Válido,28
28999,132,Não eleito,WAGNER UBIRATAN LANZIERI DE AZEVEDO MAIA,WAGNER AZEVEDO MAIA,M,07/09/1950,Válido,28
28033,11,Não eleito,DANYEL VICTOR MACIEL NUNES,DANYEL VICTOR MACIEL NUNES,M,06/09/1990,Válido,28
28038,70,Não eleito,JOAO ERNESTO KOCH,JK JOÃO ERNESTO KOCH,M,30/07/1964,Válido,28
28777,600,Não eleito,CELSO EDUARDO FLORES LINO,CELSO LINO,M,30/11/1945,Válido,28
28228,167,Não eleito,JAQUELINE ZAMBON DE CARVALHO,JAQUE ZAMBON,F,09/09/1982,Válido,28
28202,20,Não eleito,NOELI BEDUSCHI,NOELI BEDUSCHI,F,23/02/1972,Válido,28
20777,1220,Suplente,RODRIGO CESAR CASSIO,RODRIGO CÁSSIO,M,27/02/1974,Válido,20
20123,828,Suplente,LÍDIO MOISÉS DA CRUZ,DR. LÍDIO CRUZ,M,01/04/1971,Válido,20
20190,493,Suplente,WANDERLEY REDONDO,DELEGADO WANDERLEY REDONDO,M,14/12/1954,Válido,20
20221,210,Suplente,ALUYSIA MARIA SANTOS ABREU NAVARRETE,ALUYSIA NAVARRETE,F,26/05/1954,Válido,20
20500,234,Suplente,BERNARDO CAMPOS MARENGO,BERNARDO MARENGO,M,13/11/1993,Válido,20
20555,56,Suplente,EDINALDO SOARES,PIRATA,M,08/01/1979,Válido,20
20025,1158,Suplente,ROMEU ANSELMO POMPÍLIO,ROMEU POMPÍLIO,M,28/01/1969,Válido,20
20000,1436,Suplente,MARCOS LEANDRO GONÇALVES DA SILVA,MARQUINHOS,M,11/04/1969,Válido,20
20100,2700,Eleito,GUILHERME PEREIRA DE PAULO,GUI PEREIRA,M,19/07/1976,Válido,20
20020,523,Suplente,MARCOS EMIDIO ARAUJO FURTADO,MARCOS KINHO,M,11/09/1987,Válido,20
20321,155,Suplente,SANDRA ALVES DA CRUZ SILVERIO,SANDRA SILVERIO,F,01/04/1981,Válido,20
20666,53,Suplente,CRISTIANE MARIA CORREA DO NASCIMENTO,BIANA,F,29/06/1971,Válido,20
20011,297,Suplente,EDSON OSMAR PIRES,EDSON OSMAR PIRES,M,12/12/1974,Válido,20
20207,552,Suplente,EDSON DE LIMA,EDSON DE LIMA,M,28/01/1972,Válido,20
20690,1889,Eleito,JOÃO LUIZ DA SILVEIRA,JOÃO LUIZ DA BEGA,M,20/07/1967,Válido,20
20300,436,Suplente,JEAN CLAUDIO ALPHONSE,JEAN ALPHONSE,M,01/05/1977,Válido,20
20776,219,Suplente,EDSON VILMAR SGARIA,EDINHO JESUS,M,27/07/1976,Válido,20
20220,85,Suplente,PAULO EDUARDO MOREIRA,PAULO EDUARDO,M,28/12/1976,Válido,20
20222,386,Suplente,ANITO SEBASTIÃO CRISTOVÃO FILHO,ANITO DA ÓTICA,M,14/04/1972,Válido,20
20369,36,Suplente,DANIEL MELIM DE SÁ,ARQUITETO DANIEL MELIM,M,08/02/1991,Válido,20
20048,587,Suplente,ANA CLÁUDIA MARTIN CALDAS,ANA CALDAS,F,12/01/1979,Válido,20
20038,529,Suplente,GILVANILDO FERREIRA DE ARRUDA FILHO,CORONEL ARRUDA,M,22/03/1965,Válido,20
20200,179,Suplente,MARCIA PERONDI,MÁRCIA DA SAÚDE,F,02/09/1983,Válido,20
20015,142,Suplente,ANALTO ROMALINO DA CUNHA,ANALTO ROMALINO DA CUNHA,M,07/12/1960,Válido,20
20040,384,Suplente,SIDNEI TORRES DO AMARANTE,SID,M,21/12/1980,Válido,20
20888,154,Suplente,LOURIVAL LEITE DA SILVA,LOURIVAL SILVA,M,27/11/1958,Válido,20
20215,75,Suplente,TAYANA MAIRA BERNARDES DA COSTA,TAYANA COSTA,F,25/08/1981,Válido,20
20333,233,Suplente,ELTON MARCELINO DE JESUS,ELTON DE JESUS,M,30/06/1975,Válido,20
20202,864,Suplente,SANDRA MARIA RAIMUNDO,SANDRA,F,12/11/1962,Válido,20
20999,275,Suplente,ANA CLAUDIA FRAGA COSTA,ANA CLAUDIA FRAGA,F,01/11/1970,Válido,20
20104,889,Suplente,EVERTON LUIZ DE MATTOS RIBEIRO,EVERTON RIBEIRO,M,04/12/1962,Válido,20
20120,194,Suplente,FILIPE OLIVEIRA LUMERTZ,FILIPE OLIVEIRA,M,29/07/1987,Válido,20
20456,248,Suplente,KELY CRISTINA DE OLIVEIRA FERNANDES,TIA KELY,F,16/06/1973,Válido,20
20045,393,Suplente,MARIA LAUREANO DA SILVA,FATIMA LAUREANO,F,27/02/1959,Válido,20
20444,91,Suplente,NARA ALICE TEIXEIRA,NARA ALICE,F,13/07/1961,Válido,20
22777,1796,Eleito,MAIKON DA COSTA,MAIKON COSTA,M,23/12/1983,Válido,22
22222,1718,Eleito,MARYANNE TEREZINHA MATTOS,MARYANNE MATTOS,F,15/09/1976,Válido,22
22002,302,Suplente,JOÃO ROBERTO SANTOS RODRIGUES,JOÃO ROBERTO,M,25/04/1993,Válido,22
22048,185,Suplente,CAMILA THIESEN CASAGRANDA,CAMILA CASAGRANDA,F,28/12/1983,Válido,22
22444,113,Suplente,FERNANDO JOSÉ MAESTRI FREITAS,FERNANDO MÁGICO,M,27/08/1979,Válido,22
22122,298,Suplente,ELIZABETH LEBARBENCHON MOURA THOMASELLI,BETINHA THOMASELLI,F,21/11/1950,Válido,22
22700,98,Suplente,ALEXANDRE SILVEIRA DE OLIVEIRA,ALEXANDRE DE OLIVEIRA,M,06/04/1974,Válido,22
22022,269,Suplente,KLEBER PEREIRA,KLEBÃO PEPETO,M,19/11/1982,Válido,22
22211,169,Suplente,DEBORAH PINTO DINIZ PEREIRA,DEBORAH DINIZ,F,09/11/1979,Válido,22
22157,279,Suplente,SAMUEL DE QUADROS,SAMUKA,M,01/08/1986,Válido,22
22000,142,Suplente,LIROUS K'YO FONSECA ÁVILA,LIROUS,F,01/11/1982,Válido,22
22888,1017,Suplente,BRUNO BORGES BECKER,BRUNO BECKER,M,19/12/1980,Válido,22
22007,62,Suplente,MARIA EDUARDA E SILVA,EDUARDA SILVA,F,13/03/1991,Válido,22
22678,295,Suplente,RAFAEL SILOCHI,RAFAEL SILOCHI,M,24/12/1985,Válido,22
22012,138,Suplente,MICHEL WANDERERT DA COSTA,MICHEL DO POSTO,M,08/10/1987,Válido,22
22555,688,Suplente,EDERSON EMANOEL DE SOUZA,NENI,M,23/07/1983,Válido,22
22111,564,Suplente,MANUEL CRISTÓVÃO AUGUSTO JUNIOR,MANUEL JUNIOR,M,07/05/1981,Válido,22
22423,204,Suplente,ROBERTA COSTA NUNES,RÔ COSTA,F,16/08/1969,Válido,22
22200,122,Suplente,ANDRÉ SOUZA ALMEIDA,ANDRÉ ALMEIDA,M,14/03/1985,Válido,22
22500,100,Suplente,ELAINE CRISTINA COSTA,ELAINE COSTA,F,08/05/1978,Válido,22
22190,878,Suplente,MARIO COSME MATTOS,SARGENTO MATTOS,M,20/03/1978,Válido,22
22100,730,Suplente,NATHAN DA SILVA CARVALHO,NATHAN CARVALHO,M,15/03/1993,Válido,22
22033,171,Suplente,JULIANO MAURO DA SILVA,JU DO CÓRREGO,M,20/01/1987,Válido,22
22123,316,Suplente,LEONARDO LEDENIR DE OLIVEIRA,LÉO OLIVEIRA,M,28/06/1992,Válido,22
22299,332,Suplente,PATRICIA KALABAIDE,PATRICIA KALABAIDE,F,29/06/1972,Válido,22
22580,535,Suplente,FERNANDO DIVO DA SILVA,FERNANDO DIVO,M,01/05/1977,Válido,22
22321,289,Suplente,RENATO PIRES,RENATO PIO,M,20/04/1969,Válido,22
22001,131,Suplente,KARLOTA SCOTTI DE SOUZA,KARLOTA SCOTTI,F,19/02/1991,Válido,22
22345,715,Suplente,SANDRO MAURICIO SILVEIRA,SANDRO SILVEIRA,M,02/12/1964,Válido,22
22300,196,Suplente,ALEXANDRE GONÇALVES DE PAIVA,ALEXANDRE PAIVA,M,04/02/1976,Válido,22
22666,126,Suplente,CLAUDIA LOPES COSTA,CLAUDIA DA COLONINHA,F,20/01/1965,Válido,22
22999,195,Suplente,CIRO LIMAS,CIRO LIMAS SUB TEN PM,M,09/04/1961,Válido,22
22038,68,Suplente,LUCIANO MEDEIROS DE OLIVEIRA,LUCIANO MEDEIROS,M,14/08/1978,Válido,22
22333,312,Suplente,ALEXANDRE GEBLER,XANDÃO,M,26/11/1973,Válido,22
55141,162,Suplente,MARILÚ LIMA DE OLIVEIRA,MARILÚ,F,27/05/1962,Válido,55
55777,735,Suplente,HAZAEL TÉRCIO DA COSTA BATISTA,HAZAEL BATISTA,M,07/04/1974,Válido,55
55333,1770,Suplente,DOMINGOS SAVIL ZANCANARO,DOMINGOS ZANCANARO,M,05/04/1968,Válido,55
55007,180,Suplente,JOÃO CARLOS DE SOUZA,SOUZA,M,16/02/1960,Válido,55
55055,342,Suplente,SAMUEL VIDAL SOARES,SAMUEL VIDAL,M,21/07/1995,Válido,55
55155,421,Suplente,ROBERTO CARLOS GARCIA,ROBERTO GARCIA,M,05/09/1965,Válido,55
55024,217,Suplente,MARIA EDUARDA VIRTUOSO RABELO,MARIA EDUARDA,F,12/06/1997,Válido,55
55455,51,Suplente,GABRIELA ARAGÃO DA COSTA,GABRIELA,F,24/10/1976,Válido,55
55123,147,Suplente,SIMONE BARBOSA MIGUEL,SIMONE,F,10/10/1975,Válido,55
55666,64,Suplente,SUELI FREITAS RAMOS,SUELI,F,09/12/1983,Válido,55
55190,2089,Eleito,RICARDO JOSÉ DE SOUZA,DIACONO RICARDO,M,05/03/1969,Válido,55
55789,442,Suplente,HUDSON PIRES,PROFESSOR CHIQUINHO,M,02/06/1967,Válido,55
55234,1095,Suplente,DANIEL SCHOROERDER,DANIEL SCHOROERDER,M,20/03/1972,Válido,55
55111,2059,Suplente,FÁBIO GOMES BRAGA,FÁBIO BRAGA,M,06/10/1981,Válido,55
55678,266,Suplente,CLEUSE PEREIRA SOARES,CLEUSE SOARES,F,02/06/1980,Válido,55
55555,3038,Eleito,ROBERTO KATUMI ODA,ROBERTO KATUMI,M,15/06/1969,Válido,55
55222,168,Suplente,LAIONI CAPISTRANO,LAIONE,F,11/03/1966,Válido,55
55100,194,Suplente,ROGÉRIO BRAZ,ROGÉRIO BRAZ,M,06/06/1961,Válido,55
55800,214,Suplente,DEJAIR DE OLIVEIRA JUNIOR,DEJAIR JR,M,01/04/1977,Válido,55
55001,54,Suplente,RENATA VIEIRA,RENATA VIEIRA,F,03/03/1976,Válido,55
23100,188,Não eleito,MARCELO SANTINO MACHADO,MARCELO SANTINO,M,29/09/1974,Válido,23
23186,142,Não eleito,ALEX DOS SANTOS,ALEX SANTOS,M,09/01/1986,Válido,23
23321,26,Não eleito,SABRINA AKI GONCALVES MIYAMOTO,SABRINA MIYAMOTO,F,06/06/1994,Válido,23
23456,97,Não eleito,FERDINANDO GREGORIO QUERINO DA SILVA,FERDINANDO GREGORIO,M,20/04/1981,Válido,23
23000,118,Não eleito,ORLANDO CARLOS DA SILVEIRA MELLO,NECO,M,17/01/1958,Válido (legenda),23
23222,259,Não eleito,GILMAR LUCIANO VIGANIGO,GILMAR VIGANIGO,M,19/07/1972,Válido,23
23231,29,Não eleito,ROMAO OTHONIEL MIRANDA,MIRANDA UHULL,M,23/07/1947,Válido,23
23999,13,Não eleito,DELILE GUERRA DE MACEDO JUNIOR,DELILE GUERRA,M,09/12/1962,Válido,23
23333,67,Não eleito,IRACEMA DOS REIS NEVES,CEMA,F,04/06/1975,Válido,23
23001,139,Não eleito,TELMA DE OLIVEIRA PITTA,TELMA PITTA,F,26/09/1966,Válido,23
23111,23,Não eleito,MARISETE TERESINHA MARTINS PESSOA,MARI MARTINS,F,27/10/1964,Válido,23
23616,158,Não eleito,DANIEL CRISTIANO DOS PASSOS,MC DANI,M,19/11/1985,Válido,23
23123,30,Não eleito,HERMAR CRUZ MOTA,HERMANN MOTTA,M,04/04/1980,Válido,23
23023,243,Não eleito,ALEX DE SOUZA PEREIRA,LEKO PEREIRA,M,10/05/1976,Válido,23
25001,358,Suplente,EDIO FERNANDES,JAJA DO CONTINENTE,M,21/03/1957,Válido,25
25777,171,Suplente,MARGARETE MARIA CREPALDI,MARGARETE,F,02/08/1972,Válido,25
25123,2749,Eleito,EDINON MANOEL DA ROSA,DINHO,M,13/11/1962,Válido,25
25602,336,Suplente,LORENA SOTOPIETRA NOLASCO,LORENA NOLASCO,F,12/12/1965,Válido,25
25888,29,Suplente,FAGNER ROSA APRATTO,ÍNDIO,M,14/09/1983,Válido,25
25625,177,Suplente,MARCELO SILVEIRA DE ESPINDOLA,MARCELO,M,15/09/1980,Válido,25
25077,460,Suplente,JOAO NAZARENO BILCK,JOÃO BILCK,M,31/03/1967,Válido,25
25200,2337,Eleito,JOAO LUIZ AUGUSTO COBALCHINI,JOÃO COBALCHINI,M,06/06/1985,Válido,25
25025,2144,Suplente,MILTON DONIZETE BARCELOS JUNIOR,MILTINHO BARCELOS,M,08/12/1981,Válido,25
25345,35,Suplente,JOSE NELSON PIRIZ QUEVEDO,NELSON QUEVEDO,M,15/04/1960,Válido,25
25800,32,Suplente,ELIANA COMIRAN CAMBOIM,ELIANA PATRIOTA,F,16/02/1970,Válido,25
25500,214,Suplente,MARCELO SOBIERAJSKI DOS SANTOS,MARCELO SOBIERAJSKI,M,15/09/1960,Válido,25
25250,45,Suplente,ROSELY ROSANA FERRARI DALLABONA,ROSANA FERRARI URSA,F,20/09/1973,Válido,25
25425,76,Suplente,LUIZ JOAQUIM ALVES,DR LULA,M,08/11/1948,Válido,25
25333,2107,Suplente,ROSELI MARIA DA SILVA PEREIRA,ROSELI PEREIRA,F,10/09/1963,Válido,25
25199,1661,Suplente,MARCIO LUIZ ALVES,CORONEL MARCIO,M,12/05/1966,Válido,25
25005,1713,Suplente,MARIA DA GRAÇA OLIVEIRA DUTRA,MARIA DA GRAÇA,F,12/07/1949,Válido,25
25555,404,Suplente,SIMONEY DO NASCIMENTO,SIMONEY DO NASCIMENTO,M,12/09/1972,Válido,25
25007,984,Suplente,VINICIUS DE LUCA FILHO,VINI DE LUCA,M,11/03/1977,Válido,25
25650,618,Suplente,MAURICIO VILELA,MAURICIO VILELA,M,22/03/1967,Válido,25
25225,1375,Suplente,ADRIANO ROBERTO WEICKERT,ADRIANO WEICKERT,M,23/01/1973,Válido,25
25369,450,Suplente,RICARDO PINHEIRO DE MOURA,RICARDO SOMAR,M,12/07/1977,Válido,25
25678,269,Suplente,FATIMA HASSAN DAUD HUSSEIN,FATIMA,F,25/06/1975,Válido,25
25484,22,Suplente,ARLENE FERREIRA RAMON,ARLENE RAMON,F,25/11/1973,Válido,25
25000,1301,Suplente,FULVIO SANT'HELENA,BEIBE,M,15/01/1976,Válido,25
25015,95,Suplente,BIANCA TAYRINI DOS SANTOS,BIANCA SANTOS,F,15/11/1992,Válido,25
25222,2102,Suplente,THIAGO JOSE DE CHAVES,THIAGO CHAVES,M,11/07/1985,Válido,25
25100,4015,Eleito,JOSIMAR PEREIRA,JOSIMAR PEREIRA ''MAMA'',M,22/06/1980,Válido,25
25234,2239,Eleito,DALMO DEUSDEDIT MENESES,DALMO,M,19/07/1951,Válido,25
25050,147,Suplente,LISIE DE LUCA MACIEL,LISIE,F,04/04/1984,Válido,25
25144,410,Suplente,SILVANIO GUILHERME DA COSTA,SILVANIO COSTA,M,13/10/1973,Válido,25
25125,1073,Suplente,MARCOS LICHTBLAU,MARCOS,M,01/02/1961,Válido,25
25321,211,Suplente,MARIA FERNANDA SANTIAGO DE ANDRADE LIMA,MARIA FERNANDA SANTIAGO,F,29/06/1983,Válido,25
25999,62,Suplente,ILANA MARTINS VAZ,ILANA MARTINS VAZ,F,01/10/1973,Válido,25
15007,722,Não eleito,CLAUDIO BEDUSCHI ANTONIOLLI,CLAUDIO BEDUSCHI ANTONIOLLI,M,04/01/1969,Válido,15
15969,50,Não eleito,GENTIL JOSE DE SOUZA FILHO,GENTIL SOUZA,M,13/07/1961,Válido,15
15015,414,Não eleito,NIVALDO JOSÉ NICODEMOS NUERNBERG,DR NIVALDO NUERNBERG,M,07/07/1942,Válido,15
15942,34,Não eleito,SERGIO DOUGLAS DE SOUZA SANTOS,SERGINHO SOUZA,M,20/08/1985,Válido,15
15551,238,Não eleito,DEJAIR VICENTE PINTO,CORONEL DEJAIR,M,22/05/1951,Válido,15
15369,856,Não eleito,DEGLABER GOULART,DEGLABER,M,07/08/1963,Válido,15
15000,1972,Não eleito,MARCELINO ALOIR DUTRA,MARCELINO DUTRA,M,26/10/1964,Válido,15
15151,7,Não eleito,WILLIAM NORBERTO COLAÇO,NORBERTO,M,24/12/1986,Válido,15
15123,180,Não eleito,VANESSA VIDAL,VANESSA VIDAL,F,10/07/1981,Válido,15
15133,95,Não eleito,LEANDRO FELIPE DA SILVA,LEANDRO MAGU,M,20/12/1976,Válido,15
15777,260,Não eleito,CELIA INOCENCIA DOS SANTOS,CELIA,F,11/06/1970,Válido,15
15770,170,Não eleito,ROSANGELA APARECIDA ZAVARIZI MEDEIROS,PROF ROSANGELA,F,05/09/1956,Válido,15
15333,58,Não eleito,DILETA PENSIN,DILETA PENSIN,F,13/09/1964,Válido,15
15666,82,Não eleito,CARLOS ALBERTO BERKENBROCK,CARLOS ALBERTO DO PISTA LIMPA,M,31/03/1970,Válido,15
15678,193,Não eleito,GISELLE NASCIMENTO MARQUES,GISELLE MARQUES,F,27/02/1981,Válido,15
15215,33,Não eleito,GUILHERME LUIZ SILVEIRA,GUILHERME LUIZ,M,22/08/1987,Válido,15
70700,38,Não eleito,CAMILA MELO DE ARRUDA,CAMILA MELO,F,06/09/1983,Válido,70
19100,837,Suplente,MARCO AURELIO SACENTI,MARCO SACENTI,M,25/06/1983,Válido,19
19020,464,Suplente,SANDRO AZEVEDO,SANDRO AZEVEDO,M,18/09/1976,Válido,19
19577,133,Suplente,ELISABETE DA SILVA HESPANHOL,BETE ASSISTENTE SOCIAL,F,05/09/1962,Válido,19
19022,1157,Suplente,MONICA DUARTE,MONICA DUARTE,F,22/01/1995,Válido,19
19123,1401,Suplente,NOEMI HILDA DA SILVA LEAL,NOEMI LEAL,F,25/10/1969,Válido,19
19019,443,Suplente,PAULO SÉRGIO CARDOSO DA SILVA,PAULO SERGIO SAÚDE PÚBLICA,M,23/05/1985,Válido,19
19223,583,Suplente,LUIZ GUSTAVO CORREIA,GUTO CORREIA,M,23/03/1983,Válido,19
19007,235,Suplente,FRANCINE CLARICE FRANCISCO,FRAN CLARICE,F,26/10/1992,Válido,19
19789,500,Suplente,LARYSSA CHRISTINE DE SOUZA,LARYSSA SMITH,F,18/09/1988,Válido,19
19010,458,Suplente,NELSON GODOFREDO MORAES NETO,NELSON MORAES,M,06/07/1975,Válido,19
19666,279,Suplente,JORGE JOÃO DE SOUSA,JORGE JOÃO DE SOUSA,M,06/03/1981,Válido,19
19111,826,Suplente,ANDREA ALINE VERGANI,ANDRÉA VERGANI,F,20/06/1985,Válido,19
19159,966,Suplente,ADRIANO SANTOS RODRIGUES,ADRIANO SANTOS RODRIGUES,M,23/02/1981,Válido,19
19191,216,Suplente,ELIANE GOMES MARCEL BUTIN,ELIANE BUTIN,F,30/01/1963,Válido,19
19000,151,Suplente,LUIZ FERNANDO RUFINO,FERNANDO RUFINO,M,29/04/1968,Válido,19
19012,141,Suplente,ANDRE LUIZ DI BERNARDI BRIDA,ANDRÉ BRIDA,M,28/06/1973,Válido,19
19018,163,Suplente,JOSÉ LUIZ SARDÁ,JOSÉ LUIZ SARDÁ,M,25/08/1962,Válido,19
19151,3690,Eleito,GABRIEL MEURER,GABRIELZINHO,M,14/05/1985,Válido,19
19777,865,Suplente,CARLOS ALBERTO DA SILVA,BETO SOCIAL,M,04/10/1970,Válido,19
19500,1839,Eleito,GILBERTO ALCEBIADES PINHEIRO,GEMADA GILBERTO PINHEIRO,M,25/04/1979,Válido,19
19555,147,Suplente,MARCELO SCHUTZ,DESPACHANTE MARCELO SCHUTZ,M,13/04/1972,Válido,19
19001,85,Suplente,MANOELLA GRANDO DA SILVA,MANOELLA GRANDO,F,16/02/1986,Válido,19
19990,66,Suplente,DANIEL FERREIRA,DANIEL FERREIRA,M,14/08/1952,Válido,19
19173,38,Suplente,LEANDRO MARCUCCI,PROFESSOR  LEANDRO,M,28/06/1968,Válido,19
19333,1650,Suplente,ERÁDIO MANOEL GONÇALVES,ERÁDIO GONÇALVES,M,18/05/1952,Válido,19
19099,673,Suplente,GUILHERME COELHO HAVIARAS,GUI HAVIARAS,M,27/05/1983,Válido,19
19085,81,Suplente,ANTONIO CARLOS PINHEIROS PERES,SARGENTO PERES,M,13/03/1966,Válido,19
19479,111,Suplente,ARLETE MACHADO DO BONFIM,ARLETE BONFIM  PODEMOS,F,05/10/1980,Válido,19
19900,300,Suplente,CARLOS ALBERTO APOLLARO,CARLOS APOLLARO,M,15/03/1968,Válido,19
19200,108,Suplente,SARA TOSCAN CAMARGO,SARA CAMARGO,F,18/05/1963,Válido,19
19090,219,Suplente,PAULO CESAR PEREIRA,PAULO CESAR PC,M,09/10/1984,Válido,19
19999,19,Suplente,YANKA PAULA CORRÊA,YANKA CORRÊA,F,16/05/1997,Válido,19
19091,1052,Suplente,FABRICIO RODRIGO CORREIA DE MELLO,JORNALISTA FABRICIO CORREIA,M,20/12/1976,Válido,19
19444,2092,Eleito,PRISCILA FERNANDES FARIAS,PRI FERNANDES ADOTE,F,10/10/1974,Válido,19
19115,1159,Suplente,MARCELO SANTANA,MARCELO SANTANA,M,01/03/1983,Válido,19
77465,1,Não eleito,MARIA EDUARDA SERAFIM ANDRADE,MARIA EDUARDA ANDRADE,F,23/07/1995,Válido,77
77888,98,Não eleito,DORENI PIRES TEZZARI,DORENI,M,15/04/1967,Válido,77
77800,19,Não eleito,GÉSSICA CRISTINA DA SILVA,GÉSSICA DA SILVA,F,14/06/1991,Válido,77
77100,26,Não eleito,DJENIFFER SORAIA ADÃO,DJENIFER ADÃO,F,04/07/1989,Válido,77
77635,93,Não eleito,JORGE ESPIRITO SANTO DE FREITAS,JORGE FREITAS,M,19/05/1958,Válido,77
77700,39,Não eleito,MARCELO SILVEIRA LOPES,MARCELO LOPES,M,06/10/1981,Válido,77
77123,20,Não eleito,JOSIVALDO EPIFANIO DA SILVA,JOSIVALDO EPIFANIO,M,22/10/1976,Válido,77
77717,54,Não eleito,LISA TATIANA RODRIGUES POSADA,TATIANA RODRIGUES,F,08/11/1974,Válido,77
77666,155,Não eleito,LUIZ MIGUEL CHRISTAKIS VAZ,MIGUEL CHRISTAKIS,M,26/02/1997,Válido,77
77300,236,Não eleito,LUCAS VIEIRA PEREIRA,LUCAS VIEIRA,M,16/12/1988,Válido,77
77077,70,Não eleito,MAURÍCIO FERRARESI SILVEIRA,MAURÍCIO FERRARESI,M,30/08/1980,Válido,77
77777,473,Não eleito,JOSÉ BALTAZAR SALGUEIRINHO OSORIO DE ANDRADE GUERRA,PROFESSOR BALTAZAR,M,11/10/1968,Válido,77
77555,3,Não eleito,MARISTELA ADAO,MARISTELA ADAO,F,09/04/1972,Válido,77
77222,90,Não eleito,MURILO FREITAS DA CONCEIÇÃO,MURILO FREITAS DA CONCEIÇÃO,M,30/05/1986,Válido,77
77444,442,Não eleito,ALVARO DIAS ZATARIAN,ALVARO DIAS,M,28/12/1963,Válido,77
77667,94,Não eleito,LAURO MANOEL PIRES,LAURO PIRES,M,06/11/1967,Válido,77
77551,1,Não eleito,GREGORY RODRIGUES DE LIMA,GREGORY RODRIGUES DE LIMA,M,31/10/1996,Válido,77
77495,5,Não eleito,ANA BEATRIZ CARLOS,ANA,F,02/02/1997,Válido,77
77789,34,Não eleito,JORGE NAVARRO HABERBECK JUNIOR,JORGE HABERBECK,M,30/04/1960,Válido,77
77111,317,Não eleito,RICARDO MAY,RICARDO MAY,M,14/05/1975,Válido,77
77188,0,Não eleito,PAOLA CRISTINE CARLOS,PAOLA CRISTINE,F,13/02/1998,Válido,77
77007,177,Não eleito,THIAGO ANTUNES,THIAGO ANTUNES,M,13/01/1986,Válido,77
77399,0,Não eleito,MAYARA CRISTINA CARLOS,MAYARA CARLOS,F,20/02/1994,Válido,77
80123,185,Não eleito,MATHEUS RODRIGUES MENEZES,MATHEUS MENEZES,M,10/02/1997,Válido,80
80000,377,Não eleito,JÚLIA ANDRADE EW,JÚLIA EW,F,03/11/1997,Válido,80
10456,326,Suplente,ALEXANDRE HENRIQUE GIL,GIL DO CONTINENTE ,M,24/12/1976,Válido,10
10044,61,Suplente,ANA VIVIANE MINORELLI,VIVI MINORELLI,F,12/06/1974,Válido,10
10000,610,Suplente,DARCIO ARCELINO NUNES FILHO,CAPITÃO DARCIO,M,15/04/1978,Válido,10
10333,592,Suplente,SANCLER DE ARAUJO,SANCLER DO LANCHE,M,03/06/1971,Válido,10
10254,43,Suplente,MIRIAN LUCIANE DE AVILA,MIRIAN AVILA,F,13/02/1966,Válido,10
10318,72,Suplente,ROSANA DA SILVA,SANA,F,29/08/1972,Válido,10
10555,453,Suplente,LUIS CARLOS ZAIA,LUIS ZAIA,M,07/08/1957,Válido,10
10123,2998,Eleito,CLAUDINEI MARQUES,CLAUDINEI MARQUES,M,19/02/1976,Válido,10
10011,141,Suplente,CELIO GARCIA DE MOURA,CELINHO DO AJAX ,M,06/03/1958,Válido,10
10055,117,Suplente,JORGE LUIS DE LIZ PIRES,JORGE PIRES,M,29/12/1968,Válido,10
10200,772,Suplente,JEAN HENRIQUE DA SILVA,JEAN HENRIQUE,M,28/09/1965,Válido,10
10099,31,Suplente,KAROLINE COSTA DA SILVA,KAROL DO SUL DA ILHA,F,29/07/1997,Válido,10
10101,288,Suplente,MARIA ZAIR CASANOVA,BÁ DO ESTREITO,F,21/12/1956,Válido,10
10112,35,Suplente,TEREZINHA OSMAR JERONIMO,TERE,F,26/09/1954,Válido,10
10111,1571,Eleito,ADRIANO ANALDINO FLOR,ADRIANINHO,M,30/09/1974,Válido,10
10444,64,Suplente,TEREZINHA DA APARECIDA SIMÕES NESTOR,TEREZINHA,F,06/04/1964,Válido,10
10510,88,Suplente,ALEXANDRE BASTOS FONTES,XANDE FONTES,M,17/04/1974,Válido,10
10153,771,Suplente,VALCI BRASIL JUNIOR,GUARDA BRASIL,M,21/08/1974,Válido,10
10125,21,Suplente,JULIANA LEMOS DO PRADO,JULIANA PRADO,F,12/02/1977,Válido,10
10020,149,Suplente,MOISES DA CUNHA,ZEZO CATUABA,M,22/09/1976,Válido,10
10010,363,Suplente,SHEYLLA CRISTINA GUEDES PEREIRA,MAÇAN GUEDES,F,14/09/1975,Válido,10
10120,542,Suplente,CLAUDIO FORTUNATO ALBINO,NICO FORTUNATO ,M,30/07/1963,Válido,10
10222,1418,Suplente,MARCELO FERNANDO DE OLIVEIRA,MARCELO DA INTENDÊNCIA,M,21/09/1967,Válido,10
10234,92,Suplente,DIEGO SOARES CARDOSO DE ANDRADE,DIEGO ANDRADE,M,11/10/1985,Válido,10
10888,253,Suplente,JUCA MARTINS NUNES CARDOSO,JUCA,M,24/07/1993,Válido,10
10017,918,Suplente,WALDYVIO DA COSTA PAIXAO JUNIOR,CORONEL PAIXÃO,M,11/06/1965,Válido,10
10399,76,Suplente,CEZAR GOMES DE QUEIROZ,CEZINHA DE QUEIROZ,M,12/10/1963,Válido,10
10610,230,Suplente,JOSÉ NILDO BARBOSA DE SALES,JOSÉ BARBOSA  O NORDESTINO ,M,10/11/1976,Válido,10
10190,35,Suplente,MARCOS ROBERTO DOS SANTOS,MARCÃO,M,03/07/1979,Válido,10
10300,294,Suplente,ELIZABETE LUIZA FERNANDES BAESSO,ELIZABETE FERNANDES,F,23/06/1950,Válido,10
10777,154,Suplente,FÁDIA DE JESUS SANTANA LOPES,FÁDIA LOPES ,F,30/12/1985,Válido,10
10999,248,Suplente,MARCELO FERREIRA,MARCELO DO MORRO DA MARIQUINHA,M,05/12/1970,Válido,10
10007,260,Suplente,FABIO NOCETTI,FABIO NOCETTI (ORELHA),M,05/03/1978,Válido,10
10122,536,Suplente,GRAZIELA DOS SANTOS,NEGA GRAZI,F,22/05/1983,Válido,10
10001,1338,Suplente,MAYCON CASSIMIRO OLIVEIRA,MAYCON OLIVEIRA,M,02/11/1978,Válido,10
