numero,votos_nominais,situacao,nome,nome_urna,sexo,data_nasc,destino_voto,numero_partido
70007,1846,Suplente,LUIZ ANTONIO DE FREITAS,LULA LEGAL,M,20/02/1973,Válido,70
70066,646,Suplente,IRAQUITAM BELIZARIO ALVES,IRÁ,M,25/06/1966,Válido,70
70123,2917,Suplente,FÁBIO GOMES DE SOUZA JUNIOR,FÁBIO GOMES,M,14/05/1983,Válido,70
70125,79,Suplente,SIZENANDO LINS DA SILVA,NANDO LINS,M,25/11/1983,Válido,70
70369,161,Suplente,JOSÉ FLÁVIO RODRIGUES SOUTO MAIOR,FLÁVIO JOSÉ,M,10/01/1961,Válido,70
70777,2075,Suplente,ROGERIO FAÇANHA DE SOUZA,BELO BELO,M,05/11/1972,Válido,70
70024,0,Suplente,GECILENE VALÉRIA DE LIMA FERNANDES,GERCILENE FERNANDES,F,05/07/1970,Válido,70
70015,164,Suplente,JORGE ANTONIO MACIEL,CAPELAO JORGE CELL,M,18/04/1982,Válido,70
70055,1779,Suplente,NELSON FERNANDES CRISTOVAM,NELSINHO,M,21/12/1967,Válido,70
70228,0,Suplente,RAIZA DOS SANTOS VIEIRA,RAIZA SANTOS,F,06/06/1991,Válido,70
70234,406,Suplente,WELLINGTON DOMINGOS DA SILVA,WELLINGTON BOITE,M,13/01/1975,Válido,70
70655,4404,Eleito,DILSON BATISTA DE ALBUQUERQUE,DILSON BATISTA,M,26/03/1980,Válido,70
70611,0,Suplente,VICTORIA DE SOUZA TRAVASSOS,VICTORIA TRAVASSOS,F,28/11/1995,Válido,70
70670,230,Suplente,ANTONIO FERNANDO BEZERRA COSTA,SEU ANTÔNIO,M,16/01/1960,Válido,70
70013,5,Suplente,JENNIFER ANDRADE DE OLIVEIRA,JENNIFER ANDRADE,F,22/10/1992,Válido,70
70100,316,Suplente,FREDERICO BENTO MARANHÃO,FREDERICO BENTO,M,13/01/1969,Válido,70
70189,11,Suplente,FLAVIA EVA DE FRANÇA,FLÁVIA EVA DO COQUE,F,19/07/1989,Válido,70
70111,755,Suplente,MARCOS JOSÉ VILA NOVA DE SOUZA,MARCOS VILA NOVA,M,14/01/1964,Válido,70
70456,1421,Suplente,EDMILSON MARQUES RIBEIRO,EDMILSON MARQUES,M,15/04/1962,Válido,70
70620,43,Suplente,ALEXSANDRA MARINHO DA SILVA,LEKE DA COXINHA,F,04/08/1982,Válido,70
70942,0,Suplente,EDJANE MARIA DA SILVA,EDJANE MARIA,F,18/12/1969,Válido,70
70700,1818,Suplente,LUIZ WALBER DOS SANTOS,WALBER SANTOS,M,26/03/1965,Válido,70
70888,30,Suplente,JESSICA LUIZA RIBEIRO DE OLIVEIRA PEREIRA,JESSICA LUIZA,F,31/12/1986,Válido,70
70420,592,Suplente,MARCO AURELIO DE BARROS E SILVA,MARCO SMOKE,M,28/12/1965,Válido,70
70622,1010,Suplente,SAMUEL SOUZA DA SILVA,CABO SAMUEL,M,11/04/1965,Válido,70
70124,263,Suplente,ADEILTON ANDRADE SILVA,DEDEU DA COMUNIDADE,M,23/10/1967,Válido,70
70333,70,Suplente,ROBSON LEITE LINS JUNIOR,ROBSON LEITE,M,06/04/1970,Válido,70
70001,380,Suplente,MATEUS JONATAS SOUZA,DR MATEUS SOUZA,M,12/08/1984,Válido,70
70070,374,Suplente,CLAUDIONOR GERMANO DA HORA FILHO,NONÔ GERMANO,M,04/06/1969,Válido,70
70666,55,Suplente,JOSÉ SEBASTIÃO ALVES DE OLIVEIRA FILHO,JOSÉ ALVES CARAVANISTA,M,15/06/1970,Válido,70
70789,83,Suplente,PEDRO SEVERINO VIDAL DA SILVA,PEDRO VIDAL,M,16/05/1965,Válido,70
70110,25,Suplente,VILMA LEITE CAVALCANTI,WILMA LINARY,F,08/04/1967,Válido,70
70643,284,Suplente,NIELZO FERREIRA DA SILVA,SARGENTO NIELZO,M,18/02/1973,Válido,70
70187,181,Suplente,SUMAYA TEIXEIRA LIMA DE ALMEIDA,SUMAYA TEIXEIRA,F,29/03/1972,Válido,70
70087,19,Suplente,RENATA DE LIMA RODRIGUES,RENATA RODRIGUES,F,06/07/1987,Válido,70
70707,1119,Suplente,DAVID GERSON FARIAS DANTAS,DEIVINHO DANTAS,M,20/12/1989,Válido,70
70130,179,Suplente,WILLAMS DA SILVA FERNANDES,WILLAMS FERNANDES SANTO AMARO,M,02/12/1976,Válido,70
70214,29,Suplente,CARLOS ROBERTO MAGALHÃES NUMERIANO,ROBERTO NUMERIANO,M,10/08/1962,Válido,70
70615,1,Suplente,FLAVIA REJANE BENTO UCHÔA,FLAVIA REJANE,F,21/07/1977,Válido,70
70678,363,Suplente,RENATO GONÇALVES DE LIMA,RENATINHO DO SANTA CRUZ,M,14/09/1991,Válido,70
70011,1799,Suplente,MELQUI RIBEIRO ROMA FILHO,MELQUI ROMA,M,29/03/1950,Válido,70
70020,377,Suplente,EUFRAZIO CORREIA DOS PASSOS,EUFRÁZIO PASSOS,M,14/10/1962,Válido,70
70612,20,Suplente,HORACIO MACHADO BRANDÃO NETO,HORÁCIO BRANDÃO,M,16/12/1962,Válido,70
70000,816,Suplente,SAVIO MORETHE DA SILVA,SAVIO MORETHE,M,06/08/1966,Válido,70
70555,5276,Eleito,FABIANO FERRAZ,FABIANO FERRAZ,M,28/06/1980,Válido,70
70444,982,Suplente,MANOEL PINHEIRO BEZERRA,MANOEL PINHEIRO,M,09/06/1949,Válido,70
70121,1,Suplente,CARLOS EDUARDO DE MATOS MENEZES,EDUARDO MATOS,M,19/07/1973,Válido,70
70999,234,Suplente,MARCOS FERREIRA DO NASCIMENTO,PROF MARCÃO NASCIMENTO,M,26/10/1958,Válido,70
23678,94,Suplente,LENI CARLOS DE BARROS,LENI CARLOS,F,25/01/1964,Válido,23
23400,1438,Suplente,THYAGO DE AMORIM BATISTA,THYAGO AMORIM,M,10/04/1985,Válido,23
23654,3,Suplente,DURVANICE GONÇALO DE OLIVEIRA,BRANCA DURVANICE,F,23/07/1970,Válido,23
23110,820,Suplente,SWAMY FEITOSA RIBAS,MI,M,10/09/1978,Válido,23
23633,4926,Suplente,JAYME JEMIL ASFORA FILHO,JAYME ASFORA,M,25/12/1969,Válido,23
23423,241,Suplente,VICTOR GILLIARD DE CARVALHO LOPES,VICTOR TORRES,M,31/05/1988,Válido,23
23231,24,Suplente,FRANCISCO FERNANDO DA CUNHA GOUVEIA,FERNANDO GOUVEIA,M,10/09/1954,Válido,23
23723,51,Suplente,IRENILDO JOSE FLORENCIO,DJYJO DO IBURA,M,18/11/1974,Válido,23
23664,2,Suplente,KATYA CYBELLE SOARES WANDERLEY,CYBELLE WANDERLEY,F,02/09/1976,Válido,23
23123,4780,Suplente,KARLA FERNANDA FALCÃO RODRIGUES DE FRAGA,KARLA FALCÃO,F,30/07/1992,Válido,23
23291,139,Suplente,JOSÉ XAVIER DE SOUZA FILHO,MOTOCA,M,19/10/1957,Válido,23
23523,78,Suplente,JAPYTACY ANDRADE FERREIRA,TARCYS ANDRADE,M,27/04/1955,Válido,23
23045,6256,Eleito,INALDO GERSON PEREIRA FREIRES,JUNIOR BOCÃO,M,18/10/1971,Válido,23
23789,86,Suplente,RUY JORGE OLIVEIRA DA SILVA,RUY JORGE,M,02/03/1993,Válido,23
23030,31,Suplente,LUZINETE DA SILVA FELIPE DOS SANTOS,LUZINETE,F,17/06/1971,Válido,23
23111,98,Suplente,JOÃO CLAUDIO MEDEIROS BASTOS,DR JOÃO CLÁUDIO,M,03/10/1961,Válido,23
23543,2707,Suplente,PAULO GIROLDO CAVALCANTI DA SILVA,GIROLDO,M,05/12/1960,Válido,23
23202,141,Suplente,SERGIO JOSE LEAL GUSMÃO,SERGIO GUSMÃO,M,29/03/1958,Válido,23
23555,51,Suplente,GERIVALDO DAS NEVES,GG DO GÁS,M,26/01/1970,Válido,23
23125,67,Suplente,DANIEL LOURENÇO DA SILVA,DANIEL SILVA,M,25/08/1982,Válido,23
23023,265,Suplente,MICHELINE LOPES LÔBO,MICHELINE LÔBO,F,16/11/1973,Válido,23
23623,6,Suplente,ZENILDA MARIA DA SILVA,ZENILDA MARIA,F,18/11/1970,Válido,23
23233,190,Suplente,LUCIANA DO NASCIMENTO OLIVEIRA,LUCIANA DELAVEC,F,21/07/1983,Válido,23
23236,361,Suplente,TELMA MARIA ANDRADE FERREIRA,TELMA ANDRADE,F,27/03/1948,Válido,23
23999,1430,Suplente,THIAGO DA SILVA,PROFESSOR THIAGO DO UBER,M,02/02/1984,Válido,23
23333,711,Suplente,ELZA LIMA DA SILVA,ELZA LIMA,F,15/04/1966,Válido,23
23833,151,Suplente,LUIS CARLOS CARNEIRO,LUIS CARNEIRO,M,15/10/1969,Válido,23
23005,103,Suplente,ERIBERTO FELIX DE MENEZES,BELO BELO DA BOMBA,M,24/11/1971,Válido,23
23456,872,Suplente,PEDRO JÁCOME DE FREITAS,PEDRO JACOME,M,18/05/1989,Válido,23
23080,28,Suplente,KAMOSÉ CRISPIM MELO,KAMO MELO,M,06/10/1990,Válido,23
23646,28,Suplente,JOAQUIM MARQUES BEZERRA,PROFESSOR JOAQUIM,M,08/04/1952,Válido,23
23120,881,Suplente,CICERO JOSÉ DE ALMEIDA CASTRO,CICERO ALMEIDA,M,04/12/1965,Válido,23
23223,130,Suplente,ELIAS PEDRO VITURINO,ELIAS BOCHECHA,M,19/04/1983,Válido,23
23000,596,Suplente,RILDO ACCIOLY CAVALCANTI FILHO,RILDO ACCIOLY,M,10/01/1962,Válido,23
27750,0,Não eleito,MARTA NUNES RIBEIRO,MARTA MOTOQUEIRA,F,01/08/1964,Válido,27
27306,18,Não eleito,ELAINE PEREIRA DO NASCIMENTO,PROFESSORA ELAINE,F,10/07/1959,Válido,27
27888,41,Não eleito,FRANCISCO ROSENDO DE SOUZA,PADRE ROSENDO,M,14/11/1955,Válido,27
27123,249,Não eleito,JOSE GERALDO LINS DE QUEIROS,GERALDO QUEIROS,M,09/06/1950,Válido,27
27000,267,Não eleito,EDESIO GOMES DE ANDRADE,NÊGO BOMBEIRO,M,02/01/1976,Válido,27
27190,92,Não eleito,ILO ALVES SIQUEIRA,SIQUEIRA,M,16/09/1975,Válido,27
27027,7,Não eleito,RAMON VAREJÃO CAVALCANTI,RAMON,M,07/02/1970,Válido,27
27777,115,Não eleito,SAMUEL FRANCISCO DA SILVA,SAMUEL,M,16/12/1962,Válido,27
27077,100,Não eleito,ERCILIO LEITE DE LIMA,MISTER BROTHER,M,15/04/1956,Válido,27
27250,23,Não eleito,FRANCISCA GOMES DA SILVA,NENEM,F,13/10/1960,Válido,27
27900,95,Não eleito,ARLINDO BATISTA DE LIMA,ZE DA RIMA,M,22/08/1966,Válido,27
27040,65,Não eleito,NERIJANE CAVALCANTE DA SILVA,NERI,F,03/06/1962,Válido,27
27007,22,Não eleito,EGRE ARAUJO GUERRA,EGRE GUERRA,F,25/12/1969,Válido,27
27001,71,Não eleito,LUCIANO ELIAS DA SILVA,LUCIANO QUINTO REI,M,05/05/1961,Válido,27
15020,46,Suplente,SEVERINO PERMINIO DOS SANTOS,DENO DA MANGUEIRA,M,03/04/1958,Válido,15
15019,1,Suplente,GLACE KELLY REIS DA SILVA,GLACÊ SILVA,F,24/10/1988,Válido,15
15642,589,Suplente,MARIA DO CARMO VASCONCELOS ALVES,MARIA VASCONCELOS,F,28/08/1964,Válido,15
15415,432,Suplente,VALTEMIR JOSE  DE SOUZA,WALTER SOUZA,M,21/08/1970,Válido,15
15002,49,Suplente,IRANDI BATISTA RIBEIRO,IRANDI,F,16/01/1958,Válido,15
15236,94,Suplente,LAURINETE DE MORAES CAVALCANTE DE ALBUQUERQUE,LAURINETE MORAES,F,09/08/1974,Válido,15
15444,630,Suplente,EDVALDO DE OLIVEIRA COUTINHO,WILL,M,17/09/1966,Válido,15
15800,4853,Suplente,PRISCILA ARAUJO FERRAZ,PRISCILA FERRAZ,F,26/11/1979,Válido,15
15650,485,Suplente,JOSE PEREIRA DE ARAÚJO NETO,JOSE LAFOND,M,23/01/1975,Válido,15
15190,1617,Suplente,GILMAR PEREIRA DA SILVA,GILMAR GAROTO,M,27/05/1964,Válido,15
15123,82,Suplente,FERNANDO LUIZ GOMES DA SILVA,PROFESSOR FERNANDO GOMES,M,25/07/1958,Válido,15
15888,63,Suplente,GILBERTO BATISTA DE LIMA,GILBERTO LIMA,M,22/01/1974,Válido,15
15555,1918,Suplente,TEREZINHA NUNES DA COSTA,TEREZINHA DAS INCLUSIVAS,F,26/01/1949,Válido,15
15999,78,Suplente,RAFAEL DOMINGOS DO NASCIMENTO,RAFAEL DOMINGOS,M,04/09/1993,Válido,15
15655,1846,Suplente,VERA LUCIA LOPES VIEIRA,DRA VERA LOPES,F,10/11/1950,Válido,15
15222,88,Suplente,JOSIAS COSTA DE OLIVEIRA,JOSIAS DAS BATERIAS,M,25/05/1952,Válido,15
15000,28,Suplente,PEDRO HENRIQUE VIEIRA FERREIRA,PEDRO FERREIRA,M,25/07/1981,Válido,15
15111,88,Suplente,MICHELLE ADRIANE DE SIQUEIRA,MICHELE SIQUEIRA,F,25/03/1976,Válido,15
15615,9188,Eleito,SAMUEL RODRIGUES DOS SANTOS SALAZAR,SAMUEL SALAZAR,M,31/01/1985,Válido,15
15678,263,Suplente,SERGIO PEREIRA CORREIA,SERGIO DELIRIO,M,05/02/1972,Válido,15
15333,2083,Suplente,WILSON PEREIRA MACHADO LAPA,WILSON LAPA,M,04/10/1959,Válido,15
15155,44,Suplente,SHYRLEY LUIZ DE FRANÇA,SHYRLEYY FRANÇA,F,15/04/1980,Válido,15
15688,0,Suplente,FERNANDO JOSE DOS SANTOS,FERNANDO SANTOS,M,25/03/1971,Válido,15
15115,535,Suplente,WALMIR TEIXEIRA DA SILVA,WALMIR TAXISTA,M,11/01/1979,Válido,15
15345,215,Suplente,MARIA JOSE SILVA DE ANDRADE,MISSIONARIA LALA ANDRADE,F,19/03/1970,Válido,15
15700,160,Suplente,MATTHEUS MAURICIO ARAUJO PEREIRA,MATTHEUS ARAUJO,M,02/06/1995,Válido,15
15040,308,Suplente,ROMARIO ARAGAO SANTOS,PROFESSOR ROMARIO,M,01/12/1993,Válido,15
15010,45,Suplente,ADRIANO MANOEL DA SILVA,ADRIANO SILVA,M,04/11/1977,Válido,15
15015,3920,Suplente,GEOVANE JOVINO DA SILVA,VANIO SILVA,M,19/03/1977,Válido,15
15605,423,Suplente,WALDSON BATISTA LEITAO,VAL DO POSTO,M,14/09/1977,Válido,15
15261,139,Suplente,MONTANARO RODRIGO FERREIRA,MONTANARO,M,25/01/1985,Válido,15
25555,2260,Suplente,VICTOR ANDRE GOMES CAVALCANTI BATISTA,VICTOR ANDRE GOMES,M,15/01/1990,Válido,25
25625,311,Suplente,BERILO JOSE SOARES,BERILO SAPATEIRO,M,11/08/1943,Válido,25
25800,595,Suplente,CLEITON MIGUEL DA SILVA,CLEITON MIGUEL,M,25/05/1971,Válido,25
25171,94,Suplente,MILCA VALERIA PEREIRA DE AQUINO,MILCA AQUINO,F,28/04/1980,Válido,25
25190,2980,Suplente,ALBERISSON CARLOS DA SILVA,ALBERISSON CARLOS,M,20/01/1972,Válido,25
25500,308,Suplente,LUCIANO SANTIAGO DA SILVA,LUCIANO SANTIAGO,M,07/09/1978,Válido,25
25525,182,Suplente,ROSANA DE LIMA GAIAO DA SILVA,MISSIONÁRIA ROSANA,F,09/03/1981,Válido,25
25152,49,Suplente,JOANA AUGUSTINHO DA SILVA,JOANA DE BIRA,F,29/03/1992,Válido,25
25311,21,Suplente,EDNA MARINHO DA SILVA CAVALCANTI,EDNA MARINHO,F,26/07/1969,Válido,25
25222,4019,Eleito,ALCIDES JOSÉ DE ALBUQUERQUE CARDOSO,ALCIDES CARDOSO,M,18/10/1969,Válido,25
25252,37,Suplente,MARIA CLAUDIA DIAS DA SILVA,MARIA CLAUDIA,F,24/09/1978,Válido,25
25888,473,Suplente,JOSE EVARISTO ALVES FILHO,EVARISTO FILHO,M,01/02/1968,Válido,25
25688,130,Suplente,JOSÉ WILLAMS DE LEMOS VASCONCELOS,WILLAMS LEMOS,M,07/03/1989,Válido,25
25019,10,Suplente,MONICA MARIA DE MORAES,MÔNICA MARIA,F,17/04/1970,Válido,25
25211,253,Suplente,PAULA CRISTIANE SANTOS RODRIGUES,PAULA CRISTIANE,F,26/05/1972,Válido,25
25615,302,Suplente,ALCIDES DA SILVA FERREIRA,ALCIDES FERREIRA,M,10/02/1953,Válido,25
25780,21,Suplente,CLAUDIA SOARES DE OLIVEIRA,CACAU,F,17/08/1976,Válido,25
25033,55,Suplente,JOSÉ AGNIS PERKLES RÊGO,JOSÉ AGNIS,M,27/05/1962,Válido,25
25559,61,Suplente,ELLEN CRISTINA BARRETO TAVARES,ELLEN TAVARES,F,07/08/1983,Válido,25
25999,368,Suplente,EDILSON JOSE DA SILVA,DIDIL DO PREZEIS,M,12/03/1966,Válido,25
25511,139,Suplente,SANDRO BARTOLOMEU CAVALCANTI DA SILVA,SANDRO CAVALCANTI,M,10/06/1976,Válido,25
25444,474,Suplente,JOSÉ BATISTA CRUZ,SULIN DA BOMBA,M,22/12/1964,Válido,25
25014,95,Suplente,AUTA MARIA DA CONCEIÇÃO SOUZA SILVA,AUTA MARIA,F,01/04/1972,Válido,25
25015,422,Suplente,MARIA CANDIDA MOREIRA DO NASCIMENTO,CANDIDA MOREIRA,F,15/02/1971,Válido,25
25137,198,Suplente,AMURABI MARQUES DA SILVA,REI AMURABI,M,03/03/1971,Válido,25
25012,84,Suplente,IRANEIDE BEZERRA DE ALBUQUERQUE,NEIDE  ALBUQUERQUE,F,16/03/1971,Válido,25
25777,521,Suplente,ANDRE HENRIQUE PIMENTEL LUCENA,ANDRE LUCENA,M,19/10/1973,Válido,25
25308,6,Suplente,WILDEN BATISTA LYRA DE MELO,WILDEN BATISTA,F,19/06/1976,Válido,25
25025,1554,Suplente,LUIZ CARLOS VERA CRUZ,LUIZ CARLOS,M,26/06/1967,Válido,25
25100,195,Suplente,MOISES LIMA DE ANDRADE,MOISES ANDRADE,M,23/07/1979,Válido,25
25070,58,Suplente,RAFAEL HENRIQUE FERREIRA DE FRANÇA SERAFIM,RAFAEL SERAFIM,M,03/06/1993,Válido,25
25380,1033,Suplente,MARCUS WILKER ANDRADE CAVALCANTI,WILKER CAVALCANTI,M,23/04/1995,Válido,25
25090,34,Suplente,TATIANA MARIA DA SILVA,TATIANA SILVA,F,17/03/1980,Válido,25
25017,16,Suplente,GERONIMO PIRRO JUNIOR,JUNIOR PIRRO,M,23/12/1959,Válido,25
25333,1652,Suplente,ALEXANDRE JOSE DA COSTA CARVALHO,ALEXANDRE CARVALHO,M,23/08/1955,Válido,25
25611,40,Suplente,ESTEVAO DE SOUZA LEAL,ESTEVÃO LEAL,M,22/12/1949,Válido,25
25440,144,Suplente,EZEQUIEL MONTEIRO DA SILVA,EZEQUIEL MONTEIRO,M,24/04/1962,Válido,25
25111,215,Suplente,LUCAS MEDEIROS AZEVEDO,LUCAS MEDEIROS,M,07/01/1995,Válido,25
25200,189,Suplente,RUBEM SOARES DA SILVA,MAESTRO RUBINHO,M,09/11/1967,Válido,25
25000,1122,Suplente,JOSE SOARES DE OLIVEIRA NETO,SOARES FEU,M,26/03/1971,Válido,25
25112,112,Suplente,MARIA JOSE DOS ANJOS DUARTE,MARIA ZEZA,F,29/08/1962,Válido,25
25117,254,Suplente,JOÃO CARLOS DE SANTANA,PR. JOÃO CARLOS,M,24/06/1967,Válido,25
25502,202,Suplente,SANDOVAL RODRIGUES DE ARAUJO,SANDOVAL ARAÚJO,M,23/10/1977,Válido,25
25604,25,Suplente,MARCIA MARIA ALVES DA SILVA,MARCIA SILVA,F,13/09/1969,Válido,25
25251,717,Suplente,WALLACE CARNEIRO DE LIMA,PROFESSOR WALLACE,M,17/11/1958,Válido,25
25123,1122,Suplente,MOACIR LACERDA FILHO,MOACIR LACERDA FILHO,M,05/09/1960,Válido,25
25789,189,Suplente,ALEXANDRE SOARES CAVALCANTI,ALEXANDRE SOARES,M,23/12/1965,Válido,25
25678,730,Suplente,MARCOS ANTONIO VIEGAS FILHO,MARCOS VIEGAS,M,10/06/1977,Válido,25
25343,53,Suplente,JORGE NUNES DA SILVA,JORGE ENFERMEIRO,M,06/09/1960,Válido,25
25145,101,Suplente,MARCOS AURELIO PIO DOS SANTOS,MARQUITO PIO,M,24/10/1973,Válido,25
11667,5420,Suplente,AMARO CIPRIANO DE LIMA,MAGUARI,M,26/03/1954,Válido,11
11000,11938,Eleito,RAFAEL ACIOLI MEDEIROS,ERIBERTO RAFAEL,M,02/06/1988,Válido,11
11540,101,Suplente,ALDENIR LUIZ DE FRANÇA,MI DO PÃO,M,21/07/1968,Válido,11
11190,347,Suplente,VILANEIDA PARENTE AGUIAR,DELEGADA VILANEIDA AGUIAR,F,29/07/1968,Válido,11
11611,6823,Eleito,DAIZE MICHELE DE AGUIAR GONÇALVES,MISSIONÁRIA MICHELE COLLINS,F,17/10/1977,Válido,11
11222,3926,Suplente,EDUARDO PEREIRA DA SILVA,EDUARDO CHERA,M,10/03/1968,Válido,11
11999,48,Suplente,GILVAN RODRIGUES TORRES,PROFESSOR GILVAN TORRES,M,09/11/1954,Válido,11
11911,6530,Suplente,ALINE BRITO MARTINS DA FONSECA,ALINE MARIANO,F,21/06/1975,Válido,11
11511,5174,Suplente,ROMILDO JOSE FERREIRA GOMES NETO,ROMILDO GOMES,M,05/05/1975,Válido,11
11013,222,Suplente,JOSE RINALDO DE ANDRADE,TATU,M,06/04/1961,Válido,11
11345,87,Suplente,LUCIVAN JOSE ALVES DE OLIVEIRA,CIVA PIPOCA,M,12/06/1973,Válido,11
11011,1884,Suplente,JOSE CARLOS DA SILVA,CARLINHOS BALA,M,17/09/1979,Válido,11
11666,21,Suplente,AUGUSTO CESAR LIRA DA SILVA,AUGUSTO CESAR,M,22/06/1982,Válido,11
11644,74,Suplente,CILENICE CASSIA DE MIRANDA,CASSIA DE MIRANDA,F,18/10/1966,Válido,11
11777,2728,Suplente,ROGERIO LIMA DE LUCCA,DR. ROGERIO LUCCA,M,25/05/1953,Válido,11
11126,9,Suplente,BRUNA DE CASSIA FIRMINO DA SILVA,BRUNA ROXINHO,F,24/05/1994,Válido,11
11555,1010,Suplente,ABDIAS DE MELO TEIXEIRA NETO,ABDIAS DO BADOQUE,M,11/01/1979,Válido,11
11180,178,Suplente,MARCOS ALECI DE ALMEIDA,COMISSÁRIO BIRO BIRO,M,30/09/1959,Válido,11
11711,708,Suplente,JOSILENE CAVALCANTI CORREIA,PROFESSORA JOSILENE CAVALCANTI,F,03/12/1961,Válido,11
11188,23,Suplente,EUMA DECIA LEÔNIDAS GOMES TAVARES DE SOUSA,EUMA LEÔNIDAS,F,25/05/1958,Válido,11
11115,42,Suplente,LUIZ ANTONIO DA SILVEIRA CUNHA,LUIZ CUNHA,M,29/01/1946,Válido,11
11111,9194,Eleito,FRANCISCO FERREIRA DA SILVA FILHO,CHICO KIKO,M,04/06/1965,Válido,11
11123,13249,Eleito,ANDREZA BANDEIRA FERREIRA DE OLIVEIRA MELO,ANDREZA ROMERO,F,14/11/1995,Válido,11
11917,11,Suplente,CRHISTIAN FERNANDO LISBOA,CRHISTIAN LISBOA,M,25/12/1973,Válido,11
30444,108,Não eleito,CLEBER MAGALHÃES DOS SANTOS,CLEBER MAGALHÃES,M,24/04/1973,Válido,30
30123,334,Não eleito,TATIELLY MIKAELLY SALUSTIANO DA SILVA,TATI SALUSTIANO,F,11/01/1997,Válido,30
30321,192,Não eleito,GENTIL TIAGO DE MOURA JUNIOR,GENTIL DO NOVO,M,23/09/1962,Válido,30
30630,1038,Não eleito,VIRGILIO FEITOSA DA ROSA,VIRGILIO ROSA,M,18/09/1973,Válido,30
30012,350,Não eleito,EURIZELIA ALVES DE ARAUJO MOURA,ZELIA MOURA,F,25/07/1960,Válido,30
30030,265,Não eleito,EDUARDO TASSO DE SOUZA,EDUARDO TASSO,M,07/10/1986,Válido,30
30345,84,Não eleito,ALBANIA DE SOUZA ALVES,ALBÂNIA ALVES,F,21/02/1968,Válido,30
30300,359,Não eleito,DENAYDE RODRIGUES DE SANTANA,DENAYDE SANTANA,F,02/12/1981,Válido,30
30333,393,Não eleito,GIVANILDO DA ROCHA RODRIGUES,GIVA,M,04/08/1978,Válido,30
30777,229,Não eleito,RAUL HENRIQUE BARRETO LINS JUNIOR,RAUL LINS,M,12/05/1983,Válido,30
30100,1370,Não eleito,DAEME TELLES GONÇALVES DOS SANTOS,PROFESSOR DAEME,M,09/12/1975,Válido,30
30000,1700,Não eleito,EDMILSON TAVARES COUTINHO JUNIOR,EDMILSON COUTINHO,M,25/03/1981,Válido,30
30800,1515,Não eleito,EMANOEL TECIO TELES MORAES,TECIO TELES,M,28/11/1989,Válido,30
28028,441,Suplente,AUGUSTO OLIVEIRA PIMENTEL,CANTOR AUGUSTO CESAR,M,27/07/1959,Válido,28
28029,27,Suplente,ANDRE SALGUEIRO INACIO DE OLIVEIRA,ANDRE OLIVEIRA,M,21/03/1982,Válido,28
28868,184,Suplente,JOSEFA CRISTINA DA SILVA COSTA,IRMÃ CRISTINA,F,07/09/1974,Válido,28
28220,1011,Suplente,MARCELUS DE ALBUQUERQUE UGIETTE,DR. MARCELLUS UGIETTE,M,09/05/1960,Válido,28
28323,241,Suplente,EUNICE APARECIDA DE SOUZA ALVES DE MELO,EUNICE MELO,F,27/12/1970,Válido,28
28162,74,Suplente,LUCIANO DA SILVA,LUCIANO SILVA,M,16/07/1973,Válido,28
28300,325,Suplente,RAIMUNDA LUCELIA ARARUNA SANTANA,IRMÃ LUCELIA,F,05/03/1964,Válido,28
28456,258,Suplente,ERIK SOARES DE MOURA,ERIK DO POVO,M,16/03/2001,Válido,28
28633,111,Suplente,SILVANIA ANDRADE BATISTA DA CRUZ,SILVANIA ANDRADE,F,02/01/1982,Válido,28
28130,25,Suplente,CARLOS ALBERTO DA SILVA FREITAS,BETO DO BOLO,M,16/07/1984,Válido,28
28360,602,Suplente,GERCINA MARIA BARBOSA DE OLIVEIRA,ANA DA OTICA,F,08/10/1965,Válido,28
28555,71,Suplente,IVANILDO BEZERRA DA SILVA,IVANILDO TEJIPIO,M,10/11/1962,Válido,28
28282,146,Suplente,SILVIA LOCATEL,SILVIA LOCATEL,F,18/01/1969,Válido,28
28000,1432,Suplente,ALEXSANDRO VIEIRA DE SOUZA,ALEXSANDRO VIEIRA PAULISTANO,M,01/03/1980,Válido,28
28838,359,Suplente,MARÍLIA FERRAZ TORRES,MARÍLIA FERRAZ,F,22/02/1980,Válido,28
28033,14,Suplente,MARCELA CAVALCANTI DO NASCIMENTO OLIVEIRA,MARCELA PEROLA NEGRA,F,28/03/1979,Válido,28
28200,342,Suplente,EDIVALDO RODRIGUES DA SILVA,VAVÁ LOCUÇÕES,M,25/10/1980,Válido,28
28128,33,Suplente,KATIA SULTANUM LAPA,KATIA SULTANUM,F,21/09/1977,Válido,28
28140,518,Suplente,CARLOS ALBERTO CABRAL,CABRAL,M,28/03/1965,Válido,28
28700,384,Suplente,RUI JOSÉ DO MONTE LEITE,RUI LEITE,M,16/03/1968,Válido,28
28666,238,Suplente,AURINEIDE MONTEIRO GOMES CAVALCANTE DE ANDRADE,NEIDE ANDRADE,F,12/10/1976,Válido,28
28111,6,Suplente,RIVALDO MANOEL DA SILVA,IRMÃO RIVALDO,M,10/03/1969,Válido,28
28123,2676,Suplente,BRUNO DE PINHO ALVES BARRETO CAMPELO,BRUNO PINHO ALVES,M,18/06/1977,Válido,28
28999,5810,Eleito,MARCO AURELIO DE MEDEIROS LIMA II,MARCO AURELIO FILHO,M,20/02/1990,Válido,28
28193,77,Suplente,ADRIANO SALUSTIANO DOS SANTOS,SARGENTO DOS SANTOS,M,24/05/1977,Válido,28
28280,73,Suplente,JEOVA FERREIRA CAVALCANTI,JEOVÁ FERREIRA,M,11/08/1948,Válido,28
28717,210,Suplente,MARCIO LUIZ XAVIER DE SOUZA,MARCIO XAVIER,M,10/11/1970,Válido,28
28321,0,Suplente,CRHISTIANO BARBOSA GOMES,CRHISTIANO GOMES,M,27/10/1975,Válido,28
28228,110,Suplente,MARTA MARIA DUDA,MARTA MACAIBA,F,13/12/1970,Válido,28
28032,453,Suplente,VALERIO SILVA DE MOURA,VALÉRIO MOURA,M,22/03/1975,Válido,28
28024,30,Suplente,SHEILA ADRIANA MARQUES,SHEILA TOY,F,30/08/1970,Válido,28
28654,1,Suplente,LEONARDO ANTONIO DA COSTA,LEONARDO COSTA,M,23/01/1975,Válido,28
28388,34,Suplente,IRENILDA PEDROZA DA SILVA,IRENILDA PEDROZA,F,20/05/1957,Válido,28
28234,15,Suplente,EDINILTON TORRES DE ALMEIDA,PR EDY TORRES,M,09/07/1979,Válido,28
28177,93,Suplente,ANTIOGENES GONÇALO DOS SANTOS,GONÇALO CATEQUISTA,M,20/09/1965,Válido,28
28065,186,Suplente,GILBERTO LUIZ DOS SANTOS,GILBERTO LUIZ,M,01/04/1965,Válido,28
28900,615,Suplente,PENIEL DA SILVA SOUZA,PENIEL DO PROJETO,M,06/03/1982,Válido,28
28789,299,Suplente,SAULO CUNHA ALVES,SAULO ALVES,M,04/11/1966,Válido,28
28500,621,Suplente,LUCIANO JOSE LOURENÇO SALES,IRMÃO LUCIANO DO VALE,M,16/05/1982,Válido,28
28750,133,Suplente,KLAYTON SILVA GOMES,KLAYTON GOMES,M,20/12/1986,Válido,28
28222,4635,Suplente,ROGÉRIO MAGALHÃES MELLO,ROGÉRIO MAGALHÃES,M,11/09/1978,Válido,28
28153,793,Suplente,MARÍLIA MARIA VIANA DE SOUZA,MARILIA VIANA,F,23/02/1983,Válido,28
28100,831,Suplente,LENIVALDO JOSE DA ROCHA,FIA BEBIDAS,M,03/10/1966,Válido,28
21111,425,Não eleito,MARIA JOSÉ DO AMARAL,MARIA JOSÉ DO AMARAL,F,23/10/1958,Válido,21
12012,578,Não eleito,LUIZ ANTÔNIO DE MELO,LUIZ ANTÔNIO,M,31/08/1954,Válido,12
12444,183,Não eleito,JAKSON DO NASCIMENTO SILVA,JAKSON O QUARAQUÁ,M,26/07/1971,Válido,12
12222,699,Não eleito,THIAGO FRANCISCO ALVES CARLOTA,THIAGO PSICÓLOGO,M,22/06/1985,Válido,12
12123,198,Não eleito,WILSON JOSE CHAVES FELIX,WILSON FÉLIX,M,14/06/1973,Válido,12
12555,145,Não eleito,MARIA JOSÉ BEZERRA DE FRAGA,LIA DEFENSORA DOS ANIMAIS,F,04/12/1961,Válido,12
12888,198,Não eleito,JOSÉ RIVALDO AMÂNCIO MENEZES,RIVALDO MENESES,M,16/10/1969,Válido,12
12111,360,Não eleito,CLAUDIO ROBERTO FELIX DO NASCIMENTO,PROF. CLÁUDIO ROBERTO,M,26/05/1979,Válido,12
12077,433,Não eleito,CARLOS FERNANDO LOPES DE OLIVEIRA,CARLOS OLIVEIRA,M,16/09/1981,Válido,12
12512,24,Não eleito,JAQUELINE MARINA LEÃO,JAQUELINE LEÃO,F,12/12/1989,Válido,12
12112,126,Não eleito,JAILSON CARLOS DA SILVA,JAILSON CARLOS,M,06/04/1966,Válido,12
12122,240,Não eleito,ANDREY FELIPE CAMINHA,ANDREY CAMINHA,M,07/03/1978,Válido,12
12999,70,Não eleito,ALINE DE CHRISTO LOPES,ALINE CHRISTO,F,27/02/1998,Válido,12
12800,487,Não eleito,ADELMO FERREIRA BARBOSA,ADELMO STO AMARO,M,28/04/1984,Válido,12
12000,2103,Não eleito,PEDRO CÉSAR JOSEPHI SILVA E SOUSA,PEDRO JOSEPHI,M,07/03/1990,Válido,12
12345,2434,Não eleito,ADRIANA ROCHA DE HOLANDA COUTINHO,ADRIANA ROCHA,F,19/08/1969,Válido,12
12131,118,Não eleito,GILMA GALVÃO MENDES,GILMA MENDES,F,11/10/1972,Válido,12
12001,268,Não eleito,RAFAEL ARMANDO DE MEDEIROS DANTAS,RAFAEL DANTAS,M,03/05/1983,Válido,12
12100,17,Não eleito,LIDIANE MARIA DO MONTE,LIDIANE DO MONTE,F,21/03/1985,Válido,12
12314,148,Não eleito,ROGERIO FERREIRA BURGOS,ROGÉRIO BURGOS,M,01/06/1979,Válido,12
12633,19,Não eleito,EDUARDO JOSE DOS SANTOS,EDUARDO DA MUSTARDINHA,M,06/07/1967,Válido,12
12666,46,Não eleito,ELISAMA ARAÚJO DE ALMEIDA,ELISAMA ALMEIDA,F,29/07/1966,Válido,12
12500,16,Não eleito,WANDERSON GOMES DOS SANTOS,WANDERSON SANTOS,M,04/01/1976,Válido,12
12333,3989,Não eleito,RODRIGO PATRIOTA PIRES,RODRIGO DO ATIVISTAS,M,30/01/1977,Válido,12
65171,121,Suplente,CLÁUDIO BRANDÃO DE OLIVEIRA,XÔXO MALAQUIAS,M,04/05/1973,Válido,65
65432,198,Suplente,ALEXANDRE PEREIRA DA SILVA,XANDY SHOW,M,02/07/1972,Válido,65
65400,2243,Suplente,ANTÔNIO STÊNIO BARBOSA GOMES,DR ANTÔNIO STÊNIO,M,16/06/1965,Válido,65
65123,767,Suplente,EDNA MARIA COSTA,EDNA COSTA,F,12/04/1954,Válido,65
65101,19,Suplente,MÔNICA ALVES DA SILVA PIRES,MONICA PIRES,F,19/02/1978,Válido,65
65144,153,Suplente,LUCIANO FÉLIX DA SILVA,LUCIANO,M,21/07/1974,Válido,65
65180,3697,Eleito,MARIA APARECIDA PEDROSA BEZERRA,CIDA PEDROSA,F,18/10/1963,Válido,65
65363,40,Suplente,CÁTIA CAETANO DE MELO,CÁTIA MELO,F,28/12/1979,Válido,65
65232,200,Suplente,DANIEL MAX DOS SANTOS LIMA,PROF DANIEL MAX,M,04/03/1971,Válido,65
65333,889,Suplente,EDVAN BARBOSA GOMES,EDVAN GUARDA GENTILEZA,M,02/06/1963,Válido,65
65010,242,Suplente,FERNANDO CARLOS DE OLIVEIRA COSTA,FERNANDO COSTA,M,22/03/1965,Válido,65
65555,439,Suplente,WALDEMIS FERREIRA DA SILVA,WALDEMIS FERREIRA,M,06/06/1960,Válido,65
65222,1309,Suplente,DOUGLAS PEREIRA DE BRITO,DOUGLAS BRITO ATIVISTA,M,13/11/1992,Válido,65
65209,152,Suplente,LUCILENE CRISTIANE MATOS,LUCILENE MATOS,F,02/09/1978,Válido,65
65113,563,Suplente,MAURO SÉRGIO BARBOSA DA SILVA,MAURO BARBOSA,M,15/06/1975,Válido,65
65012,27,Suplente,MARIA DO PERPETUO SOCORRO CARNEIRO DE SOUZA,SOCORRO,F,02/06/1964,Válido,65
65770,150,Suplente,FABIO HENRIQUE ANDRADE MOTA,FÁBIO MOTA,M,07/07/1969,Válido,65
65190,178,Suplente,JANAÍNA ALVES DA SILVA,JANAÍNA NANAI,F,07/03/1983,Válido,65
65647,52,Suplente,JOSÉ CARLOS DA SILVA,ZÉ CARLOS GALEGO,M,05/05/1977,Válido,65
65081,925,Suplente,DANIELLE LALESKA FERREIRA DOS SANTOS FREITAS,LALESKA,F,12/09/1994,Válido,65
65087,2,Suplente,SANDRA LEE BATISTA DE OLIVEIRA,SANDRALEE,F,22/06/1972,Válido,65
65133,15,Suplente,ANA MARIA RODRIGUES DA SILVA,ANA RODRIGUES,F,17/07/1960,Válido,65
65001,479,Suplente,WILLIAMS ANANIAS GONÇALVES,PROF WILL GONÇALVES,M,29/04/1985,Válido,65
65005,102,Suplente,WILZA FERNANDES GALDINO BENTO,WILZA GALDINO,F,10/12/1972,Válido,65
65611,58,Suplente,FRANCISCO CASTRO DE LIRA,CASTRO,M,02/04/1949,Válido,65
65165,255,Suplente,JOSÉ HILDEMARCOS FLORÊNCIO SILVA,PROFESSOR MARCOS,M,20/03/1960,Válido,65
65145,148,Suplente,ROMUALDO ANTONIO DA SILVA,NEGÃO DE NAIR,M,24/07/1979,Válido,65
65444,598,Suplente,ANDRÉ FELIPE DE LIMA COSTA,DECO COSTA,M,04/07/1982,Válido,65
65065,678,Suplente,AUGUSTO CÉSAR FIGUEIRÊDO SOARES,AUGUSTO CÉSAR TSUNAMI,M,20/10/1972,Válido,65
65741,9,Suplente,CLEIDE MARIA FELICIANO,CLEIDE FELICIANO,F,23/06/1973,Válido,65
65095,4,Suplente,RANIELLE DE OLIVEIRA MACHADO,RANIELLE MACHADO,F,13/01/1995,Válido,65
65013,42,Suplente,ROBERTO OLIVEIRA DE AZEVEDO MAIA FILHO,ROBERTO MAIA,M,24/02/1963,Válido,65
65765,115,Suplente,LUIZ ANTONIO FRAGA DOS SANTOS,LUIZ DO CLORO,M,22/08/1963,Válido,65
65777,209,Suplente,MIZAEL TRINDADE FERREIRA,MIZAEL TRINDADE,M,07/09/1966,Válido,65
65834,11,Suplente,CARLOS RIBEIRO DE OLIVEIRA,CARLOS RIBEIRO,M,16/05/1955,Válido,65
65147,7304,Eleito,ALMIR FERNANDO ALVES,ALMIR FERNANDO,M,11/04/1966,Válido,65
65699,68,Suplente,VALDOMIRO FRANCISCO BARBOSA FILHO,MIRO TREINADOR,M,28/03/1962,Válido,65
65321,2443,Suplente,EURICO FREIRE DA SILVA JUNIOR,EURICO FREIRE,M,05/09/1967,Válido,65
65651,141,Suplente,ALEXANDRE CHAVES LEAL DA SILVA,ALEXANDRE CHAVES,M,19/09/1982,Válido,65
65999,1085,Suplente,RAFAEL NUNES DA SILVA,RAFAEL DO CULTURA VIVA,M,19/09/1982,Válido,65
65100,2155,Suplente,JOSÉ LUÍS SIMÕES,PROF ZÉ LUÍS,M,27/11/1972,Válido,65
65105,155,Suplente,HERMÍNIA BEZERRA DA SILVA,NINA BEZERRA,F,13/08/1979,Válido,65
65500,421,Suplente,ANDRÉ DINIZ GONÇALVES,PROFESSOR DINIZ,M,14/09/1973,Válido,65
65556,136,Suplente,MARCOS ANDRÉ BATISTA,MARCOS DA SOPA,M,20/05/1978,Válido,65
65200,304,Suplente,JOSÉ PAULO DA SILVA FILHO,MESTRE DUVALE ROMUALDO,M,24/09/1963,Válido,65
65720,61,Suplente,FRANCISCO SOARES DA SILVA,CHICÃO DO SERTÃO,M,01/06/1961,Válido,65
65242,182,Suplente,ERIVAN CORREIA DA SILVA,ERIVAN CORREIA,M,10/01/1986,Válido,65
65124,14,Suplente,VERA LÚCIA DE MELO,VERINHA,F,31/12/1969,Válido,65
65000,1610,Suplente,EDILSON FRANCISCO DA SILVA,EDILSON SILVA,M,02/07/1968,Válido,65
65111,381,Suplente,JOSÉ IREMAR DE MORAIS JUNIOR,IREMAR JUNIOR,M,28/01/1976,Válido,65
90010,1120,Suplente,JAIR OLIVEIRA VIEIRA DE SOUZA,PROFESSOR JAIR,M,10/10/1973,Válido,90
90268,28,Suplente,PAULO OLIMPIO DE SÁ MENEZES FILHO,PAULO OLIMPIO SÀ,M,09/08/1987,Válido,90
90001,96,Suplente,HENRIQUE ALVES DE LUCENA,HENRIQUE LUCENA,M,08/05/1966,Válido,90
90312,106,Suplente,ANA MIRIAN DA CONCEIÇÃO DA SILVA,MIRIAM,F,21/04/1995,Válido,90
90699,3,Suplente,DAVI DA COSTA LIMA,DAVI VALENTE,M,22/02/1983,Válido,90
90122,36,Suplente,CARLA ALESSANDRA BARBOSA PERES,CARLA PERES,F,20/01/1984,Válido,90
90666,69,Suplente,ROSELI RAMOS SENA,ROSELI SENA,F,12/02/1976,Válido,90
90017,273,Suplente,EDELSON PEREIRA DOS SANTOS,EDELSON BENÇA,M,27/05/1972,Válido,90
90444,81,Suplente,MARIA APARECIDA BRILHANTE DAMASCENO,DRA. CIDA BRILHANTE,F,01/06/1969,Válido,90
90981,268,Suplente,JOSENILDO TEIXEIRA DA SILVA,JOSENILDO TEIXEIRA,M,23/02/1981,Válido,90
90777,477,Suplente,GILSON FRANCISCO DA SILVA,PASTOR GILSON ,M,18/06/1966,Válido,90
90333,380,Suplente,UBIRACI DA SILVA,MISSIONARIO UBIRACI,M,01/01/1969,Válido,90
90909,152,Suplente,ANDRESA CARMEN DE CASTRO VIEIRA,PROFESSORA ANDRESA,F,19/04/1976,Válido,90
90000,414,Suplente,LUIZ FERREIRA DA SILVA NETO,PROFESSOR LUIZINHO,M,13/10/1968,Válido,90
90575,251,Suplente,SALETE MARQUES DO NASCIMENTO, SALETE MARQUES,F,25/01/1977,Válido,90
90567,555,Suplente,ADRIANO LOURENÇO MARQUES,ADRIANO DO IBURA,M,14/04/1979,Válido,90
90222,62,Suplente,FABIO EDUARDO TEIXEIRA DE LIMA CUNHA,FABIO ACÙSTICO,M,02/02/1993,Válido,90
90250,56,Suplente,MARCOS ANTONIO ALVES DE OLIVEIRA,MARCOS ANTONIO,M,05/08/1969,Válido,90
90654,81,Suplente,DOMINGOS FRANCELINO DOS SANTOS,IRMÃO DOMINGOS,M,30/11/1970,Válido,90
90620,2409,Suplente,IVO IRINEU BISPO,IVO DO ARMAZEM,M,18/11/1976,Válido,90
90123,2068,Suplente,ALMIR VASCONCELOS RAMOS,ALMIR VASCONCELOS,M,13/09/1979,Válido,90
90455,68,Suplente,EDNEIDE FRANCISCA DE OLIVEIRA,EDNEIDE OLIVEIRA,F,27/12/1960,Válido,90
90008,70,Suplente,JOSE CARLOS DE MELLO CABRAL,DR. JOSE CARLOS,M,08/09/1955,Válido,90
90900,3278,Eleito,JOSE LOURENÇO DE SOBRAL NETO,ZE NETO,M,20/08/1981,Válido,90
90555,637,Suplente,GABRIEL LIMA DA SILVA,GABRIEL LIMA,M,09/06/1991,Válido,90
90300,25,Suplente,MIRIAM DE FRANÇA,MIRIAM DO ARTESANATO,F,16/05/1965,Válido,90
90377,125,Suplente,JADIR CORREIA DOS SANTOS,JADIR DO RECIFE,M,24/04/1977,Válido,90
90190,977,Suplente,JURANDIR BEZERRA PAZ,JURANDIR PAZ JUBA,M,10/08/1966,Válido,90
90500,659,Suplente,ANA CRISTINA DA SILVA SANTOS,ANA DO POVO,F,09/09/1976,Válido,90
90543,2,Suplente,RUBENS GABRIEL BENEVIDES,RUBENS BENEVIDES,M,02/11/1999,Válido,90
90237,36,Suplente,ILKA RODRIGUES DA SILVA,ILKA BRIGIT,F,26/03/1983,Válido,90
90690,301,Suplente,JOSÉ REINALDO WANDERLEY RAMOS DE SIQUEIRA,REINALDO SIQUEIRA,M,04/06/1978,Válido,90
90007,132,Suplente,JOSE LUIZ FERREIRA,LUIZINHO CABELEIREIRO,M,19/12/1967,Válido,90
90019,201,Suplente,MARIA DO CARMO FIGUEIREDO FRANÇA DE SOUZA,CARMO PROTEÇÃO,F,16/07/1975,Válido,90
90270,57,Suplente,JOSENALDO FERREIRA DE LIMA,JORGE DE MERCIA,M,04/01/1973,Válido,90
90600,22,Suplente,MIRNA DOS SANTOS FERREIRA AGUIAR,MIRNA AGUIAR,F,15/05/1982,Válido,90
90147,11,Suplente,GLEICE DA SILVA BANDEIRA,GLEICE BANDEIRA,F,15/11/1974,Válido,90
90121,199,Suplente,JOAO LUIS DA SILVA JUNIOR,PROFESSOR JOAO LUIS,M,15/02/1975,Válido,90
90800,644,Suplente,FAUSTO CLAUDINO PINTO FILHO,FAUSTO FILHO,M,26/03/1983,Válido,90
90369,188,Suplente,JADEILSON CARLOS DA SILVA,FIO JADEILSON,M,11/10/1976,Válido,90
90009,140,Suplente,LEANDRA CRISTINA DA SILVA,LEANDRA SILVA,F,29/03/1983,Válido,90
90234,1154,Suplente,JOAO RAMOS DO NASCIMENTO,JOÃO RAMOS,M,02/07/1970,Válido,90
90999,1217,Suplente,JOSE HILTON RIBEIRO DE BARROS, HILTON RIBEIRO,M,20/08/1959,Válido,90
90789,756,Suplente,SEVERINO GABRIEL BELTRAO,GABRIEL,M,15/04/1948,Válido,90
90111,726,Suplente,MARIA DE LOURDES DA SILVA,IRMA LOURDES,F,31/08/1967,Válido,90
90464,519,Suplente,SILVIO ALVES DE LUCENA FILHO,SILVIO LUCENA ,M,01/09/1957,Válido,90
17166,1046,Suplente,HENRIQUE DE ALMEIDA CONDE,HENRIQUE CONDE,M,09/11/1955,Válido,17
17777,1945,Suplente,EDILSON GOMES DE MELO,EDILSON DO METRÔ,M,28/10/1964,Válido,17
17217,104,Suplente,ELTON DE SANTANA FERREIRA,ELTON CELL,M,14/04/1988,Válido,17
17620,316,Suplente,OTONIEL PEREIRA DE OLIVEIRA,TONINHO DE BOÁS,M,10/05/1970,Válido,17
17677,64,Suplente,PAULO PACIFICO DOS SANTOS JUNIOR,PAULO PACÍFICO,M,03/07/1975,Válido,17
17317,44,Suplente,BRUNO ROBERTO MEDEIROS DE OLIVEIRA,BRUNO MEDEIROS,M,23/11/1993,Válido,17
17500,473,Suplente,SÉRGIO RICARDO PENA,SÉRGIO PENA,M,30/07/1965,Válido,17
17444,218,Suplente,ANDREA GADELHA ALVES CARDOSO,ANDRÉA GADÊLHA,F,02/10/1965,Válido,17
17321,665,Suplente,RONALDO LUIZ GOMES RIBEIRO,RONALDINHO,M,17/02/1955,Válido,17
17140,402,Suplente,JAILZA CHRISTINE SILVA REIS,IRMÃ JAILZA,F,17/12/1970,Válido,17
17117,273,Suplente,ELBÂNIA SEVERINA DOS SANTOS,ELBA SANTOS,F,29/08/1973,Válido,17
17600,27,Suplente,PEDRO PERSON MARQUES DA SILVA JUNIOR,PEDRO DO TREM BALA,M,02/08/1984,Válido,17
17617,585,Suplente,JOSÉ PEPE RODRIGUEZ CAL,PEPE CAL,M,20/12/1960,Válido,17
17170,258,Suplente,JOSSELITON JOSE DOMINGOS DA SILVA,JOSSELITON DOMINGOS TELO,M,19/12/1970,Válido,17
17111,549,Suplente,ALEXANDRE JOSE DE ARAUJO ALEIXO,IRMÃO ALEXANDRE DA SAÚDE,M,05/09/1973,Válido,17
17192,440,Suplente,ALEXANDRE DOS SANTOS,ALEXANDRE TECNICO ENFERMAGEM,M,27/03/1969,Válido,17
17609,1188,Suplente,HENRIQUE DA COSTA LEITE,HENRIQUE DA COSTA LEITE,M,23/03/1969,Válido,17
17616,1103,Suplente,LUCIANO MARQUES DA SILVA,BECINHA,M,19/04/1987,Válido,17
17147,40,Suplente,ROSANGELA MARIA CAVALCANTI,ROSANGELA CAVALCANTI,F,07/11/1954,Válido,17
17127,32,Suplente,MARIZA DURVAL SANTIAGO,MARIZA,F,17/08/1972,Válido,17
17998,378,Suplente,LUIZ AZUIRSON DA SILVA JUNIOR,LUIZ AZUIRSON,M,10/12/1959,Válido,17
17000,321,Suplente,NILDO ALBUQUERQUE RESENDE,NILDO RESENDE,M,12/09/1949,Válido,17
17012,458,Suplente,HAROLDO FERNANDES DUARTE JUNIOR,HAROLDO DENTISTA,M,04/08/1973,Válido,17
17017,2093,Suplente,THIAGO DIAS PEREIRA,THIAGO DIAS,M,25/12/1978,Válido,17
17615,798,Suplente,JOSUEL CIRILO DOS SANTOS,IRMÃO JOSUÉ,M,29/05/1969,Válido,17
17999,2302,Eleito,JOSUÉ VARELA DE OLIVEIRA,DODUEL VARELA,M,22/08/1963,Válido,17
17517,202,Suplente,EDSON SILVA DA COSTA,EDSON NEGO BOM,M,17/12/1965,Válido,17
17700,608,Suplente,BRUNA KARINA ANASTÁCIA GOMES DA SILVA,BRUNA KARINA,F,18/11/1992,Válido,17
17717,6,Suplente,ROSE MARY VIEIRA FERNANDES,ROSE FERNANDES,F,27/07/1953,Válido,17
17887,193,Suplente,JOSE PASTOR SILVA AVELINO,ZÉ PASTOR,M,04/03/1988,Válido,17
17027,41,Suplente,BRUNO DA SILVA LOPES,BRUNO LOPES,M,19/06/1988,Válido,17
17577,161,Suplente,PAULO JOSÉ FERREIRA JUNIOR,PAULO JÚNIOR,M,11/03/1983,Válido,17
17888,15,Suplente,SERGIO MARTINS LEITE,SERGIO MARTINS LEITE,M,26/02/1971,Válido,17
17250,100,Suplente,CLÁUDIO NUNES CAVALCANTI,CLÁUDIO CAVALCANTI,M,26/02/1956,Válido,17
17222,108,Suplente,CARLOS FIRMINO DO NASCIMENTO,CARLÃO DA SAÚDE,M,05/01/1981,Válido,17
17377,213,Suplente,JOSE JAIME RODRIGUES DE QUEIROZ,JAIME QUEIROZ,M,07/03/1959,Válido,17
17555,497,Suplente,WENDEL FELIX DOS SANTOS,WENDEL FELIX,M,24/11/1979,Válido,17
17462,66,Suplente,PEDRO BARBOSA DE LIMA FILHO,PEDRINHO,M,07/08/1947,Válido,17
17146,67,Não eleito,STEFANY GLEYCY DOS SANTOS,STEFANY SANTOS,F,14/08/1990,Anulado,17
17277,63,Suplente,JOSEANE SANTANA BARBOSA,JOSEANE BARBOSA,F,26/08/1972,Válido,17
17007,532,Suplente,LUIZ ALVES GUIMARÃES FILHO,LUIZINHO,M,14/02/1953,Válido,17
17190,203,Suplente,JOAQUIM FORTUNATO DA SILVA,SARGENTO FORTUNATO,M,02/10/1972,Válido,17
17137,17,Suplente,NEUSA MARIA ALVES OLIVEIRA BARROS,NEUSA ALVES,F,02/04/1958,Válido,17
17789,230,Suplente,MANOEL RAMOS DA SILVA NETO,MANOEL RAMOS (MANECO),M,18/03/1960,Válido,17
17077,81,Suplente,ANTONIO NAVARRO DE OLIVEIRA JUNIOR,NAVARRO JUNIOR,M,29/05/1972,Válido,17
17714,123,Suplente,CAROLINA GOES DE ALENCAR,CAROL ALENCAR,F,14/07/1978,Válido,17
17333,16,Suplente,RAIMUNDA CAVALCANTE,RAY,F,12/07/1945,Válido,17
17800,54,Suplente,ADRIANA GOMES DE SOUZA,ADRIANA SOUZA,F,19/09/1966,Válido,17
17001,222,Suplente,HOSANA GUILHERME DOS SANTOS,HOSANA JANE,F,30/09/1969,Válido,17
17100,335,Suplente,JAIRO JOSÉ FRANCISCO METODIO,JAIRO METÓDIO,M,02/09/1969,Válido,17
17024,141,Suplente,JULIO CESAR AMORIM NUNES MAIA,JULIO CESAR MAIA,M,28/08/1990,Válido,17
17123,1019,Suplente,JOSE CUNTO GUERREIRO NETO,NETO GUERREIRO,M,18/04/1965,Válido,17
17458,103,Suplente,MARIA DE JESUS LOPES MARQUES BARBOSA,MENININHA,F,08/04/1966,Válido,17
17666,94,Suplente,ARISVAL BASANTE DE SÁ FILHO,ARISVAL MORNINGSTAR,M,10/09/1993,Válido,17
17200,127,Suplente,GERVASIO PEREIRA DO NASCIMENTO NETO,COMANDANTE NASCIMENTO,M,23/11/1985,Válido,17
17917,135,Suplente,ANA TEREZA CAVENDISH CAVALCANTI LIMA,ANA CAVENDISH,F,19/07/1958,Válido,17
17057,102,Suplente,WANESSA FIGUEIREDO FERREIRA,WANESSA FIGUEIREDO,F,31/01/1982,Válido,17
17900,43,Suplente,RICARDO JOSÉ CAVALCANTI LYRA,RICARDO LYRA CORONEL,M,14/01/1952,Válido,17
50190,1790,Suplente,ANA CRISTINA NASCIMENTO FREIRE,ANA FREIRE,F,31/01/1987,Válido,50
50177,74,Suplente,SEVERINO GENARIO DA SILVA,SEVERINO MOTOBOY,M,11/09/1977,Válido,50
50123,2240,Suplente,ÁUREO CISNEIROS LUNA FILHO,ÁUREO CISNEIROS,M,19/05/1971,Válido,50
50130,273,Suplente,WELL CARLOS DA SILVA,WELL,M,17/06/1987,Válido,50
50508,485,Suplente,JOSÉ CARLOS PANTALEÃO DA SILVA,PANTALEÃO COLETIVA,M,09/03/1964,Válido,50
50100,6319,Eleito,IVAN VASCONCELLOS DE MORAES FILHO,IVAN MORAES,M,24/05/1976,Válido,50
50150,597,Suplente,IVONALDO MARCOS DE LIMA,BELLOTO,M,24/05/1976,Válido,50
50021,393,Suplente,GUTEMBERG DOS SANTOS CAVALCANTI,PROF. GUTEMBERG CAVALCANTI,M,25/06/1969,Válido,50
50444,208,Suplente,GUTEMBERGUE PEREIRA DE OLIVEIRA,GUTEMBERGUE MOBILIDADE,M,19/12/1984,Válido,50
50650,1402,Suplente,DANIEL TADEU UCHÔA MATEUS,DANIEL UCHÔA,M,19/12/1982,Válido,50
50013,131,Suplente,JEAN ALVES DA SILVA,JEAN DO TAMOJUNTOS,M,19/05/1978,Válido,50
50789,47,Suplente,JOEL MARQUES DA SILVA,JOEL MARQUES LEVITA,M,14/11/1952,Válido,50
50555,1009,Suplente,PEDRO HENRIQUE SIQUEIRA SANTOS,PEDRO STILO,M,07/02/1990,Válido,50
50027,569,Suplente,MYRELLA VITÓRIA SANTANA DOS SANTOS,MYRELLA SANTANA,F,27/07/2001,Válido,50
50456,191,Suplente,SANDRA REGINA DA COSTA,SANDRA COSTA,F,17/08/1957,Válido,50
50420,2965,Suplente,ELAINE CRISTINA DA SILVA,ELAINE PRETAS JUNTAS,F,05/12/1982,Válido,50
50260,83,Suplente,ECLITON JOSE FIGUEIREDO,ECLITON FIGUEIREDO,M,20/03/1977,Válido,50
50222,427,Suplente,ROBSON FERNANDO BARBOSA DE ALCANTARA,ROBINHO DA AUTO ESCOLA,M,17/06/1972,Válido,50
50050,884,Suplente,ANNA KARLA DA SILVA PEREIRA,KARLA RECIFE RESISTE,F,28/06/1983,Válido,50
50000,14114,Eleito,DANIELLE GONDIM PORTELA,DANI PORTELA,F,16/02/1975,Válido,50
50522,62,Suplente,MICÉLIA SIMPLICIO DE SOUZA,MICÉLIA SIMPLICIO,F,07/05/1975,Válido,50
50180,1044,Suplente,LAÍSA ARAÚJO DA SILVA,LAÍSA ECOLETIVA,F,08/07/1997,Válido,50
20615,434,Suplente,JOSÉ ANTÔNIO PESSOA DE ARAGÃO,ARAGÃO,M,10/09/1958,Válido,20
20023,189,Suplente,LEANDRO DA SILVA VIANA,LEANDRO VIANA,M,23/02/1995,Válido,20
20600,8104,Eleito,PAULO RENATO ANTUNES GUIMARÃES,RENATO ANTUNES,M,16/01/1981,Válido,20
20622,2096,Suplente,GERMANA SOARES SAMPAIO DE LACERDA,GERMANA LACERDA,F,23/04/1973,Válido,20
20633,579,Suplente,RENILDO ANTÔNIO FEITOZA,PR RENILDO FEITOZA,M,08/04/1981,Válido,20
20021,1355,Suplente,JOSUÉ HUGO DOS SANTOS ESTEVES,HUGO ESTEVES,M,01/09/1961,Válido,20
20123,308,Suplente,JAIRO SOARES DA SILVA JUNIOR,JJ DO POVO,M,05/08/1986,Válido,20
20234,7,Suplente,MARCELA CINTIA DA SILVA,MARCELA SILVA,F,04/03/1989,Válido,20
20362,89,Suplente,FLÁVIO SILVA DOS SANTOS,FLÁVIO BARONE,M,20/08/1974,Válido,20
20041,290,Suplente,KLEBERSON BATISTA DA COSTA,KLEBERSON COSTA,M,06/12/1988,Válido,20
20333,1298,Suplente,NELSON MONTEIRO COSTA NETTO,NELSON MONTEIRO,M,17/12/1984,Válido,20
20613,891,Suplente,TIAGO CAVALCANTI XAVIER,PROFESSOR TIAGO XAVIER,M,11/12/1981,Válido,20
20888,376,Suplente,ALZENILDO JOSÉ PEREIRA DA SILVA,NILDO REGENTE,M,16/04/1963,Válido,20
20222,3715,Suplente,RONALDO LOPES DA SILVA,RONALDO LOPES,M,01/03/1987,Válido,20
20612,228,Suplente,RAFAEL PEREIRA DE OLIVEIRA,RAFAEL SCHEIK,M,11/10/1988,Válido,20
20221,145,Suplente,JOSÉ MARCELO DA SILVA,IRMÃO MARCELO DA ÁGUA,M,25/12/1982,Válido,20
20201,545,Suplente,UBIRAJARA ALVES DO NASCIMENTO,PR BIRA O PASTOR DO POVO,M,06/04/1982,Válido,20
20369,189,Suplente,ELIZETE CHAVES DA SILVA ARAÚJO,ELIZETE JOVEM,F,18/04/1967,Válido,20
20227,43,Suplente,ENILDA BORGES DA SILVA,ENILDA BORGES,F,16/11/1961,Válido,20
20638,157,Suplente,SANDRA HELENA BARBOSA DE QUEIROZ,SANDRA QUEIROZ,F,22/03/1963,Válido,20
20210,269,Suplente,LINDINALDO TOMÉ DE LIMA,IRMÃO NADO,M,24/09/1969,Válido,20
20048,165,Suplente,CARMELINDA MARQUES,CARMEM,F,23/09/1971,Válido,20
20000,290,Suplente,TIBÉRIO PRAXAR GOUVEIA LOPES,PROF TIBÉRIO PRAXAR,M,02/03/1974,Válido,20
20555,240,Suplente,MARIA INÊS PESSOA DOS SANTOS,INÊS DO AEROPORTO,F,15/10/1963,Válido,20
20999,876,Suplente,FLÁVIO FERREIRA DE ARAÚJO,FLÁVIO FERREIRA,M,12/05/1974,Válido,20
20120,4681,Eleito,FELIPE ESPÍNDOLA ALECRIM,FELIPE ALECRIM,M,04/09/1981,Válido,20
20002,115,Suplente,LUZINETE MARIA DA SILVA,NETA DA FEIJOADA,F,13/06/1954,Válido,20
20800,87,Suplente,LUCINEIDE VICENTE SOARES DE SOUZA,NEIDE DAS CRIANÇAS,F,10/08/1976,Válido,20
20900,1884,Suplente,UBIRAJARA EMANUEL TAVARES DE MELO FILHO,BIRA DA UNIVERSO,M,09/05/1964,Válido,20
20020,1378,Suplente,CRISTIANNE GOMES VALOIS CATEL,CRIS CATEL,F,29/08/1969,Válido,20
20207,154,Suplente,MARCELO JOSÉ DE LIMA,PROFESSOR MARCELO LIMA,M,02/12/1965,Válido,20
20180,2,Suplente,CINTIA MICHELE OLIVEIRA DE MEDEIROS,CINTIA MEDEIROS,F,21/11/1983,Válido,20
20100,2231,Suplente,SÉRGIO DOS SANTOS,PASTOR SÉRGIO SANTOS,M,10/05/1954,Válido,20
20111,1209,Suplente,CARLOS ANTONIO DA SILVA,CARLOS DA MARCENARIA,M,10/05/1979,Válido,20
20007,161,Suplente,MARIA MARCOS CARVALHO DE OLIVEIRA,MARIA OLIVEIRA,F,15/12/1986,Válido,20
20611,488,Suplente,ROGÉRIO SEVERINO DA SILVA,ROGÉRIO SILVA,M,29/08/1976,Válido,20
20654,5,Suplente,VIVIANE FERREIRA BARBOSA,NANA,F,26/01/1981,Válido,20
20200,313,Suplente,LUIZ CLAUDIO FERREIRA,CAPITÃO FERREIRA DO 4O BPE,M,20/03/1965,Válido,20
20118,472,Suplente,ISMAEL LUIZ DOS SANTOS,PASTOR ISMAEL SANTOS,M,22/04/1988,Válido,20
20621,179,Suplente,ANDERSON MARROCOS DE ARRUDA,ANDERSON MARROCOS,M,15/10/1976,Válido,20
20318,1,Suplente,ALZIENE OLIVEIRA SEVERIANO,ALZI,F,25/02/1973,Válido,20
20644,682,Suplente,MARÍLIA LORDSLEEM DE MENDONÇA,MARILIA MENDONÇA,F,29/11/1993,Válido,20
20500,168,Suplente,EMERSON LARDIÃO DE SOUZA,EMERSON LARDIÃO,M,28/12/1987,Válido,20
20202,169,Suplente,ALBERES JOSÉ SOARES,POPO DA KOMBI,M,11/11/1979,Válido,20
20190,2239,Suplente,LUIZ DE FRANÇA E SILVA MEIRA,CORONEL MEIRA,M,07/01/1958,Válido,20
20677,653,Suplente,PAULO DOUGLAS FIGUEIREDO REIS CORRÊA,PAULO DOUGLAS,M,28/11/1990,Válido,20
20444,2302,Suplente,ANTÔNIO CARLOS CAVALCANTI SILVA,CARLINHOS,M,03/12/1982,Válido,20
20777,859,Suplente,VALDEMAR FRANCISCO DE MELO FILHO,IRMÃO VALDEMAR MELO TAXISTA,M,27/10/1951,Válido,20
20279,68,Suplente,WILLAMS FULCO DE SANTANA,WILLAMS FULCO,M,08/09/1986,Válido,20
20044,50,Suplente,SEVERINO HONÓRIO DA SILVA FILHO,SEVERINO DA PAZ,M,01/12/1965,Válido,20
20380,1300,Suplente,OSVALDO MATOS DE MELO NETO,OSVALDO NETO,M,06/06/1997,Válido,20
20920,240,Suplente,PAULO HENRIQUE SIQUEIRA DO NASCIMENTO,PAULO DA CHARQUE,M,11/09/1971,Válido,20
20620,8407,Eleito,FREDERICO MENEZES DE MOURA SOBRINHO FERREIRA,FRED FERREIRA,M,20/09/1977,Válido,20
20456,295,Suplente,FLÁVIO ALVES DOS SANTOS,FLÁVIO DA ÁGUA,M,15/03/1979,Válido,20
20220,270,Suplente,GABRIEL CAMPOS RODRIGUES,GABRIEL CAMPOS,M,23/10/1997,Válido,20
20159,113,Suplente,ANA LUCIA DA SILVA CALDAS,IRMÃ ANA LUCIA,F,10/03/1959,Válido,20
40011,1329,Suplente,SILVIO LUIZ BORBA DA SILVA,KUKI,M,30/04/1971,Válido,40
40190,1061,Suplente,MICHELLE DE MELO BORBA,MICHELLE MELO,F,01/05/1980,Válido,40
40045,29,Suplente,JOSELÚCIA MARIA FERREIRA DE SANTANA,LUCIA LUCENA,F,16/03/1958,Válido,40
40540,7342,Suplente,RINALDO ALVES DE LIMA JUNIOR,RINALDO JUNIOR,M,18/06/1982,Válido,40
40020,267,Suplente,VILMA MARIA FERREIRA,VILMA FERREIRA,F,05/02/1972,Válido,40
40888,10062,Eleito,ADERALDO DE OLIVEIRA FLORÊNCIO,ADERALDO PINTO,M,14/01/1966,Válido,40
40001,1369,Suplente,NELIO FERNANDO DA FONSECA AGUIAR E SILVA,PROF. NELIO FONSÊCA,M,15/07/1989,Válido,40
40240,608,Suplente,FRED WILLAMS OLIVEIRA DA SILVA,FRED OLIVEIRA,M,23/09/1995,Válido,40
40500,7889,Eleito,LUIZ EUSTAQUIO RAMOS NETO,LUIZ EUSTAQUIO,M,25/12/1961,Válido,40
40222,1726,Suplente,CÂNDIDA VALÉRIA SANTOS BOMFIM,CÂNDIDA BOMFIM,F,22/03/1964,Válido,40
40000,7192,Suplente,MARCOS ANTÔNIO GOMES DA SILVA JÚNIOR,MARCOS DI BRIA JR,M,15/08/1989,Válido,40
40150,3763,Suplente,AIMÉE SILVA DE CARVALHO,IRMÃ AIMÉE,F,16/08/1954,Válido,40
40555,11500,Eleito,ROMERO JATOBÁ CAVALCANTI NETO,ROMERINHO JATOBÁ,M,04/10/1986,Válido,40
40777,130,Suplente,NILSON FERREIRA DE OLIVEIRA,PAQUITO,M,11/10/1973,Válido,40
40022,443,Suplente,REGINALDO PEREIRA MENDONÇA,REGI MENDONÇA,M,19/08/1961,Válido,40
40999,5847,Suplente,CLETO CORREIA LIMA JUNIOR,JR. DE CLETO,M,27/08/1979,Válido,40
40112,7429,Eleito,JOSELITO FERREIRA DA SILVA,JOSELITO FERREIRA,M,17/08/1966,Válido,40
40140,8379,Eleito,ALCIDES TEIXEIRA NETO,ALCIDES TEIXEIRA NETO,M,24/06/1973,Válido,40
40654,10037,Eleito,LUIZ FELIPE CÂMARA DE OLIVEIRA PONTES,FELIPE FRANCISMAR,M,10/01/1989,Válido,40
40666,6580,Suplente,ANTONIO LUIZ DA SILVA NETO,ANTONIO LUIZ NETO,M,24/05/1956,Válido,40
40013,641,Suplente,CAMILA CLAUDIA ALVES DE BARROS,CAMILA BARROS,F,31/07/1985,Válido,40
40028,10393,Eleito,HELIO BATISTA DE OLIVEIRA,HELIO GUABIRABA,M,21/11/1959,Válido,40
40002,547,Suplente,FABIOLA CAVALCANTI MACIEL DA SILVA,FABIOLA MACIEL,F,23/11/1972,Válido,40
40622,39,Suplente,INOLY FAUSTINO BRAGA,IZA,F,22/03/1994,Válido,40
40680,790,Suplente,MAURILIO MUNIZ DA SILVA,MAURILIO MUNIZ,M,01/04/1967,Válido,40
40615,3215,Suplente,JADEVAL MANOEL DE LIMA,JADEVAL DE LIMA,M,02/05/1970,Válido,40
40200,140,Suplente,CELSO XAVIER DE ALENCAR,CELSO ALENCAR,M,28/09/1959,Válido,40
40111,6574,Suplente,ANTONIO BATISTA DE MOURA FILHO,TOINHO DA UNIÃO,M,29/10/1967,Válido,40
40707,60,Suplente,MARÍLIA MOTA DE SOUZA ROCHA,IRMÃ MARÍLIA ROCHA,F,04/07/1965,Válido,40
40640,4411,Suplente,AUGUSTO JOSÉ CARRERAS CAVALCANTI DE ALBUQUERQUE,AUGUSTO CARRERAS,M,13/09/1972,Válido,40
40123,8424,Eleito,NATÁLIA RAYANE COUTO BARBOSA,NATÁLIA DE MENUDO,F,11/04/1992,Válido,40
40644,906,Suplente,DANIEL JOSÉ OLIVEIRA ANDRÉ GOMES,DANIEL ANDRÉ GOMES,M,08/03/1980,Válido,40
40623,8586,Eleito,CARLOS EDUARDO MUNIZ PACHECO,CARLOS MUNIZ,M,16/08/1966,Válido,40
40147,1,Suplente,JULIANA MARTINS CADETE,JULIANA MARTINS,F,16/11/1994,Válido,40
40012,1463,Suplente,EDUARDO AMÂNCIO DA SILVA,EDUARDO AMÂNCIO,M,30/07/1983,Válido,40
40040,3147,Suplente,JOÃO URBANO BEZERRA SUASSUNA,JOÃO SUASSUNA,M,02/09/1985,Válido,40
40678,1656,Suplente,JOSÉ EVALDO COSTA,EVALDO COSTA,M,20/02/1955,Válido,40
40122,10498,Eleito,DAVI BERNARDO MUNIZ,DAVI MUNIZ,M,12/05/1981,Válido,40
40100,5406,Suplente,AERTO DE BRITO LUNA,AERTO LUNA,M,29/07/1964,Válido,40
40900,814,Suplente,LIDIA BRUNES SILVA DE SOUZA,LIDIA BRUNES,F,15/02/1980,Válido,40
40699,7706,Eleito,EDUARDO AMORIM MARQUES DA CUNHA,EDUARDO MARQUES,M,26/03/1969,Válido,40
40444,5577,Suplente,MARIA GORETTI CORDEIRO DE QUEIROZ,GORETTI QUEIROZ,F,17/01/1962,Válido,40
40456,7539,Eleito,JOSÉ WILTON DE BRITO CAVALCANTI,WILTON BRITO,M,31/07/1958,Válido,40
40226,22,Suplente,JASMIM FLAVIANY DE LIRA LEMOS,JASMIM LEMOS,F,26/02/1987,Válido,40
40424,6312,Suplente,BENJAMIM GONÇALVES DA SILVA JUNIOR,BENJAMIM DA SAÚDE,M,10/01/1975,Válido,40
36269,45,Não eleito,JOSE RICARDO DAS NEVES,RICARDO DO CAVACO,M,29/04/1969,Válido,36
36333,808,Não eleito,LEVI JUDSON DE ARRUDA MENESES,LEVI ARRUDA DE ECLESIO,M,13/01/1969,Válido,36
36888,32,Não eleito,MARIA DE LOURDES CABRAL PEREIRA,LOURDINHA CABRAL,F,16/09/1953,Válido,36
36478,117,Não eleito,ANA CRISTINA SANTOS SILVA,CRISTINA ESCOLINHA DE REFORÇO,F,15/11/1971,Válido,36
36111,184,Não eleito,ROSEANE BARROS BATISTA,ROSE BARROS,F,22/08/1984,Válido,36
36700,140,Não eleito,DULCIDIO COELHO CAVALCANTI,DR. DUCIDIO CAVALCANTI,M,24/12/1951,Válido,36
36242,101,Não eleito,JOAO BOSCO DOS SANTOS ALMEIDA,BOSCO CANTOR,M,18/12/1956,Válido,36
36321,259,Não eleito,EDUARDO MARQUES DA SILVA,EDUARDO JUCA,M,12/11/1983,Válido,36
36234,212,Não eleito,MARCELO COSMO DO NASCIMENTO,IRMÃO MARCELO,M,01/04/1970,Válido,36
36001,73,Não eleito,TAUARI JOSÉ DA COSTA FILHO,TAUARI ,M,24/10/1981,Válido,36
36126,395,Não eleito,ELIEL BARBOSA DE MOURA,ELIEL MOURA,M,31/05/1961,Válido,36
36007,495,Não eleito,MARCOS BATISTA DE MOURA,NENO FERRADOR,M,21/03/1976,Válido,36
36123,574,Não eleito,MARCOS ANTONIO RAMOS DA HORA,NEGRÃO ABENÇOADO,M,02/11/1963,Válido,36
36222,90,Não eleito,SERGIO DE FRANÇA NUNES,SERGIO DA DENGUE,M,10/01/1972,Válido,36
36000,397,Não eleito,SAMUEL GOMES BARBOSA,IRMÃO SAMUEL,M,09/11/1981,Válido,36
36013,0,Não eleito,MARIA DE FATIMA CORREIA PRAGANA,FATIMA PRAGANA,F,17/05/1959,Válido,36
36655,86,Não eleito,WELLINGTON ANDRISON DA SILVA,WELLINGTON DA GRÁFICA,M,01/09/1978,Válido,36
36038,90,Não eleito,WILSON ALEXSSANDRO PINHEIRO BEZERRA,PROFESSOR WILSON,M,21/12/1968,Válido,36
36777,221,Não eleito,BRUNO ALENCAR CAMPELO DE MELO,BRUNO ALENCAR,M,25/08/1988,Válido,36
36135,161,Não eleito,ALESSANDRA ALVES DE LIMA,ALESSANDRA ALVES,F,30/01/1977,Válido,36
36237,51,Não eleito,JORGE JOSE BARBOSA DA SILVA,PASTOR JORGE,M,23/04/1967,Válido,36
36636,45,Não eleito,EVERTON LUIZ CAFÉ DE MOURA E SILVA,EVERTON CAFÉ,M,20/11/1984,Válido,36
36036,456,Não eleito,RUSIDI SOARES DA SILVA,RUSIDI SOARES JUNTOS,M,13/11/1961,Válido,36
36789,200,Não eleito,BRUNO AUGUSTO RODRIGUES DE MORAES E SILVA,BRUNNO MORAIS,M,02/08/1990,Válido,36
36500,477,Não eleito,JARIO DA SILVA FIGUEIROA,JARIO FIGUEIROA,M,24/06/1963,Válido,36
36678,225,Não eleito,SEVERINO ASTROGILDO PESSOA,GILDO TV,M,21/01/1951,Válido,36
36112,76,Não eleito,FERNANDO JOSÉ DO NASCIMENTO JÚNIOR,IRMÃO FERNANDO ,M,14/09/1985,Válido,36
36998,81,Não eleito,JOEL BEZERRA DE SANT'ANA,SARGENTO BEZERRA,M,29/09/1959,Válido,36
36456,315,Não eleito,CHARISMA CRISTINA ALVES TOMÉ BELO,CHARISMA TOMÉ,F,04/10/1976,Válido,36
36300,158,Não eleito,ALESSANDRA DE SOUZA TORRES SARAIVA,DRA ALESSANDRA- BARBIE DO POVO,F,07/04/1978,Válido,36
36666,55,Não eleito,ALEXANDRE MAGNO MUNIZ DA ROCHA,ROCHINHA,M,05/08/1968,Válido,36
36100,356,Não eleito,EDSON CONSTANTINO DE LEMOS,EDSON MÂOZINHA,M,30/10/1957,Válido,36
36311,174,Não eleito,ZERONEIDE LOPES DA SILVA,NEIDE MEYRELLYS,F,17/10/1970,Válido,36
36122,63,Não eleito,MARLUCE CUSTODIO DA SILVA,MARLUCE BEBIDAS,F,18/07/1966,Válido,36
36999,126,Não eleito,GILSON LOPES DA SILVA,MESTRE GILSON LOPES,M,20/11/1981,Válido,36
14888,288,Não eleito,TANIA MARIA MENEZES DA SILVA,TANIA MENEZES,F,10/09/1961,Válido,14
14444,143,Não eleito,LILIAN ITALA DANTAS,LILIAN DANTAS,F,07/10/1979,Válido,14
14125,0,Não eleito,MARIA IMACULADA VERAS SIQUEIRA,MARIA IMACULADA,F,08/12/1952,Válido,14
14900,349,Não eleito,MARIOMAR MARTINS TEIXEIRA DE ALMEIDA,MARIOMAR TEIXEIRA,F,05/12/1967,Válido,14
14614,120,Não eleito,ANANIAS SALVADOR DE LIMA,ANANIAS LIMA,M,19/01/1959,Válido,14
14123,93,Não eleito,ERIVALDO JOSÉ DE ARRUDA,ERIVALDO ARRUDA,M,13/07/1966,Válido,14
14914,241,Não eleito,MARIA CANDIDA MARACAJA CAMPOS CEDRIM,CANDIDA SOL,F,10/06/1963,Válido,14
14210,0,Não eleito,MARIA INEZ DINIZ DE MEDEIROS,INES MEDEIROS,F,26/08/1953,Válido,14
43999,232,Não eleito,SÉRGIO ROBERTO DO NASCIMENTO,SÉRGIO NASCIMENTO,M,30/06/1966,Válido,43
43043,215,Não eleito,MARIA DA GRAÇA DE VASCONCELOS,GRAÇA VASCONCELOS,F,25/08/1952,Válido,43
43789,57,Não eleito,ARCILON BERNARDINO DE AMORIM,ARCILON AMORIM,M,23/11/1947,Válido,43
43670,11,Não eleito,LEANDRA HELENA PORTO BEZERRA,LEANDRA HELENA,F,10/07/1994,Válido,43
43214,49,Não eleito,FÁBIO VENICIO FRADIQUE BEZERRA,FÁBIO DOS PARAFUSOS,M,21/03/1984,Válido,43
43169,347,Não eleito,AGATÂNGELO JOSÉ DA SILVA,AGATÂNGELO SILVA,M,05/12/1974,Válido,43
43811,66,Não eleito,SANDRO SOARES DE LIMA,SANDRO SOARES JOSÉ DO PINHO,M,06/08/1972,Válido,43
43555,28,Não eleito,MARCOS ANDRÉ MACIEL TAVARES,MARCOS ANDRÉ,M,25/05/1976,Válido,43
43444,480,Não eleito,NELSON EVANGELISTA DE SOUSA FILHO,NELSINHO EVANGELISTA,M,08/06/1985,Válido,43
43343,76,Não eleito,ADRIANO VASCONCELOS CORDEIRO,ADRIANO CORDEIRO,M,03/09/1971,Válido,43
43321,128,Não eleito,MÁRCIO MARQUES DE SANT'ANNA,MARCIO MARQUES,M,02/01/1971,Válido,43
43210,409,Não eleito,ROMULO ANDRE VICENTE,PROFESSOR ROMULO VICENTE,M,05/11/1982,Válido,43
43334,1334,Não eleito,JOSEFA RENÊ SANTOS PATRIOTA,RENÊ PATRIOTA,F,27/06/1956,Válido,43
43876,140,Não eleito,ANTONIO CARLOS DE MOURA,FUSQUINHA MOURA,M,03/04/1976,Válido,43
43155,28,Não eleito,MARIA AUXILIADORA DA SILVA,DORA,F,27/06/1968,Válido,43
43000,395,Não eleito,TATIANA ROBERTA PIRES PORTO DA SILVA,BETINHA PORTO,F,29/11/1979,Válido,43
43456,21,Não eleito,JOSÉ SEVERINO DO NASCIMENTO,NASCIMENTO,M,03/11/1971,Válido,43
43245,73,Não eleito,JOSÉ CARLOS RODRIGUES DE ALMEIDA,CARRETA,M,13/10/1962,Válido,43
43369,285,Não eleito,MARIA VALESKA BERARDO PESSOA DE SOUZA,VALESKA,F,31/08/1973,Válido,43
43246,229,Não eleito,MAURÍCIO GOMES DE ALBUQUERQUE JUNIOR,MAURÍCIO BOLO,M,12/03/1983,Válido,43
43433,283,Não eleito,IVONETE CORREIA DE OLIVEIRA,IVONETE NANETE,F,29/07/1955,Válido,43
43259,147,Não eleito,ENOQUE ÂNGELO DE MELO,ENOQUE ÁGUA,M,26/07/1972,Válido,43
43777,59,Não eleito,MICHELINE KATTY DE LIMA,MICHELINE KATTY,F,03/02/1975,Válido,43
43202,171,Não eleito,ANA CLÁUDIA MIGUEL DA SILVA,ANA CLAUDIA PILAR,F,09/10/1987,Válido,43
43111,78,Não eleito,EDILEUSA PINHEIRO DA CUNHA,PROF. EDILEUSA,F,08/07/1960,Válido,43
43200,508,Não eleito,JOSÉ ROBERTO DE LIMA SALGADO,BETO SALGADO,M,19/02/1963,Válido,43
43222,236,Não eleito,SEVERINO CARLOS DE AMORIM,CARLOS AMORIM,M,03/05/1973,Válido,43
43300,375,Não eleito,ADEMIR URBANO DA SILVA,ADEMIR URBANO,M,01/02/1969,Válido,43
43500,267,Não eleito,JOÃO OSEIAS GONÇALVES DE MELO,JOÃO OSEIAS,M,04/07/1970,Válido,43
43888,1513,Não eleito,IRINALDO JOÃO DA SILVA,TADINHO JOÃO,M,16/09/1977,Válido,43
43333,381,Não eleito,JOSEMARIO LUCENA DA SILVA,PROFESSOR LUCENA,M,17/04/1966,Válido,43
43416,123,Não eleito,ELIAS PAULINO DA SILVA,ELIAS DO TERRA,M,25/12/1964,Válido,43
43657,138,Não eleito,ALBERTO AMBRÓSIO SERAFIM,BETO MOTO TÁXI,M,13/10/1967,Válido,43
43366,55,Não eleito,PAULO FERNANDO FERREIRA,PAULO VIOLA,M,29/03/1949,Válido,43
16016,224,Não eleito,SIMONE FONTANA,SIMONE FONTANA,F,11/10/1965,Válido,16
16112,86,Não eleito,EDNILDE DE ANDRADE MARANHÃO,EDNILDE,F,13/03/1947,Válido,16
16123,59,Não eleito,JOSÉ MARIANO DE MACEDO,PROFESSOR MARIANO,M,01/05/1965,Válido,16
13130,1340,Suplente,HENRIQUE DE OLIVEIRA LIMA,HENRIQUE COSTA,M,19/11/1985,Válido,13
13927,117,Suplente,EVERTON DE SANTANA SERPA,EVERTON SERPA,M,13/06/1988,Válido,13
13657,36,Suplente,TARCYTA DE SENA SANTOS DA SILVA,TARCYTA SENA,F,29/01/1998,Válido,13
13813,507,Suplente,ODIJAS ALMEIDA FERREIRA,ODIJAS ALMEIDA,M,02/12/1971,Válido,13
13900,120,Suplente,AGUSTINHO DA SILVA CARVALHO,AGUSTINHO CHAPEIRO,M,10/08/1966,Válido,13
13789,221,Suplente,JOSÉ SEVERINO DE OLIVEIRA,JOSÉ DE OLIVEIRA,M,02/05/1958,Válido,13
13500,175,Suplente,LINDINALVA AVELINO LINS CAVALCANTI,LINDINALVA LINDA,F,06/01/1974,Válido,13
13144,5802,Suplente,JOÃO DA COSTA BEZERRA FILHO,JOÃO DA COSTA,M,06/11/1960,Válido,13
13613,2517,Suplente,JURANDIR PEREIRA LIBERAL,JURANDIR LIBERAL,M,18/01/1949,Válido,13
13660,243,Suplente,ALAN KARDEC ALVES DA SILVA,ALAN KARDEC,M,02/02/1965,Válido,13
13313,281,Suplente,JOSÉ MATHEUS GOMES DE ARAÚJO,MATHEUS ARAÚJO,M,28/12/2000,Válido,13
13644,402,Suplente,ELIANE DA SILVA BEZERRA,ELIANE BEZERRA,F,24/03/1951,Válido,13
13131,4226,Suplente,FERNANDO DANTAS FERRO,FERNANDO FERRO,M,05/09/1951,Válido,13
13733,141,Suplente,IRACI SANTANA DA SILVA COLAÇO LAGOS,IRACI COLAÇO,F,10/11/1976,Válido,13
13417,31,Suplente,GEOVANI DE MORAES NASCIMENTO,GEOVANI FEDERAL,M,22/11/1977,Válido,13
13123,4084,Suplente,SUZINEIDE RODRIGUES DE MEDEIROS,SUZI RODRIGUES,F,03/03/1964,Válido,13
13001,6635,Eleito,JAIRO XAVIER DE BRITTO,PROFESSOR JAIRO BRITTO,M,11/02/1961,Válido,13
13013,1475,Suplente,FELIPE CURI PEREIRA DA SILVA,FELIPE CURY,M,15/04/1980,Válido,13
13333,83,Suplente,SEVERINO DOS RAMOS DA SILVA LIMA,LAYTO VIOLA,M,03/02/1966,Válido,13
13024,133,Suplente,EVELINE JOSEFA MONTEIRO,EVELINE MONTEIRO A ELEVELMOÇA,F,19/06/1971,Válido,13
13650,5838,Eleito,OSMAR RICARDO CABRAL BARRETO,OSMAR RICARDO,M,08/04/1966,Válido,13
13620,312,Suplente,WILBERT FERREIRA DE LIMA,PROF. WILBERT FERREIRA,M,05/03/1983,Válido,13
13000,1814,Suplente,ERMES FERREIRA COSTA NETO,ERMES COSTA,M,14/01/1984,Válido,13
13104,1106,Suplente,NECY JOSÉ DO CARMO SOARES,NECY SOARES,F,02/06/1984,Válido,13
13777,141,Suplente,DAVID JOSÉ DA SILVA,DAVID JOSÉ,M,18/10/1975,Válido,13
13100,6819,Eleito,LIANA CRISTINA DA COSTA CIRNE LINS,LIANA CIRNE,F,10/07/1971,Válido,13
13213,115,Suplente,ISRAEL HENRIQUE DA SILVA PEREIRA,ISRAEL PEREIRA,M,02/11/1973,Válido,13
13222,2811,Suplente,CARMEM DOLORES ALVES,CARMEM DOLORES,F,22/03/1960,Válido,13
77481,30,Suplente,SOLANGE DE SOUZA NASCIMENTO,SOLANGE NASCIMENTO,F,27/01/1963,Válido,77
77650,1833,Suplente,JOSÉ RICARDO FRAGOSO DE SIQUEIRA,RICARDO SERRALHEIRO,M,22/06/1952,Válido,77
77302,159,Suplente,CARLOS ALBERTO DO NASCIMENTO,CARLOS ALBERTO,M,15/10/1968,Válido,77
77010,43,Suplente,CLÁUDIA DIAS DA COSTA MEDEIROS,CLAUDINHA DE FERRERINHA,F,21/08/1964,Válido,77
77000,1315,Suplente,ELIAS FRANCISCO INÁCIO,ELIAS FRANCISCO,M,29/11/1965,Válido,77
77077,463,Suplente,EDSON XAVIER DA ROCHA JÚNIOR,PROFESSOR EDSON XAVIER,M,15/08/1983,Válido,77
77007,1,Suplente,AUGUSTO MIGUEL CRATO DOS REIS,AUGUSTINHO CARRARA,M,09/09/1985,Válido,77
77500,528,Suplente,IZABEL MARIA BARBOSA DA SILVA,BEL DA LOJINHA,F,10/08/1969,Válido,77
77192,162,Suplente,KÊNIA CRISTINA DOS SANTOS,KÊNIA DA SAÚDE,F,03/10/1972,Válido,77
77011,655,Suplente,JOSÉ RUFINO DA SILVA,RUFINO DO IBURA,M,03/10/1957,Válido,77
77900,811,Suplente,JOSÉ FRANCISCO TAVARES NETO,NETO DA SAÚDE,M,30/06/1989,Válido,77
77700,371,Suplente,LUCIANO ANTONIO OLIVEIRA DA SILVA,LUCIANO OLIVEIRA,M,09/03/1972,Válido,77
77300,176,Suplente,GERUSA DIAS DE LIMA,GERUSA DA SAÚDE,F,28/12/1963,Válido,77
77190,133,Suplente,ALADIN DOS SANTOS RAMOS,ALADIN,M,09/10/1971,Válido,77
77778,364,Suplente,FREDERICO BARRETO TENÓRIO AOUN,FRED AOUN,M,04/05/1960,Válido,77
77707,69,Suplente,VANESSA MARTINS SILVA,VANESSA MARTINS,F,08/06/1985,Válido,77
77231,110,Suplente,AURIMÉCIA DE SENA SOUZA,MERCIA DA IMBIRIBEIRA,F,18/09/1961,Válido,77
77147,261,Suplente,JOSUÉ AUGUSTO DA SILVA,JOSUÉ AUGUSTO,M,01/05/1958,Válido,77
77777,8359,Eleito,RODRIGO BEZERRA COUTINHO DE MELO,RODRIGO COUTINHO,M,17/09/1993,Válido,77
77577,444,Suplente,WELLINGTON JOSÉ GOMES,WELLINGTON JOSÉ,M,26/05/1974,Válido,77
77999,2148,Suplente,ISRAEL BARBOSA VAZ,ISRAEL VAZ,M,21/02/1968,Válido,77
77124,491,Suplente,MURILO VITORIANO DE MENDONÇA,MURILO MENDONÇA,M,01/10/1945,Válido,77
77677,2556,Suplente,ELSON CARLOS FERREIRA DO NASCIMENTO,ELSON DA ÓTICA,M,04/11/1979,Válido,77
77400,53,Suplente,MARINETE MACHADO DA SILVA,MARINETE MACHADO,F,31/10/1946,Válido,77
77555,690,Suplente,DAVI CÂNDIDO DE MELO JÚNIOR,DAVI DO ESPAÇO ABERTO,M,19/07/1970,Válido,77
77956,110,Suplente,ARLETE MARIA DA PENHA MOREIRA,PROFESSORA ARLETE MOREIRA,F,28/02/1956,Válido,77
77888,671,Suplente,GIVANILDO CÂNDIDO DA SILVA,GIVANILDO CÂNDIDO,M,04/09/1970,Válido,77
77133,1613,Suplente,ERIVELTE PEREIRA DA SILVA,PROFESSOR ERIVELTE,M,21/05/1978,Válido,77
77771,172,Suplente,VALDEMAR FRANCISCO DA SILVA,DEMAR,M,05/10/1961,Válido,77
77100,1145,Suplente,NAZIEL JOAQUIM BEZERRA DA SILVA,IRMÃO BOBY DO TÁXI,M,04/04/1982,Válido,77
77774,114,Suplente,DAVYISON DOS SANTOS,PELEZINHO,M,08/12/1991,Válido,77
77321,5908,Eleito,PAULO SÉRGIO MOREIRA MUNIZ FILHO,PAULO MUNIZ,M,28/07/1977,Válido,77
77234,288,Suplente,JORGE TADEU BEZERRA DO NASCIMENTO,TADEU DA SAÚDE,M,15/07/1973,Válido,77
77722,41,Suplente,ANA PAULA DE OLIVEIRA MELO,ANA PAULA,F,02/03/1975,Válido,77
77444,88,Suplente,OSIAS AMARAL DE LYRA,OSIAS GUERREIRO,M,09/05/1964,Válido,77
77477,325,Suplente,EDSON ALVES LEITE,EDSON ALVES,M,13/04/1966,Válido,77
77001,80,Suplente,MÁRCIA REGINA RODRIGUES DE MELO,MÁRCIA REGINA,F,06/10/1961,Válido,77
77333,392,Suplente,ANDERSON SARINHO RIBEIRO,CÓ DO POVO,M,04/12/1984,Válido,77
77022,22,Suplente,GERALDO CELESTINO DE ALMEIDA,GERALDO ALMEIDA,M,19/10/1945,Válido,77
77200,36,Suplente,VALDENICE FERREIRA DE MENDONÇA,IRMÃ NICE,F,28/08/1974,Válido,77
77020,823,Suplente,CARLOS ALBERTO CRISTOVÃO DOS SANTOS,ALBERTO DA INTERNET,M,08/06/1978,Válido,77
77537,746,Suplente,MARCELO CÉSAR SANTOS,MARCELO DA COOPERATIVA,M,02/06/1970,Válido,77
77619,27,Suplente,SIMONE ADELINA LOPES,SIMONE LOPES,F,26/03/1971,Válido,77
77222,301,Suplente,PAULO BELENCE ALVES DOS PRAZERES,PAULO BELENCE,M,14/03/1955,Válido,77
77137,202,Suplente,EMANUELLE VALESCA ALVES DE SOUZA,MANU ALVES,F,19/02/1996,Válido,77
77123,1586,Suplente,JOSIAS TEIXEIRA DO AMARAL,JOSIAS AMARAL,M,15/12/1958,Válido,77
77678,1412,Suplente,MÁRCIO BARBOSA DA SILVA,MÁRCIO DO CARBURADOR,M,21/08/1964,Válido,77
77877,700,Suplente,CLAUDIONORA DA SILVA FERREIRA,KAL FERREIRA,F,07/09/1971,Válido,77
77177,1449,Suplente,THIAGO MUNIZ DE LIRA,MISSIONÁRIO THIAGO LIRA,M,12/07/1988,Válido,77
77977,2572,Suplente,WALDOMIRO AMORIM ROLIM MOTA,PROFESSOR MIRINHO,M,31/12/1977,Válido,77
10710,401,Suplente,ADILSON PEREIRA DE LIMA,ADILSON BITO,M,29/10/1979,Válido,10
10137,44,Suplente,MARIA JOSÉ PEQUENO,MARIA JOSÉ,F,17/08/1958,Válido,10
10111,734,Suplente,ADEILSON MARTINS DOS SANTOS,PASTOR LELINHO,M,12/11/1981,Válido,10
10003,1076,Suplente,DARIO PESSOA DE BARROS,DÁRIO PESSOA,M,02/04/1969,Válido,10
10300,663,Suplente,JOSEMAR DA SILVA,NINO BIKE,M,20/09/1972,Válido,10
10100,79,Suplente,SANDRA MARIA DA MOTTA,SANDRA MOTTA,F,30/10/1970,Válido,10
10444,606,Suplente,GERALDO LUIZ RIBEIRO,GERALDO DA FOTO,M,14/12/1961,Válido,10
10321,532,Suplente,CLAUDIO JOSE ALVES,SULA,M,03/10/1962,Válido,10
10333,673,Suplente,JOSENILDO SINESIO DA SILVA,JOSENILDO SINESIO,M,14/03/1964,Válido,10
10000,4856,Suplente,GILBERTO DARIO DE MELO ALVES,GILBERTO ALVES,M,25/02/1966,Válido,10
10011,42,Suplente,ELAINE FONSECA ARRUDA PRESBITERO,ELAINE PRESBITERO,F,30/11/1972,Válido,10
10555,805,Suplente,ANTONIO JOSE DA SILVA OLIVEIRA,ANTÔNIO DE BRASÍLIA,M,02/02/1963,Válido,10
10322,18,Suplente,ANA MARIA ZEFERINO SILVA,ANA ZEFERINO,F,03/01/1967,Válido,10
10678,89,Suplente,MARIA ISABEL DE ALBUQUERQUE DA SILVA,ISABEL ALBUQUERQUE,F,14/09/1972,Válido,10
10665,832,Suplente,LEONILDO ALEXANDRINO DO NASCIMENTO,NIDO DO POEIRÃO,M,19/05/1965,Válido,10
10040,141,Suplente,ROSANGELA BRASIL GALINDO DE MELO,ROSINHA DE CARLOS RODOLFO,F,03/09/1967,Válido,10
10310,45,Suplente,THIAGO HENRIQUE ALVES ESPIRITO SANTO,HENRIQUE ESPIRITO SANTO,M,14/09/1981,Válido,10
10007,52,Suplente,NAZARE ARCELINO DOMINGOS DA SILVA,NAZARÉ,F,15/08/1978,Válido,10
10010,37,Suplente,AUGUSTO MELO DA SILVA,AUGUSTO MELO,M,19/12/1984,Válido,10
10123,7901,Eleito,ANA LUCIA DO REGO FERREIRA,PROFESSORA ANA LÚCIA,F,16/07/1971,Válido,10
10090,132,Suplente,LUIZ HENRIQUE VIDAL DOS SANTOS,LULA LULEMBURGO,M,28/04/1969,Válido,10
10644,167,Suplente,GRIMAURO FELIPE SILVA DE SOUZA,FELIPE SILVA,M,31/07/1990,Válido,10
10999,626,Suplente,ANDREA PAULA PEREIRA DE ALBUQUERQUE,ANDREA PAULA,F,28/03/1966,Válido,10
10234,461,Suplente,LOURIVALDO CANDIDO DE AMORIM,MENININHO,M,12/08/1967,Válido,10
10033,95,Suplente,FRANK SINATRA DA SILVA SOUZA,FRANK SINATRA,M,04/12/1961,Válido,10
10610,954,Suplente,ADRIANO DE LIMA DANTAS,PACHECO,M,27/08/1972,Válido,10
10222,86,Suplente,PERICLES DE MEDEIROS CAVALCANTI DA SILVA,DR. PÉRICLES VETERINÁRIO,M,07/03/1970,Válido,10
10150,209,Suplente,CLAUDIO AUGUSTO VARELA AYRES DE MELO,CLAUDIO MELO,M,16/01/1961,Válido,10
10910,507,Suplente,ADEMARIO ALVES GOMES JUNIOR,BOM,M,13/08/1970,Válido,10
10789,74,Suplente,OSVALDO ALVES CAVALCANTE,OSVALDO ALVES CAVALCANTE,M,10/03/1965,Válido,10
10113,102,Suplente,MARCONI FRANCISCO DA SILVA,MARCONI STYLE BRASIL,M,28/03/1988,Válido,10
10510,352,Suplente,NADILENE PEREIRA RIBEIRO DA SILVA,NADILENE RIBEIRO,F,24/09/1969,Válido,10
10777,155,Suplente,JOSILDA ALVES DE SANTANA,JOSILDA SANTANA,F,08/03/1972,Válido,10
10355,19,Suplente,SILVIA FABIANA PADILHA COSTA,SILVIA PADILHA,F,22/11/1977,Válido,10
10900,463,Suplente,ZELIA FERNANDES NERY,IRMÃ ZELIA NERY,F,16/10/1954,Válido,10
10810,262,Suplente,MANUEL SIMÃO PASSOS DE MELO,MANUEL SIMÃO,M,19/12/1983,Válido,10
10556,242,Suplente,JULIANA MENDES CORREIA,PROF. JULIANA MENDES,F,19/03/1978,Válido,10
10628,109,Suplente,MADUQUEU ANTONIO RODRIGUES DA SILVA,MADUQUEU,M,23/05/1974,Válido,10
10654,497,Suplente,JOSE ROGERIO VELOSO,CABO ROGERIO VELOSO,M,29/11/1977,Válido,10
10192,70,Suplente,JOSEVAN DA SILVA FERREIRA,VAN DO FORRO,M,12/02/1975,Válido,10
10888,939,Suplente,JOÃO AGOSTINHO LIMA FERRAZ,AGOSTINHO FERRAZ,M,03/08/1971,Válido,10
10520,195,Suplente,WALMIR CAETANO RODRIGUES,IRMÃO WALMIR,M,18/01/1972,Válido,10
10566,154,Suplente,JAIME JOSÉ CAVALCANTI DE LIRA,JAIME CAVALCANTI,M,10/12/1964,Válido,10
10744,240,Suplente,ANDRE  JOSE DO NASCIMENTO,ANDRE CABELEREIRO,M,19/06/1969,Válido,10
10500,310,Suplente,JOSÉ HUMBERTO DA SILVA,HUMBERTO MARRETA,M,25/05/1956,Válido,10
10190,611,Suplente,JELTON DOS SANTOS PASSOS,JELTON,M,10/06/1970,Válido,10
10211,616,Suplente,CARLOS ROBERTO PEREIRA DUTRA,CARLOS SOPINHA,M,03/11/1974,Válido,10
10144,989,Suplente,IGOR ALVES DE LIMA,IGOR ALVES A VOZ DO POVO,M,10/12/1977,Válido,10
10110,607,Suplente,RAPHAEL DA SILVA LIMA,RAFA LIMA,M,06/09/1979,Válido,10
10223,81,Suplente,ELIENE TEIXEIRA DE MELO,ELIENE TEIXEIRA,F,02/06/1968,Válido,10
10181,126,Suplente,CLAUDIA BANDEIRA RIBEIRO,CLAUDIA BANDEIRA,F,26/02/1969,Válido,10
10800,485,Suplente,EZEQUIEL GOMES DA SILVA FILHO,EZEQUIEL DA SAUDE,M,19/08/1969,Válido,10
10112,105,Suplente,TACIANE CRISTINA DE OLIVEIRA VIEIRA,TACI SOARES,F,24/01/1993,Válido,10
10101,301,Suplente,ALEXANDRE BORGES DA SILVA,ENFERMEIRO ALEXANDRE BORGES,M,12/11/1971,Válido,10
80123,61,Não eleito,VICTOR HUGO DE FREITAS CAVALCANTI,VICTOR HUGO,M,11/10/1996,Válido,80
80007,64,Não eleito,MANUEL AIRES DE MOURA,MANUEL AIRES,M,14/03/1943,Válido,80
80580,63,Não eleito,RAIMUNDO DE SOUZA MALHEIROS,RAIMUNDO MALHEIROS,M,09/09/1958,Válido,80
80000,93,Não eleito,VIVIAN TRAJANO ALVES,VIVIAN ALVES,F,15/07/1993,Válido,80
80456,116,Não eleito,ISAIAS BASTOS DA SILVA,ISAIAS BASTOS,M,23/02/1949,Válido,80
80002,57,Não eleito,JOSE ALEXANDRE DA SILVA,ALEXANDRE JOGADOR,M,22/08/1966,Válido,80
80080,121,Não eleito,MARIA OFELIA DA SILVA,OFÉLIA,F,05/05/1975,Válido,80
80100,37,Não eleito,KAMILA NASCIMENTO SANTANA,KAMILA NASCIMENTO,F,19/06/1998,Válido,80
19149,202,Suplente,SUELEM DE ANDRADE MATOS,SUELEM MATOS,F,14/03/1985,Válido,19
19998,99,Suplente,FABIANA RODRIGUES DE ARRUDA AZEVEDO,FABI,F,19/07/1977,Válido,19
19242,106,Suplente,ROSSIANE EBRAHIM DOWSLEY COURA DE MENEZES,ROSSIANE EBRAHIM,F,09/06/1974,Válido,19
19321,218,Suplente,MANOELA MARANHÃO MELO LIMA,MANOELA MARANHAO,F,17/11/1985,Válido,19
19219,149,Suplente,JUNIO MANOEL DA SILVA,JUNIO DUMAR,M,01/11/1970,Válido,19
19345,477,Suplente,DANIEL TORRES BANDEIRA,DANIEL BANDEIRA,M,21/09/1972,Válido,19
19131,128,Suplente,PRYSCYLLA DE AQUINO BARBOSA,PRYSCYLLA AQUINO,F,13/01/1986,Válido,19
19001,242,Suplente,PRISCILA DA SILVA NERI,PRISCILA NERI,F,30/12/1991,Válido,19
19356,8,Suplente,MICHELE FRANCIS ALBUQUERQUE LIMA DE ANDRADE,MISSIONARIA MICHELLE FRANCIS,F,13/07/1978,Válido,19
19655,305,Suplente,ALEXANDRE INACIO DA SILVA,ALEXANDRE INACIO,M,14/08/1973,Válido,19
19519,208,Suplente,EDIVALDO VALENTIN DA SILVA,EDIVALDO VALENTIN,M,15/09/1952,Válido,19
19456,984,Suplente,ANTONIO MARCO MENDES DOS SANTOS,MARCO SERA,M,13/06/1973,Válido,19
19087,549,Suplente,EVERALDO BEZERRA LEITE JUNIOR,EVERALDO VEVE,M,29/12/1979,Válido,19
19555,960,Suplente,ANDERSON SANTANA DA SILVA,ANDERSON TROVAO,M,14/06/1989,Válido,19
19595,136,Suplente,MARIA DO CARMO COSTA SILVA,MISSIONARIA SOFIA,F,18/06/1962,Válido,19
19444,501,Suplente,RICARDO TIBURCIO DA SILVA,RICARDO DO POVO,M,29/09/1969,Válido,19
19045,224,Suplente,ROMERO PEREIRA DE ARRUDA FILHO,ROMERO FILHO,M,12/09/1985,Válido,19
19077,1058,Suplente,JOSIAS GOMES DA SILVA,IRMAO JOSIAS,M,02/10/1975,Válido,19
19666,65,Suplente,MARIA CELESTE CARNEIRO BARBOSA DA SILVA,CELESTE BARBOSA,F,29/05/1961,Válido,19
19669,115,Suplente,ALBA MARIA DE AGUIAR DO CARMO,ALBA AGUIAR,F,23/10/1969,Válido,19
19234,300,Suplente,DARIO LACERDA,GARRINCHA  DA JOÃO,M,17/04/1970,Válido,19
19889,115,Suplente,ADRIANA BACHMANN,ADRIANA BACHMANN,F,08/09/1966,Válido,19
19190,723,Suplente,GABRIEL FREITAS SILVA BARRETO CAMPELLO,GABRIEL BARRETO CAMPELLO,M,16/04/1985,Válido,19
19177,386,Suplente,ADEILSON DE HOLANDA LUCENA,ADEILSON LUCENA CABEÇA,M,06/03/1974,Válido,19
19235,219,Suplente,SEBASTIANA DA COSTA BELÉM,BEZINHA BELEM,F,13/04/1955,Válido,19
19338,77,Suplente,RONALDO VICENTE DE ARAUJO,RONALDO VICENTE,M,18/09/1976,Válido,19
19819,219,Suplente,LUCIANO BARROS DE OLIVEIRA,LUCIANO BARROS CANIÇO,M,15/11/1969,Válido,19
19006,76,Suplente,JULIANA RIBEIRO NORONHA DE LIRA,JULIANA DO COLETIVO RECIFE,F,24/06/1993,Válido,19
19777,1008,Suplente,GERALDO TAVARES DA SILVA,GT,M,31/01/1965,Válido,19
19220,115,Suplente,KLEBER MOREIRA DE PAIVA,KEKEL DA COMUNIDADE,M,11/10/1980,Válido,19
19111,1100,Suplente,FLAVIO RODRIGO PEDROSA DE VASCONCELOS,FLAVIO VASCONCELOS,M,05/08/1988,Válido,19
19119,49,Suplente,GLEYSON DA SILVA PEDROSA,GLEYSON PEDROSA,M,22/08/1979,Válido,19
19990,173,Suplente,CRISTIANO CESAR DE ANDRADE DOS ANJOS,CRISTIANO,M,21/09/1979,Válido,19
19200,114,Suplente,MAVIAEL ALVES DA SILVA,VIVI DA FUNERARIA,M,31/05/1971,Válido,19
19033,8,Suplente,MARCIA MARIA DOS ANJOS SILVA,MISSIONARIA MARCIA,F,01/07/1979,Válido,19
19138,46,Suplente,ALFREDO JOSE DE MELO CAVALCANTI,ALFREDO CAVALCANTI,M,12/09/1966,Válido,19
19000,457,Suplente,THIAGO DE MEDEIROS LIRA,THIAGO LIRA,M,17/10/1983,Válido,19
19222,131,Suplente,GILBERTO AMARAL,AMARAL DO SAMBA,M,27/10/1963,Válido,19
19199,234,Suplente,HUGO LEONARDO DO NASCIMENTO,LEO CARA DE JACA,M,14/01/1980,Válido,19
19999,533,Suplente,GERALDO DOMINGOS DA SILVA,GERALDO DOMINGOS,M,05/12/1963,Válido,19
19123,4133,Suplente,WEBERSON FLAVIO SOBRAL FLORENCIO,WEBERSON,M,03/11/1991,Válido,19
19007,429,Suplente,LUCIANO ALVES DE MOURA MARQUES,LUCIANO MOURA,M,05/03/1981,Válido,19
19955,216,Suplente,FABIO ALEXANDRE DA COSTA FERRAJOTA PEDRO,FOFÃO DJ,M,23/02/1980,Válido,19
19991,97,Suplente,MARIA DO SOCORRO CANTANHEDE,SOCORRO DO CAPIBAR,F,18/09/1960,Válido,19
19615,560,Suplente,ELCIO SILVA CAVALCANTI,DR. ELCIO,M,26/07/1961,Válido,19
19191,134,Suplente,SIRLEY ALVES BONFIM,SIRLEY BONFIM,F,17/01/1959,Válido,19
19038,170,Suplente,ADILSON SANTIAGO,SANTIAGO,M,23/07/1970,Válido,19
19900,991,Suplente,LEONILDO MOYSES MARQUES,SARGENTO MARQUES,M,27/04/1980,Válido,19
19619,61,Suplente,CARMELO MANOEL DE SOUSA JUNIOR,CARMELO JUNIOR,M,09/03/1972,Válido,19
19146,302,Suplente,JOSE ADRIANO DA SILVA,ADRIANO SILVA NEGÃO ABENÇOADO,M,09/04/1973,Válido,19
19100,12207,Eleito,JOSE IVANILDO DE MOURA JUNIOR,PASTOR JÚNIOR TÉRCIO,M,14/04/1986,Válido,19
19088,273,Suplente,PRESCILIO BORGES DE MELO,CORONEL PRESCILIO O AMIGO TILO,M,08/06/1963,Válido,19
19978,144,Suplente,ROSALINE MARIA DA SILVA AMORIM,ROSALINE SILVA,F,09/12/1978,Válido,19
19420,153,Suplente,CRISTIANO LINS DE LIMA,CRISTIANO LINS,M,11/09/1976,Válido,19
19500,911,Suplente,FRANCISCO ROSA DE ASSIS,SARGENTO ASSIS,M,28/05/1976,Válido,19
19106,62,Suplente,ERNESTO DE BRITO PRAÇA,ERNESTO DO ROSSI,M,16/11/1958,Válido,19
19019,5610,Eleito,TADEU HENRIQUE PIMENTEL CALHEIROS,DR TADEU CALHEIROS,M,25/02/1976,Válido,19
18185,88,Não eleito,ANÁLIA CARMEM SILVA DE ALMEIDA,CARMEM ALMEIDA,F,08/11/1968,Válido,18
18888,139,Não eleito,FABIO LUCENA CESAR DE ALBUQUERQUE,FABIO LUCENA ,M,18/10/1972,Válido,18
18018,45,Não eleito,DIÊGO ROBERTO DA SILVA,DIÊGO ROBERTO,M,10/01/1993,Válido,18
18300,67,Não eleito,LIVIA DA PAZ LIRA,LÍVIA LIRA,F,27/06/1977,Válido,18
